algorithm,experiment,condition,trial,network_seed,parameter_source,noise_type,noise_rate_hz,teacher_weight,ciphertext_bytes,simulation_wall_s,decoder_tie_fraction,victor_purpura_mean,van_rossum_mean,bit_errors,ber,ciphertext_byte_accuracy,exact_ciphertext_recovery,decryption_success,exact_plaintext_recovery,plaintext_byte_accuracy,unit_id,model_trial,payload_id,noise_replicate,noise_seed,plaintext_bytes,noise_exc_weight,noise_inh_weight,noise_weight_fraction_of_l1_l2
S-DES,full_noise_campaign,es_stdp_teacher_off,0,205402916,ES+STDP teacher-free,none,0.0,0.0,105,0.5495747341774404,0.009523809523809525,71.57437499999995,6.166442498036604,1,0.0011904761904761906,0.9904761904761905,False,True,False,0.9904761904761905,S-DES|m0|p0|r0,0,0,0,190784071,105,145.61801952063576,-145.61801952063576,0.1
S-DES,full_noise_campaign,es_stdp_teacher_off,0,205402916,ES+STDP teacher-free,poisson_excitatory,5.0,0.0,105,0.533888045931235,0.011904761904761904,71.62499999999996,6.182050654407872,2,0.002380952380952381,0.9809523809523809,False,True,False,0.9809523809523809,S-DES|m0|p0|r0,0,0,0,278877910,105,145.61801952063576,-145.61801952063576,0.1
S-DES,full_noise_campaign,es_stdp_teacher_off,0,205402916,ES+STDP teacher-free,poisson_excitatory,10.0,0.0,105,0.5325551761779934,0.016666666666666666,72.39374999999995,6.236700059836177,4,0.004761904761904762,0.9619047619047619,False,True,False,0.9619047619047619,S-DES|m0|p0|r0,0,0,0,1714456944,105,145.61801952063576,-145.61801952063576,0.1
S-DES,full_noise_campaign,es_stdp_teacher_off,0,205402916,ES+STDP teacher-free,poisson_excitatory,25.0,0.0,105,0.5309651950374246,0.036904761904761905,75.16062499999997,6.429159199890092,13,0.015476190476190477,0.8761904761904762,False,True,False,0.8761904761904762,S-DES|m0|p0|r0,0,0,0,1917772909,105,145.61801952063576,-145.61801952063576,0.1
S-DES,full_noise_campaign,es_stdp_teacher_off,0,205402916,ES+STDP teacher-free,poisson_excitatory,50.0,0.0,105,0.54568823100999,0.08214285714285714,83.09749999999997,6.980733021748574,36,0.04285714285714286,0.7142857142857143,False,True,False,0.7142857142857143,S-DES|m0|p0|r0,0,0,0,1766989372,105,145.61801952063576,-145.61801952063576,0.1
S-DES,full_noise_campaign,es_stdp_teacher_off,0,205402916,ES+STDP teacher-free,poisson_excitatory,100.0,0.0,105,0.5381837720051408,0.18928571428571428,99.96312499999996,8.113393460255537,76,0.09047619047619047,0.5047619047619047,False,True,False,0.5047619047619047,S-DES|m0|p0|r0,0,0,0,704363219,105,145.61801952063576,-145.61801952063576,0.1
S-DES,full_noise_campaign,es_stdp_teacher_off,0,205402916,ES+STDP teacher-free,poisson_inhibitory,5.0,0.0,105,0.5422990778461099,0.007142857142857143,71.92562499999997,6.176944238850223,1,0.0011904761904761906,0.9904761904761905,False,True,False,0.9904761904761905,S-DES|m0|p0|r0,0,0,0,1316112746,105,145.61801952063576,-145.61801952063576,0.1
S-DES,full_noise_campaign,es_stdp_teacher_off,0,205402916,ES+STDP teacher-free,poisson_inhibitory,10.0,0.0,105,0.5374032368417829,0.009523809523809525,72.62374999999994,6.215577681279636,3,0.0035714285714285713,0.9714285714285714,False,True,False,0.9714285714285714,S-DES|m0|p0|r0,0,0,0,266905297,105,145.61801952063576,-145.61801952063576,0.1
S-DES,full_noise_campaign,es_stdp_teacher_off,0,205402916,ES+STDP teacher-free,poisson_inhibitory,25.0,0.0,105,0.5344341839663684,0.011904761904761904,73.863125,6.273643027017236,5,0.005952380952380952,0.9523809523809523,False,True,False,0.9523809523809523,S-DES|m0|p0|r0,0,0,0,462867404,105,145.61801952063576,-145.61801952063576,0.1
S-DES,full_noise_campaign,es_stdp_teacher_off,0,205402916,ES+STDP teacher-free,poisson_inhibitory,50.0,0.0,105,0.5353436409495771,0.02738095238095238,76.32437499999995,6.42073390558069,15,0.017857142857142856,0.8571428571428572,False,True,False,0.8571428571428572,S-DES|m0|p0|r0,0,0,0,9056795,105,145.61801952063576,-145.61801952063576,0.1
S-DES,full_noise_campaign,es_stdp_teacher_off,0,205402916,ES+STDP teacher-free,poisson_inhibitory,100.0,0.0,105,0.534621108090505,0.13333333333333333,80.35437499999999,6.766000327458761,78,0.09285714285714286,0.49523809523809526,False,True,False,0.49523809523809526,S-DES|m0|p0|r0,0,0,0,2124394643,105,145.61801952063576,-145.61801952063576,0.1
S-DES,full_noise_campaign,es_stdp_teacher_off,0,205402916,ES+STDP teacher-free,poisson_mixed,5.0,0.0,105,0.5351270290557295,0.009523809523809525,71.58499999999995,6.167011430416572,2,0.002380952380952381,0.9809523809523809,False,True,False,0.9809523809523809,S-DES|m0|p0|r0,0,0,0,1420034054,105,145.61801952063576,-145.61801952063576,0.1
S-DES,full_noise_campaign,es_stdp_teacher_off,0,205402916,ES+STDP teacher-free,poisson_mixed,10.0,0.0,105,0.5366342109628022,0.010714285714285714,72.17624999999998,6.205254767040499,3,0.0035714285714285713,0.9714285714285714,False,True,False,0.9714285714285714,S-DES|m0|p0|r0,0,0,0,680874395,105,145.61801952063576,-145.61801952063576,0.1
S-DES,full_noise_campaign,es_stdp_teacher_off,0,205402916,ES+STDP teacher-free,poisson_mixed,25.0,0.0,105,0.5336538129486144,0.013095238095238096,72.57062499999995,6.228215553088324,4,0.004761904761904762,0.9619047619047619,False,True,False,0.9619047619047619,S-DES|m0|p0|r0,0,0,0,1022049440,105,145.61801952063576,-145.61801952063576,0.1
S-DES,full_noise_campaign,es_stdp_teacher_off,0,205402916,ES+STDP teacher-free,poisson_mixed,50.0,0.0,105,0.536455905996263,0.017857142857142856,75.34562499999998,6.389473726535476,6,0.007142857142857143,0.9428571428571428,False,True,False,0.9428571428571428,S-DES|m0|p0|r0,0,0,0,670549585,105,145.61801952063576,-145.61801952063576,0.1
S-DES,full_noise_campaign,es_stdp_teacher_off,0,205402916,ES+STDP teacher-free,poisson_mixed,100.0,0.0,105,0.533257549861446,0.04642857142857143,78.14624999999998,6.589713333311011,16,0.01904761904761905,0.8571428571428572,False,True,False,0.8571428571428572,S-DES|m0|p0|r0,0,0,0,1720683283,105,145.61801952063576,-145.61801952063576,0.1
S-DES,full_noise_campaign,es_stdp_teacher_off,0,2067333786,ES+STDP teacher-free,none,0.0,0.0,105,0.5330994939431548,0.009523809523809525,71.57437499999995,6.166442498036604,1,0.0011904761904761906,0.9904761904761905,False,True,False,0.9904761904761905,S-DES|m0|p0|r1,0,0,1,1688029518,105,145.61801952063576,-145.61801952063576,0.1
S-DES,full_noise_campaign,es_stdp_teacher_off,0,2067333786,ES+STDP teacher-free,poisson_excitatory,5.0,0.0,105,0.540667604887858,0.005952380952380952,71.40624999999994,6.163779279899687,1,0.0011904761904761906,0.9904761904761905,False,True,False,0.9904761904761905,S-DES|m0|p0|r1,0,0,1,297415606,105,145.61801952063576,-145.61801952063576,0.1
S-DES,full_noise_campaign,es_stdp_teacher_off,0,2067333786,ES+STDP teacher-free,poisson_excitatory,10.0,0.0,105,0.5422151091042906,0.013095238095238096,71.91874999999996,6.204448398320276,4,0.004761904761904762,0.9619047619047619,False,True,False,0.9619047619047619,S-DES|m0|p0|r1,0,0,1,1136335219,105,145.61801952063576,-145.61801952063576,0.1
S-DES,full_noise_campaign,es_stdp_teacher_off,0,2067333786,ES+STDP teacher-free,poisson_excitatory,25.0,0.0,105,0.5339639210142195,0.036904761904761905,75.87687499999998,6.4756406895666885,12,0.014285714285714285,0.8952380952380953,False,True,False,0.8952380952380953,S-DES|m0|p0|r1,0,0,1,1472558200,105,145.61801952063576,-145.61801952063576,0.1
S-DES,full_noise_campaign,es_stdp_teacher_off,0,2067333786,ES+STDP teacher-free,poisson_excitatory,50.0,0.0,105,0.5333154718391597,0.08452380952380953,83.08062499999997,6.999691392798507,41,0.04880952380952381,0.6666666666666667,False,True,False,0.6666666666666667,S-DES|m0|p0|r1,0,0,1,1289326153,105,145.61801952063576,-145.61801952063576,0.1
S-DES,full_noise_campaign,es_stdp_teacher_off,0,2067333786,ES+STDP teacher-free,poisson_excitatory,100.0,0.0,105,0.5341305481269956,0.18571428571428572,100.14312499999997,8.13818549520991,71,0.08452380952380953,0.5523809523809524,False,True,False,0.5523809523809524,S-DES|m0|p0|r1,0,0,1,1323703401,105,145.61801952063576,-145.61801952063576,0.1
S-DES,full_noise_campaign,es_stdp_teacher_off,0,2067333786,ES+STDP teacher-free,poisson_inhibitory,5.0,0.0,105,0.5338573961053044,0.013095238095238096,72.02437499999996,6.1848467454848235,3,0.0035714285714285713,0.9714285714285714,False,True,False,0.9714285714285714,S-DES|m0|p0|r1,0,0,1,1331113026,105,145.61801952063576,-145.61801952063576,0.1
S-DES,full_noise_campaign,es_stdp_teacher_off,0,2067333786,ES+STDP teacher-free,poisson_inhibitory,10.0,0.0,105,0.5331799078267068,0.010714285714285714,72.45374999999994,6.197453345461631,2,0.002380952380952381,0.9809523809523809,False,True,False,0.9809523809523809,S-DES|m0|p0|r1,0,0,1,711145172,105,145.61801952063576,-145.61801952063576,0.1
S-DES,full_noise_campaign,es_stdp_teacher_off,0,2067333786,ES+STDP teacher-free,poisson_inhibitory,25.0,0.0,105,0.5344203189015388,0.014285714285714285,73.91312499999998,6.275850679873109,4,0.004761904761904762,0.9619047619047619,False,True,False,0.9619047619047619,S-DES|m0|p0|r1,0,0,1,1042111447,105,145.61801952063576,-145.61801952063576,0.1
S-DES,full_noise_campaign,es_stdp_teacher_off,0,2067333786,ES+STDP teacher-free,poisson_inhibitory,50.0,0.0,105,0.5326964231207967,0.03214285714285714,76.43999999999994,6.421401412844416,15,0.017857142857142856,0.8761904761904762,False,True,False,0.8761904761904762,S-DES|m0|p0|r1,0,0,1,620864040,105,145.61801952063576,-145.61801952063576,0.1
S-DES,full_noise_campaign,es_stdp_teacher_off,0,2067333786,ES+STDP teacher-free,poisson_inhibitory,100.0,0.0,105,0.5326116499491036,0.13333333333333333,80.26875,6.7680069864168235,78,0.09285714285714286,0.47619047619047616,False,True,False,0.47619047619047616,S-DES|m0|p0|r1,0,0,1,427956009,105,145.61801952063576,-145.61801952063576,0.1
S-DES,full_noise_campaign,es_stdp_teacher_off,0,2067333786,ES+STDP teacher-free,poisson_mixed,5.0,0.0,105,0.5400755798909813,0.010714285714285714,71.66124999999994,6.1747803769857175,3,0.0035714285714285713,0.9714285714285714,False,True,False,0.9714285714285714,S-DES|m0|p0|r1,0,0,1,54624173,105,145.61801952063576,-145.61801952063576,0.1
S-DES,full_noise_campaign,es_stdp_teacher_off,0,2067333786,ES+STDP teacher-free,poisson_mixed,10.0,0.0,105,0.5359753160737455,0.008333333333333333,71.85374999999996,6.177256590269671,1,0.0011904761904761906,0.9904761904761905,False,True,False,0.9904761904761905,S-DES|m0|p0|r1,0,0,1,1307732577,105,145.61801952063576,-145.61801952063576,0.1
S-DES,full_noise_campaign,es_stdp_teacher_off,0,2067333786,ES+STDP teacher-free,poisson_mixed,25.0,0.0,105,0.5300349639728665,0.011904761904761904,72.39624999999992,6.2086712858859965,5,0.005952380952380952,0.9523809523809523,False,True,False,0.9523809523809523,S-DES|m0|p0|r1,0,0,1,1502349150,105,145.61801952063576,-145.61801952063576,0.1
S-DES,full_noise_campaign,es_stdp_teacher_off,0,2067333786,ES+STDP teacher-free,poisson_mixed,50.0,0.0,105,0.5474704140797257,0.017857142857142856,74.64999999999995,6.358522429084664,5,0.005952380952380952,0.9523809523809523,False,True,False,0.9523809523809523,S-DES|m0|p0|r1,0,0,1,1116798347,105,145.61801952063576,-145.61801952063576,0.1
S-DES,full_noise_campaign,es_stdp_teacher_off,0,2067333786,ES+STDP teacher-free,poisson_mixed,100.0,0.0,105,0.5328197639901191,0.04880952380952381,78.50187499999996,6.606186649514887,16,0.01904761904761905,0.8761904761904762,False,True,False,0.8761904761904762,S-DES|m0|p0|r1,0,0,1,2035616162,105,145.61801952063576,-145.61801952063576,0.1
S-DES,full_noise_campaign,es_stdp_teacher_off,0,234641657,ES+STDP teacher-free,none,0.0,0.0,105,0.5301864759530872,0.0035714285714285713,71.66499999999999,6.165614067096843,2,0.002380952380952381,0.9809523809523809,False,True,False,0.9809523809523809,S-DES|m0|p1|r0,0,1,0,284847773,105,145.61801952063576,-145.61801952063576,0.1
S-DES,full_noise_campaign,es_stdp_teacher_off,0,234641657,ES+STDP teacher-free,poisson_excitatory,5.0,0.0,105,0.5307866160292178,0.007142857142857143,71.72937500000003,6.176666464565921,4,0.004761904761904762,0.9619047619047619,False,True,False,0.9619047619047619,S-DES|m0|p1|r0,0,1,0,2005069926,105,145.61801952063576,-145.61801952063576,0.1
S-DES,full_noise_campaign,es_stdp_teacher_off,0,234641657,ES+STDP teacher-free,poisson_excitatory,10.0,0.0,105,0.5338753189425915,0.010714285714285714,72.02249999999998,6.205632360206758,6,0.007142857142857143,0.9428571428571428,False,True,False,0.9428571428571428,S-DES|m0|p1|r0,0,1,0,146575921,105,145.61801952063576,-145.61801952063576,0.1
S-DES,full_noise_campaign,es_stdp_teacher_off,0,234641657,ES+STDP teacher-free,poisson_excitatory,25.0,0.0,105,0.5343452889937907,0.02023809523809524,75.43624999999994,6.4226571912709165,10,0.011904761904761904,0.9047619047619048,False,True,False,0.9047619047619048,S-DES|m0|p1|r0,0,1,0,482541356,105,145.61801952063576,-145.61801952063576,0.1
S-DES,full_noise_campaign,es_stdp_teacher_off,0,234641657,ES+STDP teacher-free,poisson_excitatory,50.0,0.0,105,0.5290660678874701,0.0761904761904762,83.44625,6.9563008875045025,31,0.036904761904761905,0.7523809523809524,False,True,False,0.7523809523809524,S-DES|m0|p1|r0,0,1,0,131990907,105,145.61801952063576,-145.61801952063576,0.1
S-DES,full_noise_campaign,es_stdp_teacher_off,0,234641657,ES+STDP teacher-free,poisson_excitatory,100.0,0.0,105,0.5323968750890344,0.17976190476190476,99.03249999999994,8.06911361327857,89,0.10595238095238095,0.4571428571428572,False,True,False,0.4571428571428572,S-DES|m0|p1|r0,0,1,0,676218848,105,145.61801952063576,-145.61801952063576,0.1
S-DES,full_noise_campaign,es_stdp_teacher_off,0,234641657,ES+STDP teacher-free,poisson_inhibitory,5.0,0.0,105,0.5278503699228168,0.007142857142857143,72.08000000000001,6.181800353312693,4,0.004761904761904762,0.9714285714285714,False,True,False,0.9714285714285714,S-DES|m0|p1|r0,0,1,0,695201746,105,145.61801952063576,-145.61801952063576,0.1
S-DES,full_noise_campaign,es_stdp_teacher_off,0,234641657,ES+STDP teacher-free,poisson_inhibitory,10.0,0.0,105,0.5329940658994019,0.007142857142857143,72.49062500000002,6.203029887297237,4,0.004761904761904762,0.9619047619047619,False,True,False,0.9619047619047619,S-DES|m0|p1|r0,0,1,0,1633992208,105,145.61801952063576,-145.61801952063576,0.1
S-DES,full_noise_campaign,es_stdp_teacher_off,0,234641657,ES+STDP teacher-free,poisson_inhibitory,25.0,0.0,105,0.5387578520458192,0.005952380952380952,73.91499999999999,6.2649963331357625,1,0.0011904761904761906,0.9904761904761905,False,True,False,0.9904761904761905,S-DES|m0|p1|r0,0,1,0,1964691725,105,145.61801952063576,-145.61801952063576,0.1
S-DES,full_noise_campaign,es_stdp_teacher_off,0,234641657,ES+STDP teacher-free,poisson_inhibitory,50.0,0.0,105,0.5303507330827415,0.023809523809523808,76.504375,6.413624230032076,12,0.014285714285714285,0.8952380952380953,False,True,False,0.8952380952380953,S-DES|m0|p1|r0,0,1,0,1845897948,105,145.61801952063576,-145.61801952063576,0.1
S-DES,full_noise_campaign,es_stdp_teacher_off,0,234641657,ES+STDP teacher-free,poisson_inhibitory,100.0,0.0,105,0.5386924601625651,0.14523809523809525,79.62562499999999,6.726699855432977,75,0.08928571428571429,0.48571428571428577,False,True,False,0.48571428571428577,S-DES|m0|p1|r0,0,1,0,2133478814,105,145.61801952063576,-145.61801952063576,0.1
S-DES,full_noise_campaign,es_stdp_teacher_off,0,234641657,ES+STDP teacher-free,poisson_mixed,5.0,0.0,105,0.5336952118668705,0.0035714285714285713,71.74312500000002,6.169151215310912,2,0.002380952380952381,0.9809523809523809,False,True,False,0.9809523809523809,S-DES|m0|p1|r0,0,1,0,1266252911,105,145.61801952063576,-145.61801952063576,0.1
S-DES,full_noise_campaign,es_stdp_teacher_off,0,234641657,ES+STDP teacher-free,poisson_mixed,10.0,0.0,105,0.5276977231260389,0.009523809523809525,72.41187500000001,6.204436188204294,5,0.005952380952380952,0.9523809523809523,False,True,False,0.9523809523809523,S-DES|m0|p1|r0,0,1,0,1069364699,105,145.61801952063576,-145.61801952063576,0.1
S-DES,full_noise_campaign,es_stdp_teacher_off,0,234641657,ES+STDP teacher-free,poisson_mixed,25.0,0.0,105,0.5331043768674135,0.01904761904761905,73.41125000000001,6.26876716169088,9,0.010714285714285714,0.9142857142857143,False,True,False,0.9142857142857143,S-DES|m0|p1|r0,0,1,0,734222560,105,145.61801952063576,-145.61801952063576,0.1
S-DES,full_noise_campaign,es_stdp_teacher_off,0,234641657,ES+STDP teacher-free,poisson_mixed,50.0,0.0,105,0.5279142030049115,0.017857142857142856,74.85187500000004,6.357154431788498,10,0.011904761904761904,0.9047619047619048,False,True,False,0.9047619047619048,S-DES|m0|p1|r0,0,1,0,819962641,105,145.61801952063576,-145.61801952063576,0.1
S-DES,full_noise_campaign,es_stdp_teacher_off,0,234641657,ES+STDP teacher-free,poisson_mixed,100.0,0.0,105,0.5288530369289219,0.047619047619047616,78.58874999999995,6.589442413824476,22,0.02619047619047619,0.8,False,True,False,0.8,S-DES|m0|p1|r0,0,1,0,2113691752,105,145.61801952063576,-145.61801952063576,0.1
S-DES,full_noise_campaign,es_stdp_teacher_off,0,2063296643,ES+STDP teacher-free,none,0.0,0.0,105,0.5268673209939152,0.0035714285714285713,71.66499999999999,6.165614067096843,2,0.002380952380952381,0.9809523809523809,False,True,False,0.9809523809523809,S-DES|m0|p1|r1,0,1,1,2134377846,105,145.61801952063576,-145.61801952063576,0.1
S-DES,full_noise_campaign,es_stdp_teacher_off,0,2063296643,ES+STDP teacher-free,poisson_excitatory,5.0,0.0,105,0.5320758281741291,0.007142857142857143,71.76812500000001,6.180567920047691,5,0.005952380952380952,0.9523809523809523,False,True,False,0.9523809523809523,S-DES|m0|p1|r1,0,1,1,1990694214,105,145.61801952063576,-145.61801952063576,0.1
S-DES,full_noise_campaign,es_stdp_teacher_off,0,2063296643,ES+STDP teacher-free,poisson_excitatory,10.0,0.0,105,0.5327252990100533,0.010714285714285714,72.34937499999998,6.2255807325148185,3,0.0035714285714285713,0.9714285714285714,False,True,False,0.9714285714285714,S-DES|m0|p1|r1,0,1,1,758579764,105,145.61801952063576,-145.61801952063576,0.1
S-DES,full_noise_campaign,es_stdp_teacher_off,0,2063296643,ES+STDP teacher-free,poisson_excitatory,25.0,0.0,105,0.5298959219362587,0.02619047619047619,75.0675,6.4065143830645335,12,0.014285714285714285,0.8952380952380953,False,True,False,0.8952380952380953,S-DES|m0|p1|r1,0,1,1,961113911,105,145.61801952063576,-145.61801952063576,0.1
S-DES,full_noise_campaign,es_stdp_teacher_off,0,2063296643,ES+STDP teacher-free,poisson_excitatory,50.0,0.0,105,0.5391101818531752,0.05952380952380952,81.68062499999995,6.877632052145938,28,0.03333333333333333,0.780952380952381,False,True,False,0.780952380952381,S-DES|m0|p1|r1,0,1,1,576034184,105,145.61801952063576,-145.61801952063576,0.1
S-DES,full_noise_campaign,es_stdp_teacher_off,0,2063296643,ES+STDP teacher-free,poisson_excitatory,100.0,0.0,105,0.5312328049913049,0.20952380952380953,100.44937499999995,8.147770479177828,96,0.11428571428571428,0.4476190476190476,False,True,False,0.4476190476190476,S-DES|m0|p1|r1,0,1,1,1330897228,105,145.61801952063576,-145.61801952063576,0.1
S-DES,full_noise_campaign,es_stdp_teacher_off,0,2063296643,ES+STDP teacher-free,poisson_inhibitory,5.0,0.0,105,0.5314335031434894,0.005952380952380952,71.95187500000003,6.173896890482055,4,0.004761904761904762,0.9619047619047619,False,True,False,0.9619047619047619,S-DES|m0|p1|r1,0,1,1,675973818,105,145.61801952063576,-145.61801952063576,0.1
S-DES,full_noise_campaign,es_stdp_teacher_off,0,2063296643,ES+STDP teacher-free,poisson_inhibitory,10.0,0.0,105,0.5483362609520555,0.010714285714285714,72.70187500000002,6.209473417646098,4,0.004761904761904762,0.9619047619047619,False,True,False,0.9619047619047619,S-DES|m0|p1|r1,0,1,1,1156525587,105,145.61801952063576,-145.61801952063576,0.1
S-DES,full_noise_campaign,es_stdp_teacher_off,0,2063296643,ES+STDP teacher-free,poisson_inhibitory,25.0,0.0,105,0.5295877458993345,0.016666666666666666,74.09562499999997,6.279951880851814,7,0.008333333333333333,0.9333333333333333,False,True,False,0.9333333333333333,S-DES|m0|p1|r1,0,1,1,1351696664,105,145.61801952063576,-145.61801952063576,0.1
S-DES,full_noise_campaign,es_stdp_teacher_off,0,2063296643,ES+STDP teacher-free,poisson_inhibitory,50.0,0.0,105,0.52865896304138,0.016666666666666666,76.33374999999998,6.4091447480790515,10,0.011904761904761904,0.9142857142857143,False,True,False,0.9142857142857143,S-DES|m0|p1|r1,0,1,1,1267579625,105,145.61801952063576,-145.61801952063576,0.1
S-DES,full_noise_campaign,es_stdp_teacher_off,0,2063296643,ES+STDP teacher-free,poisson_inhibitory,100.0,0.0,105,0.5330435070209205,0.12976190476190477,80.29124999999999,6.737576456725945,75,0.08928571428571429,0.5047619047619047,False,True,False,0.5047619047619047,S-DES|m0|p1|r1,0,1,1,406318094,105,145.61801952063576,-145.61801952063576,0.1
S-DES,full_noise_campaign,es_stdp_teacher_off,0,2063296643,ES+STDP teacher-free,poisson_mixed,5.0,0.0,105,0.5310150131117553,0.007142857142857143,71.81875,6.172052941197968,4,0.004761904761904762,0.9714285714285714,False,True,False,0.9714285714285714,S-DES|m0|p1|r1,0,1,1,479984712,105,145.61801952063576,-145.61801952063576,0.1
S-DES,full_noise_campaign,es_stdp_teacher_off,0,2063296643,ES+STDP teacher-free,poisson_mixed,10.0,0.0,105,0.5291208359412849,0.009523809523809525,72.16999999999999,6.19521543067585,7,0.008333333333333333,0.9333333333333333,False,True,False,0.9333333333333333,S-DES|m0|p1|r1,0,1,1,1524240161,105,145.61801952063576,-145.61801952063576,0.1
S-DES,full_noise_campaign,es_stdp_teacher_off,0,2063296643,ES+STDP teacher-free,poisson_mixed,25.0,0.0,105,0.5260566240176558,0.009523809523809525,73.24000000000001,6.26538889628892,6,0.007142857142857143,0.9428571428571428,False,True,False,0.9428571428571428,S-DES|m0|p1|r1,0,1,1,1319396382,105,145.61801952063576,-145.61801952063576,0.1
S-DES,full_noise_campaign,es_stdp_teacher_off,0,2063296643,ES+STDP teacher-free,poisson_mixed,50.0,0.0,105,0.5442089289426804,0.02261904761904762,74.70375,6.358724215141839,15,0.017857142857142856,0.8571428571428572,False,True,False,0.8571428571428572,S-DES|m0|p1|r1,0,1,1,1438161355,105,145.61801952063576,-145.61801952063576,0.1
S-DES,full_noise_campaign,es_stdp_teacher_off,0,2063296643,ES+STDP teacher-free,poisson_mixed,100.0,0.0,105,0.5348237550351769,0.03214285714285714,78.02749999999997,6.5633090926038,14,0.016666666666666666,0.8666666666666667,False,True,False,0.8666666666666667,S-DES|m0|p1|r1,0,1,1,1646715853,105,145.61801952063576,-145.61801952063576,0.1
S-DES,full_noise_campaign,es_stdp_teacher_off,0,263907010,ES+STDP teacher-free,none,0.0,0.0,105,0.5256915320642292,0.008333333333333333,71.23937500000004,6.109667304204223,3,0.0035714285714285713,0.9714285714285714,False,True,False,0.9714285714285714,S-DES|m0|p2|r0,0,2,0,1734655149,105,145.61801952063576,-145.61801952063576,0.1
S-DES,full_noise_campaign,es_stdp_teacher_off,0,263907010,ES+STDP teacher-free,poisson_excitatory,5.0,0.0,105,0.5278887879103422,0.009523809523809525,71.43500000000003,6.127119959171285,6,0.007142857142857143,0.9428571428571428,False,True,False,0.9428571428571428,S-DES|m0|p2|r0,0,2,0,97852909,105,145.61801952063576,-145.61801952063576,0.1
S-DES,full_noise_campaign,es_stdp_teacher_off,0,263907010,ES+STDP teacher-free,poisson_excitatory,10.0,0.0,105,0.5285139789339155,0.014285714285714285,71.965,6.16027173202772,6,0.007142857142857143,0.9428571428571428,False,True,False,0.9428571428571428,S-DES|m0|p2|r0,0,2,0,992526319,105,145.61801952063576,-145.61801952063576,0.1
S-DES,full_noise_campaign,es_stdp_teacher_off,0,263907010,ES+STDP teacher-free,poisson_excitatory,25.0,0.0,105,0.5304942601360381,0.02619047619047619,76.39249999999996,6.436390900100008,14,0.016666666666666666,0.8857142857142857,False,True,False,0.8857142857142857,S-DES|m0|p2|r0,0,2,0,794219244,105,145.61801952063576,-145.61801952063576,0.1
S-DES,full_noise_campaign,es_stdp_teacher_off,0,263907010,ES+STDP teacher-free,poisson_excitatory,50.0,0.0,105,0.5332893740851432,0.06785714285714285,83.53624999999992,6.914696864887263,36,0.04285714285714286,0.7047619047619047,False,True,False,0.7047619047619047,S-DES|m0|p2|r0,0,2,0,877275325,105,145.61801952063576,-145.61801952063576,0.1
S-DES,full_noise_campaign,es_stdp_teacher_off,0,263907010,ES+STDP teacher-free,poisson_excitatory,100.0,0.0,105,0.5337728741578758,0.1523809523809524,99.05999999999996,7.979079958897188,74,0.0880952380952381,0.5809523809523809,False,True,False,0.5809523809523809,S-DES|m0|p2|r0,0,2,0,714096829,105,145.61801952063576,-145.61801952063576,0.1
S-DES,full_noise_campaign,es_stdp_teacher_off,0,263907010,ES+STDP teacher-free,poisson_inhibitory,5.0,0.0,105,0.5304094939492643,0.009523809523809525,71.57375000000002,6.120746157946824,2,0.002380952380952381,0.9809523809523809,False,True,False,0.9809523809523809,S-DES|m0|p2|r0,0,2,0,1530397307,105,145.61801952063576,-145.61801952063576,0.1
S-DES,full_noise_campaign,es_stdp_teacher_off,0,263907010,ES+STDP teacher-free,poisson_inhibitory,10.0,0.0,105,0.5274139510001987,0.015476190476190477,72.07937500000003,6.148203138071869,5,0.005952380952380952,0.9523809523809523,False,True,False,0.9523809523809523,S-DES|m0|p2|r0,0,2,0,1391497296,105,145.61801952063576,-145.61801952063576,0.1
S-DES,full_noise_campaign,es_stdp_teacher_off,0,263907010,ES+STDP teacher-free,poisson_inhibitory,25.0,0.0,105,0.5306069520302117,0.014285714285714285,73.32187500000003,6.205151613735726,5,0.005952380952380952,0.9523809523809523,False,True,False,0.9523809523809523,S-DES|m0|p2|r0,0,2,0,1183776075,105,145.61801952063576,-145.61801952063576,0.1
S-DES,full_noise_campaign,es_stdp_teacher_off,0,263907010,ES+STDP teacher-free,poisson_inhibitory,50.0,0.0,105,0.5303521400783211,0.01904761904761905,74.81750000000001,6.298011955636058,6,0.007142857142857143,0.9428571428571428,False,True,False,0.9428571428571428,S-DES|m0|p2|r0,0,2,0,1569851292,105,145.61801952063576,-145.61801952063576,0.1
S-DES,full_noise_campaign,es_stdp_teacher_off,0,263907010,ES+STDP teacher-free,poisson_inhibitory,100.0,0.0,105,0.5304179778322577,0.11547619047619048,78.47687499999999,6.5995997957827015,73,0.0869047619047619,0.5428571428571429,False,True,False,0.5428571428571429,S-DES|m0|p2|r0,0,2,0,2113161853,105,145.61801952063576,-145.61801952063576,0.1
S-DES,full_noise_campaign,es_stdp_teacher_off,0,263907010,ES+STDP teacher-free,poisson_mixed,5.0,0.0,105,0.5419155808631331,0.010714285714285714,71.37875000000003,6.119998386141173,4,0.004761904761904762,0.9619047619047619,False,True,False,0.9619047619047619,S-DES|m0|p2|r0,0,2,0,812121808,105,145.61801952063576,-145.61801952063576,0.1
S-DES,full_noise_campaign,es_stdp_teacher_off,0,263907010,ES+STDP teacher-free,poisson_mixed,10.0,0.0,105,0.5308984869625419,0.009523809523809525,71.46500000000003,6.127851087404837,4,0.004761904761904762,0.9619047619047619,False,True,False,0.9619047619047619,S-DES|m0|p2|r0,0,2,0,113613083,105,145.61801952063576,-145.61801952063576,0.1
S-DES,full_noise_campaign,es_stdp_teacher_off,0,263907010,ES+STDP teacher-free,poisson_mixed,25.0,0.0,105,0.5425107351038605,0.014285714285714285,72.33437500000002,6.1711969335087336,3,0.0035714285714285713,0.9714285714285714,False,True,False,0.9714285714285714,S-DES|m0|p2|r0,0,2,0,314308128,105,145.61801952063576,-145.61801952063576,0.1
S-DES,full_noise_campaign,es_stdp_teacher_off,0,263907010,ES+STDP teacher-free,poisson_mixed,50.0,0.0,105,0.526974115986377,0.025,75.006875,6.325062813864518,13,0.015476190476190477,0.8761904761904762,False,True,False,0.8761904761904762,S-DES|m0|p2|r0,0,2,0,161943505,105,145.61801952063576,-145.61801952063576,0.1
S-DES,full_noise_campaign,es_stdp_teacher_off,0,263907010,ES+STDP teacher-free,poisson_mixed,100.0,0.0,105,0.5295113110914826,0.03333333333333333,77.71562499999999,6.495201610823549,17,0.02023809523809524,0.8571428571428572,False,True,False,0.8571428571428572,S-DES|m0|p2|r0,0,2,0,186210603,105,145.61801952063576,-145.61801952063576,0.1
S-DES,full_noise_campaign,es_stdp_teacher_off,0,2025707052,ES+STDP teacher-free,none,0.0,0.0,105,0.5295418500900269,0.008333333333333333,71.23937500000004,6.109667304204223,3,0.0035714285714285713,0.9714285714285714,False,True,False,0.9714285714285714,S-DES|m0|p2|r1,0,2,1,145151974,105,145.61801952063576,-145.61801952063576,0.1
S-DES,full_noise_campaign,es_stdp_teacher_off,0,2025707052,ES+STDP teacher-free,poisson_excitatory,5.0,0.0,105,0.532230356009677,0.009523809523809525,71.00437500000004,6.1049318215229835,4,0.004761904761904762,0.9619047619047619,False,True,False,0.9619047619047619,S-DES|m0|p2|r1,0,2,1,82868495,105,145.61801952063576,-145.61801952063576,0.1
S-DES,full_noise_campaign,es_stdp_teacher_off,0,2025707052,ES+STDP teacher-free,poisson_excitatory,10.0,0.0,105,0.5309301191009581,0.009523809523809525,71.93687499999996,6.154967190215727,3,0.0035714285714285713,0.9714285714285714,False,True,False,0.9714285714285714,S-DES|m0|p2|r1,0,2,1,514011124,105,145.61801952063576,-145.61801952063576,0.1
S-DES,full_noise_campaign,es_stdp_teacher_off,0,2025707052,ES+STDP teacher-free,poisson_excitatory,25.0,0.0,105,0.5343634879682213,0.023809523809523808,75.81874999999998,6.376330550507059,12,0.014285714285714285,0.8857142857142857,False,True,False,0.8857142857142857,S-DES|m0|p2|r1,0,2,1,182272761,105,145.61801952063576,-145.61801952063576,0.1
S-DES,full_noise_campaign,es_stdp_teacher_off,0,2025707052,ES+STDP teacher-free,poisson_excitatory,50.0,0.0,105,0.5308217389974743,0.05476190476190476,82.215,6.817463485114761,22,0.02619047619047619,0.8095238095238095,False,True,False,0.8095238095238095,S-DES|m0|p2|r1,0,2,1,297908424,105,145.61801952063576,-145.61801952063576,0.1
S-DES,full_noise_campaign,es_stdp_teacher_off,0,2025707052,ES+STDP teacher-free,poisson_excitatory,100.0,0.0,105,0.5353957421611995,0.16071428571428573,99.18124999999999,8.0363600552361,71,0.08452380952380953,0.5809523809523809,False,True,False,0.5809523809523809,S-DES|m0|p2|r1,0,2,1,1301145135,105,145.61801952063576,-145.61801952063576,0.1
S-DES,full_noise_campaign,es_stdp_teacher_off,0,2025707052,ES+STDP teacher-free,poisson_inhibitory,5.0,0.0,105,0.537373105995357,0.010714285714285714,71.70500000000001,6.133390942490038,4,0.004761904761904762,0.9619047619047619,False,True,False,0.9619047619047619,S-DES|m0|p2|r1,0,2,1,1511876513,105,145.61801952063576,-145.61801952063576,0.1
S-DES,full_noise_campaign,es_stdp_teacher_off,0,2025707052,ES+STDP teacher-free,poisson_inhibitory,10.0,0.0,105,0.5302769949194044,0.010714285714285714,72.03250000000003,6.144913977022599,3,0.0035714285714285713,0.9714285714285714,False,True,False,0.9714285714285714,S-DES|m0|p2|r1,0,2,1,2004549717,105,145.61801952063576,-145.61801952063576,0.1
S-DES,full_noise_campaign,es_stdp_teacher_off,0,2025707052,ES+STDP teacher-free,poisson_inhibitory,25.0,0.0,105,0.5388384831603616,0.013095238095238096,73.45437500000004,6.217771214004572,5,0.005952380952380952,0.9523809523809523,False,True,False,0.9523809523809523,S-DES|m0|p2|r1,0,2,1,1661300056,105,145.61801952063576,-145.61801952063576,0.1
S-DES,full_noise_campaign,es_stdp_teacher_off,0,2025707052,ES+STDP teacher-free,poisson_inhibitory,50.0,0.0,105,0.5433223478030413,0.023809523809523808,75.55812500000002,6.3427163571428045,9,0.010714285714285714,0.9142857142857143,False,True,False,0.9142857142857143,S-DES|m0|p2|r1,0,2,1,2014943143,105,145.61801952063576,-145.61801952063576,0.1
S-DES,full_noise_campaign,es_stdp_teacher_off,0,2025707052,ES+STDP teacher-free,poisson_inhibitory,100.0,0.0,105,0.5307428520172834,0.12380952380952381,77.94874999999998,6.599430266108315,68,0.08095238095238096,0.5809523809523809,False,True,False,0.5809523809523809,S-DES|m0|p2|r1,0,2,1,451538159,105,145.61801952063576,-145.61801952063576,0.1
S-DES,full_noise_campaign,es_stdp_teacher_off,0,2025707052,ES+STDP teacher-free,poisson_mixed,5.0,0.0,105,0.5303929219953716,0.010714285714285714,71.18375000000003,6.110732705036646,2,0.002380952380952381,0.9809523809523809,False,True,False,0.9809523809523809,S-DES|m0|p2|r1,0,2,1,1736802089,105,145.61801952063576,-145.61801952063576,0.1
S-DES,full_noise_campaign,es_stdp_teacher_off,0,2025707052,ES+STDP teacher-free,poisson_mixed,10.0,0.0,105,0.528044305043295,0.015476190476190477,71.64062500000003,6.130211999026182,6,0.007142857142857143,0.9428571428571428,False,True,False,0.9428571428571428,S-DES|m0|p2|r1,0,2,1,1671603169,105,145.61801952063576,-145.61801952063576,0.1
S-DES,full_noise_campaign,es_stdp_teacher_off,0,2025707052,ES+STDP teacher-free,poisson_mixed,25.0,0.0,105,0.5282684289850295,0.015476190476190477,72.90750000000003,6.199655052662159,5,0.005952380952380952,0.9523809523809523,False,True,False,0.9523809523809523,S-DES|m0|p2|r1,0,2,1,2010959582,105,145.61801952063576,-145.61801952063576,0.1
S-DES,full_noise_campaign,es_stdp_teacher_off,0,2025707052,ES+STDP teacher-free,poisson_mixed,50.0,0.0,105,0.5276295349467546,0.02023809523809524,74.15437499999996,6.268388676147965,9,0.010714285714285714,0.9142857142857143,False,True,False,0.9142857142857143,S-DES|m0|p2|r1,0,2,1,1824535819,105,145.61801952063576,-145.61801952063576,0.1
S-DES,full_noise_campaign,es_stdp_teacher_off,0,2025707052,ES+STDP teacher-free,poisson_mixed,100.0,0.0,105,0.5306218820624053,0.04285714285714286,78.35687499999999,6.5139692074976265,22,0.02619047619047619,0.8,False,True,False,0.8,S-DES|m0|p2|r1,0,2,1,348379848,105,145.61801952063576,-145.61801952063576,0.1
S-DES,full_noise_campaign,es_stdp_teacher_off,0,242781387,ES+STDP teacher-free,none,0.0,0.0,105,0.5384744871407747,0.004761904761904762,71.81062500000004,6.127791755838784,1,0.0011904761904761906,0.9904761904761905,False,True,False,0.9904761904761905,S-DES|m0|p3|r0,0,3,0,2093084951,105,145.61801952063576,-145.61801952063576,0.1
S-DES,full_noise_campaign,es_stdp_teacher_off,0,242781387,ES+STDP teacher-free,poisson_excitatory,5.0,0.0,105,0.5314878060016781,0.008333333333333333,72.21875,6.154881139383303,2,0.002380952380952381,0.9809523809523809,False,True,False,0.9809523809523809,S-DES|m0|p3|r0,0,3,0,1657322367,105,145.61801952063576,-145.61801952063576,0.1
S-DES,full_noise_campaign,es_stdp_teacher_off,0,242781387,ES+STDP teacher-free,poisson_excitatory,10.0,0.0,105,0.5326260020956397,0.011904761904761904,72.49000000000001,6.184128278097086,4,0.004761904761904762,0.9619047619047619,False,True,False,0.9619047619047619,S-DES|m0|p3|r0,0,3,0,1436853424,105,145.61801952063576,-145.61801952063576,0.1
S-DES,full_noise_campaign,es_stdp_teacher_off,0,242781387,ES+STDP teacher-free,poisson_excitatory,25.0,0.0,105,0.5335406248923391,0.02738095238095238,75.34437499999994,6.37272431494754,13,0.015476190476190477,0.8761904761904762,False,True,False,0.8761904761904762,S-DES|m0|p3|r0,0,3,0,1104857515,105,145.61801952063576,-145.61801952063576,0.1
S-DES,full_noise_campaign,es_stdp_teacher_off,0,242781387,ES+STDP teacher-free,poisson_excitatory,50.0,0.0,105,0.5360946808941662,0.06785714285714285,82.643125,6.867206524904034,35,0.041666666666666664,0.7333333333333334,False,True,False,0.7333333333333334,S-DES|m0|p3|r0,0,3,0,1522938876,105,145.61801952063576,-145.61801952063576,0.1
S-DES,full_noise_campaign,es_stdp_teacher_off,0,242781387,ES+STDP teacher-free,poisson_excitatory,100.0,0.0,105,0.5308725889772177,0.1619047619047619,98.954375,7.997625958108847,75,0.08928571428571429,0.5428571428571429,False,True,False,0.5428571428571429,S-DES|m0|p3|r0,0,3,0,723893690,105,145.61801952063576,-145.61801952063576,0.1
S-DES,full_noise_campaign,es_stdp_teacher_off,0,242781387,ES+STDP teacher-free,poisson_inhibitory,5.0,0.0,105,0.5322859489824623,0.008333333333333333,72.48125000000002,6.1596658621377225,2,0.002380952380952381,0.9809523809523809,False,True,False,0.9809523809523809,S-DES|m0|p3|r0,0,3,0,1009100017,105,145.61801952063576,-145.61801952063576,0.1
S-DES,full_noise_campaign,es_stdp_teacher_off,0,242781387,ES+STDP teacher-free,poisson_inhibitory,10.0,0.0,105,0.5288814730010927,0.011904761904761904,72.811875,6.177103183622248,2,0.002380952380952381,0.9809523809523809,False,True,False,0.9809523809523809,S-DES|m0|p3|r0,0,3,0,1014795151,105,145.61801952063576,-145.61801952063576,0.1
S-DES,full_noise_campaign,es_stdp_teacher_off,0,242781387,ES+STDP teacher-free,poisson_inhibitory,25.0,0.0,105,0.534748557023704,0.010714285714285714,74.11437499999997,6.2445564174053745,4,0.004761904761904762,0.9619047619047619,False,True,False,0.9619047619047619,S-DES|m0|p3|r0,0,3,0,671278732,105,145.61801952063576,-145.61801952063576,0.1
S-DES,full_noise_campaign,es_stdp_teacher_off,0,242781387,ES+STDP teacher-free,poisson_inhibitory,50.0,0.0,105,0.5364791620522738,0.03214285714285714,76.92437500000003,6.414728212292787,13,0.015476190476190477,0.8761904761904762,False,True,False,0.8761904761904762,S-DES|m0|p3|r0,0,3,0,857611357,105,145.61801952063576,-145.61801952063576,0.1
S-DES,full_noise_campaign,es_stdp_teacher_off,0,242781387,ES+STDP teacher-free,poisson_inhibitory,100.0,0.0,105,0.5348759519401938,0.13452380952380952,79.75125000000001,6.685885153987291,78,0.09285714285714286,0.5047619047619047,False,True,False,0.5047619047619047,S-DES|m0|p3|r0,0,3,0,2084681592,105,145.61801952063576,-145.61801952063576,0.1
S-DES,full_noise_campaign,es_stdp_teacher_off,0,242781387,ES+STDP teacher-free,poisson_mixed,5.0,0.0,105,0.5340931778773665,0.007142857142857143,71.91250000000001,6.13568658419293,2,0.002380952380952381,0.9809523809523809,False,True,False,0.9809523809523809,S-DES|m0|p3|r0,0,3,0,800947555,105,145.61801952063576,-145.61801952063576,0.1
S-DES,full_noise_campaign,es_stdp_teacher_off,0,242781387,ES+STDP teacher-free,poisson_mixed,10.0,0.0,105,0.5291420072317123,0.011904761904761904,72.60437499999998,6.1870665548804,3,0.0035714285714285713,0.9714285714285714,False,True,False,0.9714285714285714,S-DES|m0|p3|r0,0,3,0,300809307,105,145.61801952063576,-145.61801952063576,0.1
S-DES,full_noise_campaign,es_stdp_teacher_off,0,242781387,ES+STDP teacher-free,poisson_mixed,25.0,0.0,105,0.5393107421696186,0.013095238095238096,73.28062500000001,6.217919356331014,5,0.005952380952380952,0.9523809523809523,False,True,False,0.9523809523809523,S-DES|m0|p3|r0,0,3,0,93557088,105,145.61801952063576,-145.61801952063576,0.1
S-DES,full_noise_campaign,es_stdp_teacher_off,0,242781387,ES+STDP teacher-free,poisson_mixed,50.0,0.0,105,0.5291230119764805,0.02023809523809524,75.33687499999996,6.331202453259354,6,0.007142857142857143,0.9428571428571428,False,True,False,0.9428571428571428,S-DES|m0|p3|r0,0,3,0,512715665,105,145.61801952063576,-145.61801952063576,0.1
S-DES,full_noise_campaign,es_stdp_teacher_off,0,242781387,ES+STDP teacher-free,poisson_mixed,100.0,0.0,105,0.5288907068315893,0.04523809523809524,78.64374999999998,6.537693128139452,19,0.02261904761904762,0.8285714285714285,False,True,False,0.8285714285714285,S-DES|m0|p3|r0,0,3,0,275428350,105,145.61801952063576,-145.61801952063576,0.1
S-DES,full_noise_campaign,es_stdp_teacher_off,0,2038414433,ES+STDP teacher-free,none,0.0,0.0,105,0.5401022729929537,0.004761904761904762,71.81062500000004,6.127791755838784,1,0.0011904761904761906,0.9904761904761905,False,True,False,0.9904761904761905,S-DES|m0|p3|r1,0,3,1,319003646,105,145.61801952063576,-145.61801952063576,0.1
S-DES,full_noise_campaign,es_stdp_teacher_off,0,2038414433,ES+STDP teacher-free,poisson_excitatory,5.0,0.0,105,0.5305073058698326,0.008333333333333333,71.88125000000002,6.140993272701957,4,0.004761904761904762,0.9619047619047619,False,True,False,0.9619047619047619,S-DES|m0|p3|r1,0,3,1,1676533405,105,145.61801952063576,-145.61801952063576,0.1
S-DES,full_noise_campaign,es_stdp_teacher_off,0,2038414433,ES+STDP teacher-free,poisson_excitatory,10.0,0.0,105,0.5327410069294274,0.008333333333333333,72.0,6.15268280481698,2,0.002380952380952381,0.9809523809523809,False,True,False,0.9809523809523809,S-DES|m0|p3|r1,0,3,1,1882141877,105,145.61801952063576,-145.61801952063576,0.1
S-DES,full_noise_campaign,es_stdp_teacher_off,0,2038414433,ES+STDP teacher-free,poisson_excitatory,25.0,0.0,105,0.5320626781322062,0.023809523809523808,75.53187499999996,6.360990407665039,7,0.008333333333333333,0.9333333333333333,False,True,False,0.9333333333333333,S-DES|m0|p3|r1,0,3,1,1683052984,105,145.61801952063576,-145.61801952063576,0.1
S-DES,full_noise_campaign,es_stdp_teacher_off,0,2038414433,ES+STDP teacher-free,poisson_excitatory,50.0,0.0,105,0.5328182571101934,0.060714285714285714,84.00562499999995,6.947669331784265,34,0.04047619047619048,0.7142857142857143,False,True,False,0.7142857142857143,S-DES|m0|p3|r1,0,3,1,2135794695,105,145.61801952063576,-145.61801952063576,0.1
S-DES,full_noise_campaign,es_stdp_teacher_off,0,2038414433,ES+STDP teacher-free,poisson_excitatory,100.0,0.0,105,0.5322889569215477,0.17976190476190476,100.13312499999995,8.056683783620898,79,0.09404761904761905,0.5047619047619047,False,True,False,0.5047619047619047,S-DES|m0|p3|r1,0,3,1,1278745410,105,145.61801952063576,-145.61801952063576,0.1
S-DES,full_noise_campaign,es_stdp_teacher_off,0,2038414433,ES+STDP teacher-free,poisson_inhibitory,5.0,0.0,105,0.5295223768334836,0.009523809523809525,72.42562500000003,6.16141827248029,3,0.0035714285714285713,0.9714285714285714,False,True,False,0.9714285714285714,S-DES|m0|p3|r1,0,3,1,1023459851,105,145.61801952063576,-145.61801952063576,0.1
S-DES,full_noise_campaign,es_stdp_teacher_off,0,2038414433,ES+STDP teacher-free,poisson_inhibitory,10.0,0.0,105,0.5328810678329319,0.011904761904761904,72.82187500000002,6.17876444866309,3,0.0035714285714285713,0.9714285714285714,False,True,False,0.9714285714285714,S-DES|m0|p3|r1,0,3,1,435624852,105,145.61801952063576,-145.61801952063576,0.1
S-DES,full_noise_campaign,es_stdp_teacher_off,0,2038414433,ES+STDP teacher-free,poisson_inhibitory,25.0,0.0,105,0.5459834311623126,0.009523809523809525,74.39250000000001,6.260152944493987,2,0.002380952380952381,0.9809523809523809,False,True,False,0.9809523809523809,S-DES|m0|p3|r1,0,3,1,227112601,105,145.61801952063576,-145.61801952063576,0.1
S-DES,full_noise_campaign,es_stdp_teacher_off,0,2038414433,ES+STDP teacher-free,poisson_inhibitory,50.0,0.0,105,0.5328081399202347,0.02738095238095238,76.79999999999998,6.406474913038726,12,0.014285714285714285,0.8952380952380953,False,True,False,0.8952380952380953,S-DES|m0|p3|r1,0,3,1,378899560,105,145.61801952063576,-145.61801952063576,0.1
S-DES,full_noise_campaign,es_stdp_teacher_off,0,2038414433,ES+STDP teacher-free,poisson_inhibitory,100.0,0.0,105,0.5463767880573869,0.15,80.18874999999991,6.714404230971273,81,0.09642857142857143,0.48571428571428577,False,True,False,0.48571428571428577,S-DES|m0|p3|r1,0,3,1,459018756,105,145.61801952063576,-145.61801952063576,0.1
S-DES,full_noise_campaign,es_stdp_teacher_off,0,2038414433,ES+STDP teacher-free,poisson_mixed,5.0,0.0,105,0.5311188178602606,0.005952380952380952,72.21062500000002,6.156603291947266,2,0.002380952380952381,0.9809523809523809,False,True,False,0.9809523809523809,S-DES|m0|p3|r1,0,3,1,2019556746,105,145.61801952063576,-145.61801952063576,0.1
S-DES,full_noise_campaign,es_stdp_teacher_off,0,2038414433,ES+STDP teacher-free,poisson_mixed,10.0,0.0,105,0.5308847089763731,0.010714285714285714,72.19437500000001,6.155239421727611,4,0.004761904761904762,0.9619047619047619,False,True,False,0.9619047619047619,S-DES|m0|p3|r1,0,3,1,1955252129,105,145.61801952063576,-145.61801952063576,0.1
S-DES,full_noise_campaign,es_stdp_teacher_off,0,2038414433,ES+STDP teacher-free,poisson_mixed,25.0,0.0,105,0.5287292890716344,0.010714285714285714,73.023125,6.205004138174294,3,0.0035714285714285713,0.9714285714285714,False,True,False,0.9714285714285714,S-DES|m0|p3|r1,0,3,1,1626647198,105,145.61801952063576,-145.61801952063576,0.1
S-DES,full_noise_campaign,es_stdp_teacher_off,0,2038414433,ES+STDP teacher-free,poisson_mixed,50.0,0.0,105,0.5286676790565252,0.02142857142857143,75.050625,6.328246316829436,10,0.011904761904761904,0.9142857142857143,False,True,False,0.9142857142857143,S-DES|m0|p3|r1,0,3,1,2078822475,105,145.61801952063576,-145.61801952063576,0.1
S-DES,full_noise_campaign,es_stdp_teacher_off,0,2038414433,ES+STDP teacher-free,poisson_mixed,100.0,0.0,105,0.5313029380049556,0.03571428571428571,77.44437499999998,6.490673859940324,13,0.015476190476190477,0.8857142857142857,False,True,False,0.8857142857142857,S-DES|m0|p3|r1,0,3,1,263204981,105,145.61801952063576,-145.61801952063576,0.1
S-DES,full_noise_campaign,es_stdp_teacher_off,1,828250996,ES+STDP teacher-free,none,0.0,0.0,105,0.5245944729540497,0.009523809523809525,71.57437499999995,6.166442498036604,1,0.0011904761904761906,0.9904761904761905,False,True,False,0.9904761904761905,S-DES|m1|p0|r0,1,0,0,374391702,105,145.61801952063576,-145.61801952063576,0.1
S-DES,full_noise_campaign,es_stdp_teacher_off,1,828250996,ES+STDP teacher-free,poisson_excitatory,5.0,0.0,105,0.5280483979731798,0.013095238095238096,71.53124999999993,6.169662236961299,3,0.0035714285714285713,0.9714285714285714,False,True,False,0.9714285714285714,S-DES|m1|p0|r0,1,0,0,288009179,105,145.61801952063576,-145.61801952063576,0.1
S-DES,full_noise_campaign,es_stdp_teacher_off,1,828250996,ES+STDP teacher-free,poisson_excitatory,10.0,0.0,105,0.5445503189694136,0.016666666666666666,72.19937499999997,6.224498885035018,3,0.0035714285714285713,0.9714285714285714,False,True,False,0.9714285714285714,S-DES|m1|p0|r0,1,0,0,87511180,105,145.61801952063576,-145.61801952063576,0.1
S-DES,full_noise_campaign,es_stdp_teacher_off,1,828250996,ES+STDP teacher-free,poisson_excitatory,25.0,0.0,105,0.5361100749578327,0.02857142857142857,75.60062499999998,6.442136244660421,14,0.016666666666666666,0.8761904761904762,False,True,False,0.8761904761904762,S-DES|m1|p0|r0,1,0,0,290012561,105,145.61801952063576,-145.61801952063576,0.1
S-DES,full_noise_campaign,es_stdp_teacher_off,1,828250996,ES+STDP teacher-free,poisson_excitatory,50.0,0.0,105,0.5333680920302868,0.0869047619047619,82.81687500000001,6.943536999303078,32,0.0380952380952381,0.7333333333333334,False,True,False,0.7333333333333334,S-DES|m1|p0|r0,1,0,0,173393760,105,145.61801952063576,-145.61801952063576,0.1
S-DES,full_noise_campaign,es_stdp_teacher_off,1,828250996,ES+STDP teacher-free,poisson_excitatory,100.0,0.0,105,0.5337917441502213,0.1988095238095238,101.52874999999997,8.190822450395583,94,0.11190476190476191,0.4476190476190476,False,True,False,0.4476190476190476,S-DES|m1|p0|r0,1,0,0,362502603,105,145.61801952063576,-145.61801952063576,0.1
S-DES,full_noise_campaign,es_stdp_teacher_off,1,828250996,ES+STDP teacher-free,poisson_inhibitory,5.0,0.0,105,0.5330309269484133,0.014285714285714285,72.22499999999994,6.19777284401245,3,0.0035714285714285713,0.9714285714285714,False,True,False,0.9714285714285714,S-DES|m1|p0|r0,1,0,0,1338487885,105,145.61801952063576,-145.61801952063576,0.1
S-DES,full_noise_campaign,es_stdp_teacher_off,1,828250996,ES+STDP teacher-free,poisson_inhibitory,10.0,0.0,105,0.5303155758883804,0.008333333333333333,72.42937499999996,6.201572814599085,1,0.0011904761904761906,0.9904761904761905,False,True,False,0.9904761904761905,S-DES|m1|p0|r0,1,0,0,1827635117,105,145.61801952063576,-145.61801952063576,0.1
S-DES,full_noise_campaign,es_stdp_teacher_off,1,828250996,ES+STDP teacher-free,poisson_inhibitory,25.0,0.0,105,0.5290559940040112,0.015476190476190477,73.94124999999997,6.275467973645184,2,0.002380952380952381,0.9809523809523809,False,True,False,0.9809523809523809,S-DES|m1|p0|r0,1,0,0,2022773424,105,145.61801952063576,-145.61801952063576,0.1
S-DES,full_noise_campaign,es_stdp_teacher_off,1,828250996,ES+STDP teacher-free,poisson_inhibitory,50.0,0.0,105,0.5312788309529424,0.03333333333333333,76.62374999999997,6.449043382990193,17,0.02023809523809524,0.8571428571428572,False,True,False,0.8571428571428572,S-DES|m1|p0|r0,1,0,0,1670244607,105,145.61801952063576,-145.61801952063576,0.1
S-DES,full_noise_campaign,es_stdp_teacher_off,1,828250996,ES+STDP teacher-free,poisson_inhibitory,100.0,0.0,105,0.5341180181130767,0.15714285714285714,79.72874999999996,6.750277842241338,81,0.09642857142857143,0.5238095238095238,False,True,False,0.5238095238095238,S-DES|m1|p0|r0,1,0,0,1124029323,105,145.61801952063576,-145.61801952063576,0.1
S-DES,full_noise_campaign,es_stdp_teacher_off,1,828250996,ES+STDP teacher-free,poisson_mixed,5.0,0.0,105,0.5293725670780987,0.010714285714285714,71.54937499999997,6.165724528039107,2,0.002380952380952381,0.9809523809523809,False,True,False,0.9809523809523809,S-DES|m1|p0|r0,1,0,0,1339036985,105,145.61801952063576,-145.61801952063576,0.1
S-DES,full_noise_campaign,es_stdp_teacher_off,1,828250996,ES+STDP teacher-free,poisson_mixed,10.0,0.0,105,0.5352626868989319,0.013095238095238096,71.79249999999998,6.177655256836035,2,0.002380952380952381,0.9809523809523809,False,True,False,0.9809523809523809,S-DES|m1|p0|r0,1,0,0,699413633,105,145.61801952063576,-145.61801952063576,0.1
S-DES,full_noise_campaign,es_stdp_teacher_off,1,828250996,ES+STDP teacher-free,poisson_mixed,25.0,0.0,105,0.5277867892291397,0.010714285714285714,72.709375,6.235185665019447,2,0.002380952380952381,0.9809523809523809,False,True,False,0.9809523809523809,S-DES|m1|p0|r0,1,0,0,1036933500,105,145.61801952063576,-145.61801952063576,0.1
S-DES,full_noise_campaign,es_stdp_teacher_off,1,828250996,ES+STDP teacher-free,poisson_mixed,50.0,0.0,105,0.5346090970560908,0.02142857142857143,74.410625,6.32422943777975,10,0.011904761904761904,0.9142857142857143,False,True,False,0.9142857142857143,S-DES|m1|p0|r0,1,0,0,651338539,105,145.61801952063576,-145.61801952063576,0.1
S-DES,full_noise_campaign,es_stdp_teacher_off,1,828250996,ES+STDP teacher-free,poisson_mixed,100.0,0.0,105,0.5391786321997643,0.04047619047619048,77.77937499999996,6.554159859628008,16,0.01904761904761905,0.8571428571428572,False,True,False,0.8571428571428572,S-DES|m1|p0|r0,1,0,0,1124342546,105,145.61801952063576,-145.61801952063576,0.1
S-DES,full_noise_campaign,es_stdp_teacher_off,1,1180249098,ES+STDP teacher-free,none,0.0,0.0,105,0.5292254860978574,0.009523809523809525,71.57437499999995,6.166442498036604,1,0.0011904761904761906,0.9904761904761905,False,True,False,0.9904761904761905,S-DES|m1|p0|r1,1,0,1,2039654527,105,145.61801952063576,-145.61801952063576,0.1
S-DES,full_noise_campaign,es_stdp_teacher_off,1,1180249098,ES+STDP teacher-free,poisson_excitatory,5.0,0.0,105,0.5282864707987756,0.013095238095238096,71.72374999999994,6.183110937799018,4,0.004761904761904762,0.9619047619047619,False,True,False,0.9619047619047619,S-DES|m1|p0|r1,1,0,1,269471425,105,145.61801952063576,-145.61801952063576,0.1
S-DES,full_noise_campaign,es_stdp_teacher_off,1,1180249098,ES+STDP teacher-free,poisson_excitatory,10.0,0.0,105,0.5321767069399357,0.013095238095238096,71.91562499999995,6.194241025793228,5,0.005952380952380952,0.9523809523809523,False,True,False,0.9523809523809523,S-DES|m1|p0|r1,1,0,1,549240983,105,145.61801952063576,-145.61801952063576,0.1
S-DES,full_noise_campaign,es_stdp_teacher_off,1,1180249098,ES+STDP teacher-free,poisson_excitatory,25.0,0.0,105,0.5338179410900921,0.02619047619047619,75.46187499999996,6.44863408771319,12,0.014285714285714285,0.8952380952380953,False,True,False,0.8952380952380953,S-DES|m1|p0|r1,1,0,1,885173652,105,145.61801952063576,-145.61801952063576,0.1
S-DES,full_noise_campaign,es_stdp_teacher_off,1,1180249098,ES+STDP teacher-free,poisson_excitatory,50.0,0.0,105,0.5319440821185708,0.075,82.78499999999995,6.948278199626186,31,0.036904761904761905,0.7333333333333334,False,True,False,0.7333333333333334,S-DES|m1|p0|r1,1,0,1,803100517,105,145.61801952063576,-145.61801952063576,0.1
S-DES,full_noise_campaign,es_stdp_teacher_off,1,1180249098,ES+STDP teacher-free,poisson_excitatory,100.0,0.0,105,0.532435670029372,0.19166666666666668,100.29374999999995,8.151436695167988,87,0.10357142857142858,0.4380952380952381,False,True,False,0.4380952380952381,S-DES|m1|p0|r1,1,0,1,1921449825,105,145.61801952063576,-145.61801952063576,0.1
S-DES,full_noise_campaign,es_stdp_teacher_off,1,1180249098,ES+STDP teacher-free,poisson_inhibitory,5.0,0.0,105,0.5325062971096486,0.010714285714285714,71.99124999999998,6.183380486494582,2,0.002380952380952381,0.9809523809523809,False,True,False,0.9809523809523809,S-DES|m1|p0|r1,1,0,1,1323487535,105,145.61801952063576,-145.61801952063576,0.1
S-DES,full_noise_campaign,es_stdp_teacher_off,1,1180249098,ES+STDP teacher-free,poisson_inhibitory,10.0,0.0,105,0.5297337190713733,0.014285714285714285,72.65562499999994,6.217042257498352,2,0.002380952380952381,0.9809523809523809,False,True,False,0.9809523809523809,S-DES|m1|p0|r1,1,0,1,1231351736,105,145.61801952063576,-145.61801952063576,0.1
S-DES,full_noise_campaign,es_stdp_teacher_off,1,1180249098,ES+STDP teacher-free,poisson_inhibitory,25.0,0.0,105,0.5293617260176688,0.011904761904761904,73.706875,6.265610051827744,1,0.0011904761904761906,0.9904761904761905,False,True,False,0.9904761904761905,S-DES|m1|p0|r1,1,0,1,1562018483,105,145.61801952063576,-145.61801952063576,0.1
S-DES,full_noise_campaign,es_stdp_teacher_off,1,1180249098,ES+STDP teacher-free,poisson_inhibitory,50.0,0.0,105,0.530808093957603,0.0380952380952381,76.86874999999999,6.455342893321971,12,0.014285714285714285,0.8857142857142857,False,True,False,0.8857142857142857,S-DES|m1|p0|r1,1,0,1,1174829316,105,145.61801952063576,-145.61801952063576,0.1
S-DES,full_noise_campaign,es_stdp_teacher_off,1,1180249098,ES+STDP teacher-free,poisson_inhibitory,100.0,0.0,105,0.5304585611447692,0.1357142857142857,79.40437499999997,6.723508127319935,82,0.09761904761904762,0.4666666666666667,False,True,False,0.4666666666666667,S-DES|m1|p0|r1,1,0,1,635631137,105,145.61801952063576,-145.61801952063576,0.1
S-DES,full_noise_campaign,es_stdp_teacher_off,1,1180249098,ES+STDP teacher-free,poisson_mixed,5.0,0.0,105,0.541917463997379,0.008333333333333333,71.61437499999998,6.168264118281302,2,0.002380952380952381,0.9809523809523809,False,True,False,0.9809523809523809,S-DES|m1|p0|r1,1,0,1,405968258,105,145.61801952063576,-145.61801952063576,0.1
S-DES,full_noise_campaign,es_stdp_teacher_off,1,1180249098,ES+STDP teacher-free,poisson_mixed,10.0,0.0,105,0.53243896109052,0.011904761904761904,71.98562499999994,6.187493720364188,3,0.0035714285714285713,0.9714285714285714,False,True,False,0.9714285714285714,S-DES|m1|p0|r1,1,0,1,1289162555,105,145.61801952063576,-145.61801952063576,0.1
S-DES,full_noise_campaign,es_stdp_teacher_off,1,1180249098,ES+STDP teacher-free,poisson_mixed,25.0,0.0,105,0.5329797880258411,0.010714285714285714,72.95562499999998,6.243932103192456,3,0.0035714285714285713,0.9714285714285714,False,True,False,0.9714285714285714,S-DES|m1|p0|r1,1,0,1,1487495742,105,145.61801952063576,-145.61801952063576,0.1
S-DES,full_noise_campaign,es_stdp_teacher_off,1,1180249098,ES+STDP teacher-free,poisson_mixed,50.0,0.0,105,0.5334503930062056,0.017857142857142856,74.33437499999995,6.334227096225027,10,0.011904761904761904,0.9047619047619048,False,True,False,0.9047619047619048,S-DES|m1|p0|r1,1,0,1,1135974513,105,145.61801952063576,-145.61801952063576,0.1
S-DES,full_noise_campaign,es_stdp_teacher_off,1,1180249098,ES+STDP teacher-free,poisson_mixed,100.0,0.0,105,0.5463172539602965,0.04642857142857143,78.65062499999998,6.592753142818568,24,0.02857142857142857,0.780952380952381,False,True,False,0.780952380952381,S-DES|m1|p0|r1,1,0,1,1558092195,105,145.61801952063576,-145.61801952063576,0.1
S-DES,full_noise_campaign,es_stdp_teacher_off,1,815559081,ES+STDP teacher-free,none,0.0,0.0,105,0.5350213549099863,0.0035714285714285713,71.66499999999999,6.165614067096843,2,0.002380952380952381,0.9809523809523809,False,True,False,0.9809523809523809,S-DES|m1|p1|r0,1,1,0,234196782,105,145.61801952063576,-145.61801952063576,0.1
S-DES,full_noise_campaign,es_stdp_teacher_off,1,815559081,ES+STDP teacher-free,poisson_excitatory,5.0,0.0,105,0.5361159238964319,0.009523809523809525,71.67562500000003,6.174047742395987,5,0.005952380952380952,0.9523809523809523,False,True,False,0.9523809523809523,S-DES|m1|p1|r0,1,1,0,1983319377,105,145.61801952063576,-145.61801952063576,0.1
S-DES,full_noise_campaign,es_stdp_teacher_off,1,815559081,ES+STDP teacher-free,poisson_excitatory,10.0,0.0,105,0.5359672899357975,0.011904761904761904,72.63687499999999,6.235689507569835,5,0.005952380952380952,0.9523809523809523,False,True,False,0.9523809523809523,S-DES|m1|p1|r0,1,1,0,1807436621,105,145.61801952063576,-145.61801952063576,0.1
S-DES,full_noise_campaign,es_stdp_teacher_off,1,815559081,ES+STDP teacher-free,poisson_excitatory,25.0,0.0,105,0.5344206779263914,0.02619047619047619,75.39624999999995,6.429266061809761,12,0.014285714285714285,0.8857142857142857,False,True,False,0.8857142857142857,S-DES|m1|p1|r0,1,1,0,2143626832,105,145.61801952063576,-145.61801952063576,0.1
S-DES,full_noise_campaign,es_stdp_teacher_off,1,815559081,ES+STDP teacher-free,poisson_excitatory,50.0,0.0,105,0.5334235958289355,0.07261904761904762,83.20437499999998,6.969119536812785,37,0.04404761904761905,0.7047619047619047,False,True,False,0.7047619047619047,S-DES|m1|p1|r0,1,1,0,1691999391,105,145.61801952063576,-145.61801952063576,0.1
S-DES,full_noise_campaign,es_stdp_teacher_off,1,815559081,ES+STDP teacher-free,poisson_excitatory,100.0,0.0,105,0.5525674361269921,0.18571428571428572,101.12312499999997,8.165568258368396,96,0.11428571428571428,0.4571428571428572,False,True,False,0.4571428571428572,S-DES|m1|p1|r0,1,1,0,338601192,105,145.61801952063576,-145.61801952063576,0.1
S-DES,full_noise_campaign,es_stdp_teacher_off,1,815559081,ES+STDP teacher-free,poisson_inhibitory,5.0,0.0,105,0.5375196100212634,0.004761904761904762,72.23750000000001,6.191544736273971,2,0.002380952380952381,0.9809523809523809,False,True,False,0.9809523809523809,S-DES|m1|p1|r0,1,1,0,685380319,105,145.61801952063576,-145.61801952063576,0.1
S-DES,full_noise_campaign,es_stdp_teacher_off,1,815559081,ES+STDP teacher-free,poisson_inhibitory,10.0,0.0,105,0.5283935971092433,0.009523809523809525,72.81187499999999,6.22113574272149,3,0.0035714285714285713,0.9714285714285714,False,True,False,0.9714285714285714,S-DES|m1|p1|r0,1,1,0,40068332,105,145.61801952063576,-145.61801952063576,0.1
S-DES,full_noise_campaign,es_stdp_teacher_off,1,815559081,ES+STDP teacher-free,poisson_inhibitory,25.0,0.0,105,0.5322003120090812,0.013095238095238096,74.00000000000006,6.275409406127364,8,0.009523809523809525,0.9238095238095239,False,True,False,0.9238095238095239,S-DES|m1|p1|r0,1,1,0,371001841,105,145.61801952063576,-145.61801952063576,0.1
S-DES,full_noise_campaign,es_stdp_teacher_off,1,815559081,ES+STDP teacher-free,poisson_inhibitory,50.0,0.0,105,0.5321661848574877,0.02023809523809524,76.036875,6.391709578090913,9,0.010714285714285714,0.9142857142857143,False,True,False,0.9142857142857143,S-DES|m1|p1|r0,1,1,0,218231744,105,145.61801952063576,-145.61801952063576,0.1
S-DES,full_noise_campaign,es_stdp_teacher_off,1,815559081,ES+STDP teacher-free,poisson_inhibitory,100.0,0.0,105,0.5303770599421114,0.11785714285714285,80.18812499999997,6.720976795462853,61,0.07261904761904762,0.5428571428571429,False,True,False,0.5428571428571429,S-DES|m1|p1|r0,1,1,0,1128967846,105,145.61801952063576,-145.61801952063576,0.1
S-DES,full_noise_campaign,es_stdp_teacher_off,1,815559081,ES+STDP teacher-free,poisson_mixed,5.0,0.0,105,0.535192993003875,0.007142857142857143,72.009375,6.182740467908022,4,0.004761904761904762,0.9619047619047619,False,True,False,0.9619047619047619,S-DES|m1|p1|r0,1,1,0,1342871228,105,145.61801952063576,-145.61801952063576,0.1
S-DES,full_noise_campaign,es_stdp_teacher_off,1,815559081,ES+STDP teacher-free,poisson_mixed,10.0,0.0,105,0.5307377718854696,0.008333333333333333,72.09500000000006,6.187494793657014,3,0.0035714285714285713,0.9714285714285714,False,True,False,0.9714285714285714,S-DES|m1|p1|r0,1,1,0,1050169537,105,145.61801952063576,-145.61801952063576,0.1
S-DES,full_noise_campaign,es_stdp_teacher_off,1,815559081,ES+STDP teacher-free,poisson_mixed,25.0,0.0,105,0.536534913117066,0.011904761904761904,73.84750000000001,6.283494465418486,6,0.007142857142857143,0.9428571428571428,False,True,False,0.9428571428571428,S-DES|m1|p1|r0,1,1,0,719732156,105,145.61801952063576,-145.61801952063576,0.1
S-DES,full_noise_campaign,es_stdp_teacher_off,1,815559081,ES+STDP teacher-free,poisson_mixed,50.0,0.0,105,0.5335167939774692,0.016666666666666666,74.89437499999998,6.346656692385446,8,0.009523809523809525,0.9238095238095239,False,True,False,0.9238095238095239,S-DES|m1|p1|r0,1,1,0,838518763,105,145.61801952063576,-145.61801952063576,0.1
S-DES,full_noise_campaign,es_stdp_teacher_off,1,815559081,ES+STDP teacher-free,poisson_mixed,100.0,0.0,105,0.5366380561608821,0.04404761904761905,78.52625000000003,6.575389760707338,22,0.02619047619047619,0.8285714285714285,False,True,False,0.8285714285714285,S-DES|m1|p1|r0,1,1,0,1484255325,105,145.61801952063576,-145.61801952063576,0.1
S-DES,full_noise_campaign,es_stdp_teacher_off,1,1201357331,ES+STDP teacher-free,none,0.0,0.0,105,0.5326595299411565,0.0035714285714285713,71.66499999999999,6.165614067096843,2,0.002380952380952381,0.9809523809523809,False,True,False,0.9809523809523809,S-DES|m1|p1|r1,1,1,1,1647830117,105,145.61801952063576,-145.61801952063576,0.1
S-DES,full_noise_campaign,es_stdp_teacher_off,1,1201357331,ES+STDP teacher-free,poisson_excitatory,5.0,0.0,105,0.5280153788626194,0.005952380952380952,71.98249999999997,6.193921801183259,4,0.004761904761904762,0.9619047619047619,False,True,False,0.9619047619047619,S-DES|m1|p1|r1,1,1,1,1997695019,105,145.61801952063576,-145.61801952063576,0.1
S-DES,full_noise_campaign,es_stdp_teacher_off,1,1201357331,ES+STDP teacher-free,poisson_excitatory,10.0,0.0,105,0.5420355941168964,0.013095238095238096,72.29749999999999,6.224268285131375,6,0.007142857142857143,0.9428571428571428,False,True,False,0.9428571428571428,S-DES|m1|p1|r1,1,1,1,1311824728,105,145.61801952063576,-145.61801952063576,0.1
S-DES,full_noise_campaign,es_stdp_teacher_off,1,1201357331,ES+STDP teacher-free,poisson_excitatory,25.0,0.0,105,0.5343598430044949,0.02619047619047619,75.74562499999999,6.437306860250811,13,0.015476190476190477,0.8857142857142857,False,True,False,0.8857142857142857,S-DES|m1|p1|r1,1,1,1,1515107923,105,145.61801952063576,-145.61801952063576,0.1
S-DES,full_noise_campaign,es_stdp_teacher_off,1,1201357331,ES+STDP teacher-free,poisson_excitatory,50.0,0.0,105,0.5345918689854443,0.07857142857142857,82.45499999999997,6.921287088475495,43,0.05119047619047619,0.638095238095238,False,True,False,0.638095238095238,S-DES|m1|p1|r1,1,1,1,1095912612,105,145.61801952063576,-145.61801952063576,0.1
S-DES,full_noise_campaign,es_stdp_teacher_off,1,1201357331,ES+STDP teacher-free,poisson_excitatory,100.0,0.0,105,0.5360558319371194,0.17857142857142858,100.20812499999998,8.168775311236221,91,0.10833333333333334,0.4571428571428572,False,True,False,0.4571428571428572,S-DES|m1|p1|r1,1,1,1,1932722772,105,145.61801952063576,-145.61801952063576,0.1
S-DES,full_noise_campaign,es_stdp_teacher_off,1,1201357331,ES+STDP teacher-free,poisson_inhibitory,5.0,0.0,105,0.5318026139866561,0.007142857142857143,72.20687500000001,6.187201503359149,4,0.004761904761904762,0.9619047619047619,False,True,False,0.9619047619047619,S-DES|m1|p1|r1,1,1,1,704608189,105,145.61801952063576,-145.61801952063576,0.1
S-DES,full_noise_campaign,es_stdp_teacher_off,1,1201357331,ES+STDP teacher-free,poisson_inhibitory,10.0,0.0,105,0.5398935540579259,0.008333333333333333,72.65125000000003,6.202751650923474,3,0.0035714285714285713,0.9714285714285714,False,True,False,0.9714285714285714,S-DES|m1|p1|r1,1,1,1,669578487,105,145.61801952063576,-145.61801952063576,0.1
S-DES,full_noise_campaign,es_stdp_teacher_off,1,1201357331,ES+STDP teacher-free,poisson_inhibitory,25.0,0.0,105,0.5305693619884551,0.011904761904761904,74.08437500000002,6.287819592794138,6,0.007142857142857143,0.9428571428571428,False,True,False,0.9428571428571428,S-DES|m1|p1|r1,1,1,1,865507828,105,145.61801952063576,-145.61801952063576,0.1
S-DES,full_noise_campaign,es_stdp_teacher_off,1,1201357331,ES+STDP teacher-free,poisson_inhibitory,50.0,0.0,105,0.531802827026695,0.03571428571428571,76.38937500000003,6.410281831236295,19,0.02261904761904762,0.819047619047619,False,True,False,0.819047619047619,S-DES|m1|p1|r1,1,1,1,680158149,105,145.61801952063576,-145.61801952063576,0.1
S-DES,full_noise_campaign,es_stdp_teacher_off,1,1201357331,ES+STDP teacher-free,poisson_inhibitory,100.0,0.0,105,0.5322143379598856,0.14047619047619048,80.26312499999997,6.762270758803019,82,0.09761904761904762,0.4476190476190476,False,True,False,0.4476190476190476,S-DES|m1|p1|r1,1,1,1,609683734,105,145.61801952063576,-145.61801952063576,0.1
S-DES,full_noise_campaign,es_stdp_teacher_off,1,1201357331,ES+STDP teacher-free,poisson_mixed,5.0,0.0,105,0.527664657915011,0.007142857142857143,71.81437500000003,6.176714288550285,5,0.005952380952380952,0.9523809523809523,False,True,False,0.9523809523809523,S-DES|m1|p1|r1,1,1,1,132650739,105,145.61801952063576,-145.61801952063576,0.1
S-DES,full_noise_campaign,es_stdp_teacher_off,1,1201357331,ES+STDP teacher-free,poisson_mixed,10.0,0.0,105,0.541325150988996,0.007142857142857143,72.21062500000004,6.19850062750071,3,0.0035714285714285713,0.9714285714285714,False,True,False,0.9714285714285714,S-DES|m1|p1|r1,1,1,1,1543465979,105,145.61801952063576,-145.61801952063576,0.1
S-DES,full_noise_campaign,es_stdp_teacher_off,1,1201357331,ES+STDP teacher-free,poisson_mixed,25.0,0.0,105,0.53125852602534,0.010714285714285714,73.13125000000002,6.249389335419032,5,0.005952380952380952,0.9523809523809523,False,True,False,0.9523809523809523,S-DES|m1|p1|r1,1,1,1,1333855998,105,145.61801952063576,-145.61801952063576,0.1
S-DES,full_noise_campaign,es_stdp_teacher_off,1,1201357331,ES+STDP teacher-free,poisson_mixed,50.0,0.0,105,0.5293420071247965,0.015476190476190477,75.07625,6.3581882554094555,8,0.009523809523809525,0.9333333333333333,False,True,False,0.9333333333333333,S-DES|m1|p1|r1,1,1,1,1419639985,105,145.61801952063576,-145.61801952063576,0.1
S-DES,full_noise_campaign,es_stdp_teacher_off,1,1201357331,ES+STDP teacher-free,poisson_mixed,100.0,0.0,105,0.5327287411782891,0.030952380952380953,78.185,6.578912487671409,17,0.02023809523809524,0.8380952380952381,False,True,False,0.8380952380952381,S-DES|m1|p1|r1,1,1,1,1202549720,105,145.61801952063576,-145.61801952063576,0.1
S-DES,full_noise_campaign,es_stdp_teacher_off,1,853200722,ES+STDP teacher-free,none,0.0,0.0,105,0.524115206906572,0.008333333333333333,71.23937500000004,6.109667304204223,3,0.0035714285714285713,0.9714285714285714,False,True,False,0.9714285714285714,S-DES|m1|p2|r0,1,2,0,2053856798,105,145.61801952063576,-145.61801952063576,0.1
S-DES,full_noise_campaign,es_stdp_teacher_off,1,853200722,ES+STDP teacher-free,poisson_excitatory,5.0,0.0,105,0.5359939080663025,0.010714285714285714,71.14125000000004,6.1111733542607904,4,0.004761904761904762,0.9619047619047619,False,True,False,0.9619047619047619,S-DES|m1|p2|r0,1,2,0,73457928,105,145.61801952063576,-145.61801952063576,0.1
S-DES,full_noise_campaign,es_stdp_teacher_off,1,853200722,ES+STDP teacher-free,poisson_excitatory,10.0,0.0,105,0.5330793510656804,0.015476190476190477,71.865625,6.155296308883041,7,0.008333333333333333,0.9333333333333333,False,True,False,0.9333333333333333,S-DES|m1|p2|r0,1,2,0,1479501579,105,145.61801952063576,-145.61801952063576,0.1
S-DES,full_noise_campaign,es_stdp_teacher_off,1,853200722,ES+STDP teacher-free,poisson_excitatory,25.0,0.0,105,0.5368266289588064,0.02261904761904762,76.02125,6.405261501844601,11,0.013095238095238096,0.9142857142857143,False,True,False,0.9142857142857143,S-DES|m1|p2|r0,1,2,0,1280379920,105,145.61801952063576,-145.61801952063576,0.1
S-DES,full_noise_campaign,es_stdp_teacher_off,1,853200722,ES+STDP teacher-free,poisson_excitatory,50.0,0.0,105,0.5343831779900938,0.05357142857142857,83.25187499999996,6.910320793211534,23,0.02738095238095238,0.8095238095238095,False,True,False,0.8095238095238095,S-DES|m1|p2|r0,1,2,0,1464725985,105,145.61801952063576,-145.61801952063576,0.1
S-DES,full_noise_campaign,es_stdp_teacher_off,1,853200722,ES+STDP teacher-free,poisson_excitatory,100.0,0.0,105,0.530485677998513,0.15595238095238095,99.584375,8.025745587177756,73,0.0869047619047619,0.5333333333333333,False,True,False,0.5333333333333333,S-DES|m1|p2|r0,1,2,0,384869317,105,145.61801952063576,-145.61801952063576,0.1
S-DES,full_noise_campaign,es_stdp_teacher_off,1,853200722,ES+STDP teacher-free,poisson_inhibitory,5.0,0.0,105,0.5331221888773143,0.014285714285714285,71.77875000000003,6.131119510481927,5,0.005952380952380952,0.9523809523809523,False,True,False,0.9523809523809523,S-DES|m1|p2|r0,1,2,0,1519255416,105,145.61801952063576,-145.61801952063576,0.1
S-DES,full_noise_campaign,es_stdp_teacher_off,1,853200722,ES+STDP teacher-free,poisson_inhibitory,10.0,0.0,105,0.5307766569312662,0.011904761904761904,71.90625000000003,6.139010158189139,3,0.0035714285714285713,0.9714285714285714,False,True,False,0.9714285714285714,S-DES|m1|p2|r0,1,2,0,838289708,105,145.61801952063576,-145.61801952063576,0.1
S-DES,full_noise_campaign,es_stdp_teacher_off,1,853200722,ES+STDP teacher-free,poisson_inhibitory,25.0,0.0,105,0.5314411949366331,0.013095238095238096,73.20500000000001,6.206499096113799,4,0.004761904761904762,0.9619047619047619,False,True,False,0.9619047619047619,S-DES|m1|p2|r0,1,2,0,629744687,105,145.61801952063576,-145.61801952063576,0.1
S-DES,full_noise_campaign,es_stdp_teacher_off,1,853200722,ES+STDP teacher-free,poisson_inhibitory,50.0,0.0,105,0.5405527609400451,0.02023809523809524,75.69749999999998,6.340911416379434,6,0.007142857142857143,0.9428571428571428,False,True,False,0.9428571428571428,S-DES|m1|p2|r0,1,2,0,1050009216,105,145.61801952063576,-145.61801952063576,0.1
S-DES,full_noise_campaign,es_stdp_teacher_off,1,853200722,ES+STDP teacher-free,poisson_inhibitory,100.0,0.0,105,0.5284730631392449,0.10833333333333334,78.74687499999997,6.605026409877227,56,0.06666666666666667,0.6095238095238096,False,True,False,0.6095238095238096,S-DES|m1|p2|r0,1,2,0,1100261765,105,145.61801952063576,-145.61801952063576,0.1
S-DES,full_noise_campaign,es_stdp_teacher_off,1,853200722,ES+STDP teacher-free,poisson_mixed,5.0,0.0,105,0.5317557081580162,0.009523809523809525,71.24937500000004,6.111415885697779,4,0.004761904761904762,0.9619047619047619,False,True,False,0.9619047619047619,S-DES|m1|p2|r0,1,2,0,722736285,105,145.61801952063576,-145.61801952063576,0.1
S-DES,full_noise_campaign,es_stdp_teacher_off,1,853200722,ES+STDP teacher-free,poisson_mixed,10.0,0.0,105,0.5318849589675665,0.007142857142857143,71.63187500000001,6.130920521177858,3,0.0035714285714285713,0.9714285714285714,False,True,False,0.9714285714285714,S-DES|m1|p2|r0,1,2,0,132185601,105,145.61801952063576,-145.61801952063576,0.1
S-DES,full_noise_campaign,es_stdp_teacher_off,1,853200722,ES+STDP teacher-free,poisson_mixed,25.0,0.0,105,0.5302410300355405,0.013095238095238096,72.571875,6.18855291237298,4,0.004761904761904762,0.9619047619047619,False,True,False,0.9619047619047619,S-DES|m1|p2|r0,1,2,0,329158908,105,145.61801952063576,-145.61801952063576,0.1
S-DES,full_noise_campaign,es_stdp_teacher_off,1,853200722,ES+STDP teacher-free,poisson_mixed,50.0,0.0,105,0.5370799340307713,0.013095238095238096,74.54062500000003,6.294157023081921,6,0.007142857142857143,0.9428571428571428,False,True,False,0.9428571428571428,S-DES|m1|p2|r0,1,2,0,142764715,105,145.61801952063576,-145.61801952063576,0.1
S-DES,full_noise_campaign,es_stdp_teacher_off,1,853200722,ES+STDP teacher-free,poisson_mixed,100.0,0.0,105,0.5311631071381271,0.03571428571428571,78.22249999999997,6.518925073518268,17,0.02023809523809524,0.8571428571428572,False,True,False,0.8571428571428572,S-DES|m1|p2|r0,1,2,0,781371704,105,145.61801952063576,-145.61801952063576,0.1
S-DES,full_noise_campaign,es_stdp_teacher_off,1,1172176860,ES+STDP teacher-free,none,0.0,0.0,105,0.5306584099307656,0.008333333333333333,71.23937500000004,6.109667304204223,3,0.0035714285714285713,0.9714285714285714,False,True,False,0.9714285714285714,S-DES|m1|p2|r1,1,2,1,363411189,105,145.61801952063576,-145.61801952063576,0.1
S-DES,full_noise_campaign,es_stdp_teacher_off,1,1172176860,ES+STDP teacher-free,poisson_excitatory,5.0,0.0,105,0.5311371479183435,0.005952380952380952,71.26625000000001,6.117282680536621,2,0.002380952380952381,0.9809523809523809,False,True,False,0.9809523809523809,S-DES|m1|p2|r1,1,2,1,88442404,105,145.61801952063576,-145.61801952063576,0.1
S-DES,full_noise_campaign,es_stdp_teacher_off,1,1172176860,ES+STDP teacher-free,poisson_excitatory,10.0,0.0,105,0.5279397699050605,0.015476190476190477,72.19125,6.172480723255897,6,0.007142857142857143,0.9523809523809523,False,True,False,0.9523809523809523,S-DES|m1|p2|r1,1,2,1,2107963160,105,145.61801952063576,-145.61801952063576,0.1
S-DES,full_noise_campaign,es_stdp_teacher_off,1,1172176860,ES+STDP teacher-free,poisson_excitatory,25.0,0.0,105,0.5477235219441354,0.02023809523809524,75.5825,6.366436407857372,8,0.009523809523809525,0.9238095238095239,False,True,False,0.9238095238095239,S-DES|m1|p2|r1,1,2,1,1775934485,105,145.61801952063576,-145.61801952063576,0.1
S-DES,full_noise_campaign,es_stdp_teacher_off,1,1172176860,ES+STDP teacher-free,poisson_excitatory,50.0,0.0,105,0.5440496590454131,0.06547619047619048,82.89687499999998,6.8806331213341245,27,0.03214285714285714,0.7619047619047619,False,True,False,0.7619047619047619,S-DES|m1|p2|r1,1,2,1,1925603812,105,145.61801952063576,-145.61801952063576,0.1
S-DES,full_noise_campaign,es_stdp_teacher_off,1,1172176860,ES+STDP teacher-free,poisson_excitatory,100.0,0.0,105,0.5322618279606104,0.1523809523809524,99.01312499999999,7.971870060058304,73,0.0869047619047619,0.5333333333333333,False,True,False,0.5333333333333333,S-DES|m1|p2|r1,1,2,1,1911358775,105,145.61801952063576,-145.61801952063576,0.1
S-DES,full_noise_campaign,es_stdp_teacher_off,1,1172176860,ES+STDP teacher-free,poisson_inhibitory,5.0,0.0,105,0.5335373850539327,0.008333333333333333,71.49500000000003,6.117822848118016,3,0.0035714285714285713,0.9714285714285714,False,True,False,0.9714285714285714,S-DES|m1|p2|r1,1,2,1,1537776276,105,145.61801952063576,-145.61801952063576,0.1
S-DES,full_noise_campaign,es_stdp_teacher_off,1,1172176860,ES+STDP teacher-free,poisson_inhibitory,10.0,0.0,105,0.53752885106951,0.009523809523809525,71.96500000000006,6.146770481941202,4,0.004761904761904762,0.9619047619047619,False,True,False,0.9619047619047619,S-DES|m1|p2|r1,1,2,1,343726393,105,145.61801952063576,-145.61801952063576,0.1
S-DES,full_noise_campaign,es_stdp_teacher_off,1,1172176860,ES+STDP teacher-free,poisson_inhibitory,25.0,0.0,105,0.526568871922791,0.016666666666666666,73.636875,6.227686444952617,7,0.008333333333333333,0.9333333333333333,False,True,False,0.9333333333333333,S-DES|m1|p2|r1,1,2,1,177204,105,145.61801952063576,-145.61801952063576,0.1
S-DES,full_noise_campaign,es_stdp_teacher_off,1,1172176860,ES+STDP teacher-free,poisson_inhibitory,50.0,0.0,105,0.5337671630550176,0.01904761904761905,75.61875,6.340126549881317,8,0.009523809523809525,0.9238095238095239,False,True,False,0.9238095238095239,S-DES|m1|p2|r1,1,2,1,454971011,105,145.61801952063576,-145.61801952063576,0.1
S-DES,full_noise_campaign,es_stdp_teacher_off,1,1172176860,ES+STDP teacher-free,poisson_inhibitory,100.0,0.0,105,0.5411909241229296,0.12142857142857143,79.22562500000001,6.647534622794553,63,0.075,0.5238095238095238,False,True,False,0.5238095238095238,S-DES|m1|p2|r1,1,2,1,646516727,105,145.61801952063576,-145.61801952063576,0.1
S-DES,full_noise_campaign,es_stdp_teacher_off,1,1172176860,ES+STDP teacher-free,poisson_mixed,5.0,0.0,105,0.5341779189184308,0.016666666666666666,71.46937500000004,6.128168468845251,7,0.008333333333333333,0.9333333333333333,False,True,False,0.9333333333333333,S-DES|m1|p2|r1,1,2,1,2096534612,105,145.61801952063576,-145.61801952063576,0.1
S-DES,full_noise_campaign,es_stdp_teacher_off,1,1172176860,ES+STDP teacher-free,poisson_mixed,10.0,0.0,105,0.5291636039037257,0.008333333333333333,71.32125000000002,6.119705148276963,3,0.0035714285714285713,0.9714285714285714,False,True,False,0.9714285714285714,S-DES|m1|p2|r1,1,2,1,1653065403,105,145.61801952063576,-145.61801952063576,0.1
S-DES,full_noise_campaign,es_stdp_teacher_off,1,1172176860,ES+STDP teacher-free,poisson_mixed,25.0,0.0,105,0.5319014058914036,0.009523809523809525,71.915,6.136217216529108,3,0.0035714285714285713,0.9714285714285714,False,True,False,0.9714285714285714,S-DES|m1|p2|r1,1,2,1,1996073918,105,145.61801952063576,-145.61801952063576,0.1
S-DES,full_noise_campaign,es_stdp_teacher_off,1,1172176860,ES+STDP teacher-free,poisson_mixed,50.0,0.0,105,0.5437042210251093,0.015476190476190477,74.72312500000001,6.30062699818574,7,0.008333333333333333,0.9333333333333333,False,True,False,0.9333333333333333,S-DES|m1|p2|r1,1,2,1,1843745265,105,145.61801952063576,-145.61801952063576,0.1
S-DES,full_noise_campaign,es_stdp_teacher_off,1,1172176860,ES+STDP teacher-free,poisson_mixed,100.0,0.0,105,0.5386907709762454,0.03571428571428571,78.16687499999995,6.522484494090897,21,0.025,0.8,False,True,False,0.8,S-DES|m1|p2|r1,1,2,1,826821307,105,145.61801952063576,-145.61801952063576,0.1
S-DES,full_noise_campaign,es_stdp_teacher_off,1,857253179,ES+STDP teacher-free,none,0.0,0.0,105,0.5272319200448692,0.004761904761904762,71.81062500000004,6.127791755838784,1,0.0011904761904761906,0.9904761904761905,False,True,False,0.9904761904761905,S-DES|m1|p3|r0,1,3,0,1640894918,105,145.61801952063576,-145.61801952063576,0.1
S-DES,full_noise_campaign,es_stdp_teacher_off,1,857253179,ES+STDP teacher-free,poisson_excitatory,5.0,0.0,105,0.5310928111430258,0.008333333333333333,71.915,6.142656795060507,3,0.0035714285714285713,0.9714285714285714,False,True,False,0.9714285714285714,S-DES|m1|p3|r0,1,3,0,1669154420,105,145.61801952063576,-145.61801952063576,0.1
S-DES,full_noise_campaign,es_stdp_teacher_off,1,857253179,ES+STDP teacher-free,poisson_excitatory,10.0,0.0,105,0.5320999389514327,0.009523809523809525,72.32937499999998,6.167752876438775,2,0.002380952380952381,0.9809523809523809,False,True,False,0.9809523809523809,S-DES|m1|p3|r0,1,3,0,916684236,105,145.61801952063576,-145.61801952063576,0.1
S-DES,full_noise_campaign,es_stdp_teacher_off,1,857253179,ES+STDP teacher-free,poisson_excitatory,25.0,0.0,105,0.5330731198191643,0.02261904761904762,75.27374999999998,6.356364414043924,12,0.014285714285714285,0.8857142857142857,False,True,False,0.8857142857142857,S-DES|m1|p3|r0,1,3,0,584913103,105,145.61801952063576,-145.61801952063576,0.1
S-DES,full_noise_campaign,es_stdp_teacher_off,1,857253179,ES+STDP teacher-free,poisson_excitatory,50.0,0.0,105,0.529065779177472,0.07976190476190476,83.08375000000001,6.897351644109835,45,0.05357142857142857,0.6285714285714286,False,True,False,0.6285714285714286,S-DES|m1|p3|r0,1,3,0,969009952,105,145.61801952063576,-145.61801952063576,0.1
S-DES,full_noise_campaign,es_stdp_teacher_off,1,857253179,ES+STDP teacher-free,poisson_excitatory,100.0,0.0,105,0.5333314680028707,0.18214285714285713,98.89499999999998,7.995078652358808,89,0.10595238095238095,0.5047619047619047,False,True,False,0.5047619047619047,S-DES|m1|p3|r0,1,3,0,390422194,105,145.61801952063576,-145.61801952063576,0.1
S-DES,full_noise_campaign,es_stdp_teacher_off,1,857253179,ES+STDP teacher-free,poisson_inhibitory,5.0,0.0,105,0.5320804750081152,0.005952380952380952,72.20312499999999,6.144885315843532,2,0.002380952380952381,0.9809523809523809,False,True,False,0.9809523809523809,S-DES|m1|p3|r0,1,3,0,1032870404,105,145.61801952063576,-145.61801952063576,0.1
S-DES,full_noise_campaign,es_stdp_teacher_off,1,857253179,ES+STDP teacher-free,poisson_inhibitory,10.0,0.0,105,0.5363684380427003,0.010714285714285714,72.98374999999999,6.19016873411068,3,0.0035714285714285713,0.9714285714285714,False,True,False,0.9714285714285714,S-DES|m1|p3|r0,1,3,0,1601917547,105,145.61801952063576,-145.61801952063576,0.1
S-DES,full_noise_campaign,es_stdp_teacher_off,1,857253179,ES+STDP teacher-free,poisson_inhibitory,25.0,0.0,105,0.5404993239790201,0.016666666666666666,74.64374999999998,6.277808878122123,6,0.007142857142857143,0.9428571428571428,False,True,False,0.9428571428571428,S-DES|m1|p3|r0,1,3,0,1258635120,105,145.61801952063576,-145.61801952063576,0.1
S-DES,full_noise_campaign,es_stdp_teacher_off,1,857253179,ES+STDP teacher-free,poisson_inhibitory,50.0,0.0,105,0.5488180010579526,0.025,76.56937499999998,6.3891660107303005,8,0.009523809523809525,0.9238095238095239,False,True,False,0.9238095238095239,S-DES|m1|p3|r0,1,3,0,1343866177,105,145.61801952063576,-145.61801952063576,0.1
S-DES,full_noise_campaign,es_stdp_teacher_off,1,857253179,ES+STDP teacher-free,poisson_inhibitory,100.0,0.0,105,0.53797328309156,0.15476190476190477,79.96124999999995,6.71896146849733,82,0.09761904761904762,0.4571428571428572,False,True,False,0.4571428571428572,S-DES|m1|p3|r0,1,3,0,1075926128,105,145.61801952063576,-145.61801952063576,0.1
S-DES,full_noise_campaign,es_stdp_teacher_off,1,857253179,ES+STDP teacher-free,poisson_mixed,5.0,0.0,105,0.5340439639985561,0.005952380952380952,71.84437500000001,6.130963142900749,2,0.002380952380952381,0.9809523809523809,False,True,False,0.9809523809523809,S-DES|m1|p3|r0,1,3,0,885954582,105,145.61801952063576,-145.61801952063576,0.1
S-DES,full_noise_campaign,es_stdp_teacher_off,1,857253179,ES+STDP teacher-free,poisson_mixed,10.0,0.0,105,0.5338709189090878,0.007142857142857143,72.14750000000001,6.152694272988056,2,0.002380952380952381,0.9809523809523809,False,True,False,0.9809523809523809,S-DES|m1|p3|r0,1,3,0,281581889,105,145.61801952063576,-145.61801952063576,0.1
S-DES,full_noise_campaign,es_stdp_teacher_off,1,857253179,ES+STDP teacher-free,poisson_mixed,25.0,0.0,105,0.5375059118960053,0.01904761904761905,73.77937499999999,6.247485441488433,6,0.007142857142857143,0.9428571428571428,False,True,False,0.9428571428571428,S-DES|m1|p3|r0,1,3,0,79098940,105,145.61801952063576,-145.61801952063576,0.1
S-DES,full_noise_campaign,es_stdp_teacher_off,1,857253179,ES+STDP teacher-free,poisson_mixed,50.0,0.0,105,0.5363491221796721,0.017857142857142856,75.35812499999999,6.339443930162528,6,0.007142857142857143,0.9428571428571428,False,True,False,0.9428571428571428,S-DES|m1|p3|r0,1,3,0,531238507,105,145.61801952063576,-145.61801952063576,0.1
S-DES,full_noise_campaign,es_stdp_teacher_off,1,857253179,ES+STDP teacher-free,poisson_mixed,100.0,0.0,105,0.5348476809449494,0.041666666666666664,78.87187499999997,6.542900013044592,19,0.02261904761904762,0.8285714285714285,False,True,False,0.8285714285714285,S-DES|m1|p3|r0,1,3,0,903947269,105,145.61801952063576,-145.61801952063576,0.1
S-DES,full_noise_campaign,es_stdp_teacher_off,1,1142920625,ES+STDP teacher-free,none,0.0,0.0,105,0.5314088999293745,0.004761904761904762,71.81062500000004,6.127791755838784,1,0.0011904761904761906,0.9904761904761905,False,True,False,0.9904761904761905,S-DES|m1|p3|r1,1,3,1,235698895,105,145.61801952063576,-145.61801952063576,0.1
S-DES,full_noise_campaign,es_stdp_teacher_off,1,1142920625,ES+STDP teacher-free,poisson_excitatory,5.0,0.0,105,0.5424261388834566,0.008333333333333333,71.86249999999998,6.146027838166971,4,0.004761904761904762,0.9619047619047619,False,True,False,0.9619047619047619,S-DES|m1|p3|r1,1,3,1,1649943448,105,145.61801952063576,-145.61801952063576,0.1
S-DES,full_noise_campaign,es_stdp_teacher_off,1,1142920625,ES+STDP teacher-free,poisson_excitatory,10.0,0.0,105,0.5357400998473167,0.008333333333333333,72.13437499999996,6.159491451835921,4,0.004761904761904762,0.9619047619047619,False,True,False,0.9619047619047619,S-DES|m1|p3|r1,1,3,1,321449433,105,145.61801952063576,-145.61801952063576,0.1
S-DES,full_noise_campaign,es_stdp_teacher_off,1,1142920625,ES+STDP teacher-free,poisson_excitatory,25.0,0.0,105,0.533111184835434,0.03214285714285714,75.44624999999994,6.381537286784209,17,0.02023809523809524,0.8476190476190476,False,True,False,0.8476190476190476,S-DES|m1|p3|r1,1,3,1,123109588,105,145.61801952063576,-145.61801952063576,0.1
S-DES,full_noise_campaign,es_stdp_teacher_off,1,1142920625,ES+STDP teacher-free,poisson_excitatory,50.0,0.0,105,0.5351105949375778,0.08214285714285714,83.09999999999998,6.8872954738368595,29,0.034523809523809526,0.7619047619047619,False,True,False,0.7619047619047619,S-DES|m1|p3|r1,1,3,1,474643235,105,145.61801952063576,-145.61801952063576,0.1
S-DES,full_noise_campaign,es_stdp_teacher_off,1,1142920625,ES+STDP teacher-free,poisson_excitatory,100.0,0.0,105,0.5382948718033731,0.175,99.66499999999999,8.03536180966862,82,0.09761904761904762,0.49523809523809526,False,True,False,0.49523809523809526,S-DES|m1|p3|r1,1,3,1,1884878906,105,145.61801952063576,-145.61801952063576,0.1
S-DES,full_noise_campaign,es_stdp_teacher_off,1,1142920625,ES+STDP teacher-free,poisson_inhibitory,5.0,0.0,105,0.5370159400627017,0.008333333333333333,72.19937500000002,6.150497365756475,1,0.0011904761904761906,0.9904761904761905,False,True,False,0.9904761904761905,S-DES|m1|p3|r1,1,3,1,1018510632,105,145.61801952063576,-145.61801952063576,0.1
S-DES,full_noise_campaign,es_stdp_teacher_off,1,1142920625,ES+STDP teacher-free,poisson_inhibitory,10.0,0.0,105,0.5324553099926561,0.013095238095238096,73.19687499999998,6.198314735865136,4,0.004761904761904762,0.9619047619047619,False,True,False,0.9619047619047619,S-DES|m1|p3|r1,1,3,1,2062598776,105,145.61801952063576,-145.61801952063576,0.1
S-DES,full_noise_campaign,es_stdp_teacher_off,1,1142920625,ES+STDP teacher-free,poisson_inhibitory,25.0,0.0,105,0.5325693860650063,0.014285714285714285,74.300625,6.253236267589273,5,0.005952380952380952,0.9523809523809523,False,True,False,0.9523809523809523,S-DES|m1|p3|r1,1,3,1,1854844789,105,145.61801952063576,-145.61801952063576,0.1
S-DES,full_noise_campaign,es_stdp_teacher_off,1,1142920625,ES+STDP teacher-free,poisson_inhibitory,50.0,0.0,105,0.5338228070177138,0.023809523809523808,75.87187499999996,6.344841964453326,12,0.014285714285714285,0.8857142857142857,False,True,False,0.8857142857142857,S-DES|m1|p3|r1,1,3,1,1972524356,105,145.61801952063576,-145.61801952063576,0.1
S-DES,full_noise_campaign,es_stdp_teacher_off,1,1142920625,ES+STDP teacher-free,poisson_inhibitory,100.0,0.0,105,0.5286593029741198,0.11428571428571428,79.99624999999996,6.707934092510424,72,0.08571428571428572,0.5047619047619047,False,True,False,0.5047619047619047,S-DES|m1|p3|r1,1,3,1,658305788,105,145.61801952063576,-145.61801952063576,0.1
S-DES,full_noise_campaign,es_stdp_teacher_off,1,1142920625,ES+STDP teacher-free,poisson_mixed,5.0,0.0,105,0.5305368979461491,0.010714285714285714,71.95812500000002,6.142044041841916,3,0.0035714285714285713,0.9714285714285714,False,True,False,0.9714285714285714,S-DES|m1|p3|r1,1,3,1,1663834079,105,145.61801952063576,-145.61801952063576,0.1
S-DES,full_noise_campaign,es_stdp_teacher_off,1,1142920625,ES+STDP teacher-free,poisson_mixed,10.0,0.0,105,0.5294368248432875,0.009523809523809525,72.37687499999996,6.161839254494071,5,0.005952380952380952,0.9523809523809523,False,True,False,0.9523809523809523,S-DES|m1|p3|r1,1,3,1,1974444667,105,145.61801952063576,-145.61801952063576,0.1
S-DES,full_noise_campaign,es_stdp_teacher_off,1,1142920625,ES+STDP teacher-free,poisson_mixed,25.0,0.0,105,0.5331778239924461,0.013095238095238096,73.50062499999999,6.232347928168194,6,0.007142857142857143,0.9428571428571428,False,True,False,0.9428571428571428,S-DES|m1|p3|r1,1,3,1,1641140094,105,145.61801952063576,-145.61801952063576,0.1
S-DES,full_noise_campaign,es_stdp_teacher_off,1,1142920625,ES+STDP teacher-free,poisson_mixed,50.0,0.0,105,0.5308763980865479,0.025,75.08062500000003,6.317385159980661,8,0.009523809523809525,0.9238095238095239,False,True,False,0.9238095238095239,S-DES|m1|p3|r1,1,3,1,2060268849,105,145.61801952063576,-145.61801952063576,0.1
S-DES,full_noise_campaign,es_stdp_teacher_off,1,1142920625,ES+STDP teacher-free,poisson_mixed,100.0,0.0,105,0.5296812169253826,0.034523809523809526,78.14875,6.49560555457761,18,0.02142857142857143,0.8380952380952381,False,True,False,0.8380952380952381,S-DES|m1|p3|r1,1,3,1,708550766,105,145.61801952063576,-145.61801952063576,0.1
S-DES,full_noise_campaign,es_stdp_teacher_off,2,1996382660,ES+STDP teacher-free,none,0.0,0.0,105,0.5415979991666973,0.009523809523809525,71.57437499999995,6.166442498036604,1,0.0011904761904761906,0.9904761904761905,False,True,False,0.9904761904761905,S-DES|m2|p0|r0,2,0,0,1781655259,105,145.61801952063576,-145.61801952063576,0.1
S-DES,full_noise_campaign,es_stdp_teacher_off,2,1996382660,ES+STDP teacher-free,poisson_excitatory,5.0,0.0,105,0.5388866600114852,0.008333333333333333,71.59812499999995,6.1730077630344695,2,0.002380952380952381,0.9809523809523809,False,True,False,0.9809523809523809,S-DES|m2|p0|r0,2,0,0,334802112,105,145.61801952063576,-145.61801952063576,0.1
S-DES,full_noise_campaign,es_stdp_teacher_off,2,1996382660,ES+STDP teacher-free,poisson_excitatory,10.0,0.0,105,0.5310592700261623,0.014285714285714285,71.91499999999996,6.206219589270677,5,0.005952380952380952,0.9523809523809523,False,True,False,0.9523809523809523,S-DES|m2|p0|r0,2,0,0,541014841,105,145.61801952063576,-145.61801952063576,0.1
S-DES,full_noise_campaign,es_stdp_teacher_off,2,1996382660,ES+STDP teacher-free,poisson_excitatory,25.0,0.0,105,0.5334435899276286,0.02738095238095238,75.14999999999992,6.429060010734359,7,0.008333333333333333,0.9333333333333333,False,True,False,0.9333333333333333,S-DES|m2|p0|r0,2,0,0,876697142,105,145.61801952063576,-145.61801952063576,0.1
S-DES,full_noise_campaign,es_stdp_teacher_off,2,1996382660,ES+STDP teacher-free,poisson_excitatory,50.0,0.0,105,0.5343110098037869,0.06190476190476191,82.25812499999995,6.914998435878938,28,0.03333333333333333,0.780952380952381,False,True,False,0.780952380952381,S-DES|m2|p0|r0,2,0,0,794668163,105,145.61801952063576,-145.61801952063576,0.1
S-DES,full_noise_campaign,es_stdp_teacher_off,2,1996382660,ES+STDP teacher-free,poisson_excitatory,100.0,0.0,105,0.5303108210209757,0.18928571428571428,99.85562499999993,8.123045892415542,88,0.10476190476190476,0.5047619047619047,False,True,False,0.5047619047619047,S-DES|m2|p0|r0,2,0,0,1362787555,105,145.61801952063576,-145.61801952063576,0.1
S-DES,full_noise_campaign,es_stdp_teacher_off,2,1996382660,ES+STDP teacher-free,poisson_inhibitory,5.0,0.0,105,0.5310066479723901,0.011904761904761904,72.07374999999999,6.188138308037491,3,0.0035714285714285713,0.9714285714285714,False,True,False,0.9714285714285714,S-DES|m2|p0|r0,2,0,0,1293529904,105,145.61801952063576,-145.61801952063576,0.1
S-DES,full_noise_campaign,es_stdp_teacher_off,2,1996382660,ES+STDP teacher-free,poisson_inhibitory,10.0,0.0,105,0.5310888940002769,0.010714285714285714,72.39624999999997,6.201257662320664,2,0.002380952380952381,0.9809523809523809,False,True,False,0.9809523809523809,S-DES|m2|p0|r0,2,0,0,1239880986,105,145.61801952063576,-145.61801952063576,0.1
S-DES,full_noise_campaign,es_stdp_teacher_off,2,1996382660,ES+STDP teacher-free,poisson_inhibitory,25.0,0.0,105,0.534232028061524,0.02023809523809524,74.09875,6.290738440798645,5,0.005952380952380952,0.9523809523809523,False,True,False,0.9523809523809523,S-DES|m2|p0|r0,2,0,0,1570339349,105,145.61801952063576,-145.61801952063576,0.1
S-DES,full_noise_campaign,es_stdp_teacher_off,2,1996382660,ES+STDP teacher-free,poisson_inhibitory,50.0,0.0,105,0.5320138519164175,0.03214285714285714,76.11874999999999,6.414868159737695,10,0.011904761904761904,0.9238095238095239,False,True,False,0.9238095238095239,S-DES|m2|p0|r0,2,0,0,1183155170,105,145.61801952063576,-145.61801952063576,0.1
S-DES,full_noise_campaign,es_stdp_teacher_off,2,1996382660,ES+STDP teacher-free,poisson_inhibitory,100.0,0.0,105,0.5306507609784603,0.14166666666666666,79.68249999999999,6.755277599597301,75,0.08928571428571429,0.49523809523809526,False,True,False,0.49523809523809526,S-DES|m2|p0|r0,2,0,0,106854051,105,145.61801952063576,-145.61801952063576,0.1
S-DES,full_noise_campaign,es_stdp_teacher_off,2,1996382660,ES+STDP teacher-free,poisson_mixed,5.0,0.0,105,0.5307233878411353,0.008333333333333333,71.56749999999997,6.166210975079277,2,0.002380952380952381,0.9809523809523809,False,True,False,0.9809523809523809,S-DES|m2|p0|r0,2,0,0,959786076,105,145.61801952063576,-145.61801952063576,0.1
S-DES,full_noise_campaign,es_stdp_teacher_off,2,1996382660,ES+STDP teacher-free,poisson_mixed,10.0,0.0,105,0.5279587330296636,0.009523809523809525,72.04124999999993,6.194119096982714,2,0.002380952380952381,0.9809523809523809,False,True,False,0.9809523809523809,S-DES|m2|p0|r0,2,0,0,1907269033,105,145.61801952063576,-145.61801952063576,0.1
S-DES,full_noise_campaign,es_stdp_teacher_off,2,1996382660,ES+STDP teacher-free,poisson_mixed,25.0,0.0,105,0.5409685280174017,0.009523809523809525,72.35374999999995,6.205056537133445,1,0.0011904761904761906,0.9904761904761905,False,True,False,0.9904761904761905,S-DES|m2|p0|r0,2,0,0,1708191908,105,145.61801952063576,-145.61801952063576,0.1
S-DES,full_noise_campaign,es_stdp_teacher_off,2,1996382660,ES+STDP teacher-free,poisson_mixed,50.0,0.0,105,0.5286805198993534,0.01904761904761905,74.62812499999995,6.353585285323324,3,0.0035714285714285713,0.9714285714285714,False,True,False,0.9714285714285714,S-DES|m2|p0|r0,2,0,0,2127301203,105,145.61801952063576,-145.61801952063576,0.1
S-DES,full_noise_campaign,es_stdp_teacher_off,2,1996382660,ES+STDP teacher-free,poisson_mixed,100.0,0.0,105,0.5444131009280682,0.05,78.28124999999997,6.601407796906622,22,0.02619047619047619,0.8095238095238095,False,True,False,0.8095238095238095,S-DES|m2|p0|r0,2,0,0,1995025631,105,145.61801952063576,-145.61801952063576,0.1
S-DES,full_noise_campaign,es_stdp_teacher_off,2,33116474,ES+STDP teacher-free,none,0.0,0.0,105,0.5363681679591537,0.009523809523809525,71.57437499999995,6.166442498036604,1,0.0011904761904761906,0.9904761904761905,False,True,False,0.9904761904761905,S-DES|m2|p0|r1,2,0,1,99847608,105,145.61801952063576,-145.61801952063576,0.1
S-DES,full_noise_campaign,es_stdp_teacher_off,2,33116474,ES+STDP teacher-free,poisson_excitatory,5.0,0.0,105,0.5364464311860502,0.011904761904761904,71.48062499999996,6.17083280005275,1,0.0011904761904761906,0.9904761904761905,False,True,False,0.9904761904761905,S-DES|m2|p0|r1,2,0,1,315738588,105,145.61801952063576,-145.61801952063576,0.1
S-DES,full_noise_campaign,es_stdp_teacher_off,2,33116474,ES+STDP teacher-free,poisson_excitatory,10.0,0.0,105,0.5361692230217159,0.014285714285714285,71.93374999999993,6.2027488374156405,4,0.004761904761904762,0.9619047619047619,False,True,False,0.9619047619047619,S-DES|m2|p0|r1,2,0,1,95726378,105,145.61801952063576,-145.61801952063576,0.1
S-DES,full_noise_campaign,es_stdp_teacher_off,2,33116474,ES+STDP teacher-free,poisson_excitatory,25.0,0.0,105,0.5325018130242825,0.02142857142857143,74.70624999999995,6.382145142104015,9,0.010714285714285714,0.9238095238095239,False,True,False,0.9238095238095239,S-DES|m2|p0|r1,2,0,1,298501679,105,145.61801952063576,-145.61801952063576,0.1
S-DES,full_noise_campaign,es_stdp_teacher_off,2,33116474,ES+STDP teacher-free,poisson_excitatory,50.0,0.0,105,0.544088191119954,0.08333333333333333,82.99437499999999,6.951790484000568,34,0.04047619047619048,0.7619047619047619,False,True,False,0.7619047619047619,S-DES|m2|p0|r1,2,0,1,181812354,105,145.61801952063576,-145.61801952063576,0.1
S-DES,full_noise_campaign,es_stdp_teacher_off,2,33116474,ES+STDP teacher-free,poisson_excitatory,100.0,0.0,105,0.5351418580394238,0.18333333333333332,99.11249999999998,8.06930758221461,77,0.09166666666666666,0.5047619047619047,False,True,False,0.5047619047619047,S-DES|m2|p0|r1,2,0,1,908581465,105,145.61801952063576,-145.61801952063576,0.1
S-DES,full_noise_campaign,es_stdp_teacher_off,2,33116474,ES+STDP teacher-free,poisson_inhibitory,5.0,0.0,105,0.5338176740333438,0.008333333333333333,71.88937499999997,6.17371159168533,1,0.0011904761904761906,0.9904761904761905,False,True,False,0.9904761904761905,S-DES|m2|p0|r1,2,0,1,1279055436,105,145.61801952063576,-145.61801952063576,0.1
S-DES,full_noise_campaign,es_stdp_teacher_off,2,33116474,ES+STDP teacher-free,poisson_inhibitory,10.0,0.0,105,0.5478965640068054,0.009523809523809525,72.33999999999996,6.198440208509915,2,0.002380952380952381,0.9809523809523809,False,True,False,0.9809523809523809,S-DES|m2|p0|r1,2,0,1,1819051275,105,145.61801952063576,-145.61801952063576,0.1
S-DES,full_noise_campaign,es_stdp_teacher_off,2,33116474,ES+STDP teacher-free,poisson_inhibitory,25.0,0.0,105,0.5364556768909097,0.011904761904761904,73.89562499999997,6.2693633754561855,3,0.0035714285714285713,0.9714285714285714,False,True,False,0.9714285714285714,S-DES|m2|p0|r1,2,0,1,2014505486,105,145.61801952063576,-145.61801952063576,0.1
S-DES,full_noise_campaign,es_stdp_teacher_off,2,33116474,ES+STDP teacher-free,poisson_inhibitory,50.0,0.0,105,0.5355109539814293,0.041666666666666664,76.61499999999998,6.4401202096234424,12,0.014285714285714285,0.8952380952380953,False,True,False,0.8952380952380953,S-DES|m2|p0|r1,2,0,1,1661866977,105,145.61801952063576,-145.61801952063576,0.1
S-DES,full_noise_campaign,es_stdp_teacher_off,2,33116474,ES+STDP teacher-free,poisson_inhibitory,100.0,0.0,105,0.5356105959508568,0.1523809523809524,79.91812499999996,6.751560493973626,80,0.09523809523809523,0.5047619047619047,False,True,False,0.5047619047619047,S-DES|m2|p0|r1,2,0,1,1631834393,105,145.61801952063576,-145.61801952063576,0.1
S-DES,full_noise_campaign,es_stdp_teacher_off,2,33116474,ES+STDP teacher-free,poisson_mixed,5.0,0.0,105,0.5326348398812115,0.013095238095238096,71.80999999999992,6.179801687067894,3,0.0035714285714285713,0.9714285714285714,False,True,False,0.9714285714285714,S-DES|m2|p0|r1,2,0,1,1859628181,105,145.61801952063576,-145.61801952063576,0.1
S-DES,full_noise_campaign,es_stdp_teacher_off,2,33116474,ES+STDP teacher-free,poisson_mixed,10.0,0.0,105,0.5319960669148713,0.009523809523809525,71.60562499999999,6.16381623047687,1,0.0011904761904761906,0.9904761904761905,False,True,False,0.9904761904761905,S-DES|m2|p0|r1,2,0,1,348759651,105,145.61801952063576,-145.61801952063576,0.1
S-DES,full_noise_campaign,es_stdp_teacher_off,2,33116474,ES+STDP teacher-free,poisson_mixed,25.0,0.0,105,0.5326326359063387,0.014285714285714285,72.63437499999996,6.235045946681135,4,0.004761904761904762,0.9619047619047619,False,True,False,0.9619047619047619,S-DES|m2|p0|r1,2,0,1,12045158,105,145.61801952063576,-145.61801952063576,0.1
S-DES,full_noise_campaign,es_stdp_teacher_off,2,33116474,ES+STDP teacher-free,poisson_mixed,50.0,0.0,105,0.5336760610807687,0.034523809523809526,75.830625,6.428754805419931,8,0.009523809523809525,0.9238095238095239,False,True,False,0.9238095238095239,S-DES|m2|p0|r1,2,0,1,464204185,105,145.61801952063576,-145.61801952063576,0.1
S-DES,full_noise_campaign,es_stdp_teacher_off,2,33116474,ES+STDP teacher-free,poisson_mixed,100.0,0.0,105,0.5328362490981817,0.047619047619047616,78.79562499999997,6.612527048722375,21,0.025,0.8380952380952381,False,True,False,0.8380952380952381,S-DES|m2|p0|r1,2,0,1,1764962132,105,145.61801952063576,-145.61801952063576,0.1
S-DES,full_noise_campaign,es_stdp_teacher_off,2,2000423897,ES+STDP teacher-free,none,0.0,0.0,105,0.541550112888217,0.0035714285714285713,71.66499999999999,6.165614067096843,2,0.002380952380952381,0.9809523809523809,False,True,False,0.9809523809523809,S-DES|m2|p1|r0,2,1,0,1905568521,105,145.61801952063576,-145.61801952063576,0.1
S-DES,full_noise_campaign,es_stdp_teacher_off,2,2000423897,ES+STDP teacher-free,poisson_excitatory,5.0,0.0,105,0.5336119849234819,0.007142857142857143,71.58500000000001,6.1704525428901995,4,0.004761904761904762,0.9619047619047619,False,True,False,0.9619047619047619,S-DES|m2|p1|r0,2,1,0,1961429548,105,145.61801952063576,-145.61801952063576,0.1
S-DES,full_noise_campaign,es_stdp_teacher_off,2,2000423897,ES+STDP teacher-free,poisson_excitatory,10.0,0.0,105,0.5343098312150687,0.008333333333333333,72.135625,6.1984823913047205,4,0.004761904761904762,0.9714285714285714,False,True,False,0.9714285714285714,S-DES|m2|p1|r0,2,1,0,1320362106,105,145.61801952063576,-145.61801952063576,0.1
S-DES,full_noise_campaign,es_stdp_teacher_off,2,2000423897,ES+STDP teacher-free,poisson_excitatory,25.0,0.0,105,0.5344873231370002,0.02261904761904762,74.74187499999996,6.398619363730197,7,0.008333333333333333,0.9333333333333333,False,True,False,0.9333333333333333,S-DES|m2|p1|r0,2,1,0,1523404149,105,145.61801952063576,-145.61801952063576,0.1
S-DES,full_noise_campaign,es_stdp_teacher_off,2,2000423897,ES+STDP teacher-free,poisson_excitatory,50.0,0.0,105,0.5493322180118412,0.075,82.80125000000001,6.946835570811503,37,0.04404761904761905,0.7142857142857143,False,True,False,0.7142857142857143,S-DES|m2|p1|r0,2,1,0,1104262978,105,145.61801952063576,-145.61801952063576,0.1
S-DES,full_noise_campaign,es_stdp_teacher_off,2,2000423897,ES+STDP teacher-free,poisson_excitatory,100.0,0.0,105,0.5362763910088688,0.17976190476190476,100.031875,8.117270717243382,100,0.11904761904761904,0.419047619047619,False,True,False,0.419047619047619,S-DES|m2|p1|r0,2,1,0,1351582160,105,145.61801952063576,-145.61801952063576,0.1
S-DES,full_noise_campaign,es_stdp_teacher_off,2,2000423897,ES+STDP teacher-free,poisson_inhibitory,5.0,0.0,105,0.5353730819188058,0.010714285714285714,72.34687500000003,6.193370000052318,4,0.004761904761904762,0.9619047619047619,False,True,False,0.9619047619047619,S-DES|m2|p1|r0,2,1,0,704910780,105,145.61801952063576,-145.61801952063576,0.1
S-DES,full_noise_campaign,es_stdp_teacher_off,2,2000423897,ES+STDP teacher-free,poisson_inhibitory,10.0,0.0,105,0.5403805358801037,0.007142857142857143,72.75187500000001,6.216363397018169,3,0.0035714285714285713,0.9714285714285714,False,True,False,0.9714285714285714,S-DES|m2|p1|r0,2,1,0,661327833,105,145.61801952063576,-145.61801952063576,0.1
S-DES,full_noise_campaign,es_stdp_teacher_off,2,2000423897,ES+STDP teacher-free,poisson_inhibitory,25.0,0.0,105,0.5374276421498507,0.010714285714285714,74.01562500000003,6.274326394553535,8,0.009523809523809525,0.9333333333333333,False,True,False,0.9333333333333333,S-DES|m2|p1|r0,2,1,0,857039574,105,145.61801952063576,-145.61801952063576,0.1
S-DES,full_noise_campaign,es_stdp_teacher_off,2,2000423897,ES+STDP teacher-free,poisson_inhibitory,50.0,0.0,105,0.5416770700830966,0.030952380952380953,76.94749999999996,6.458232037426539,14,0.016666666666666666,0.8857142857142857,False,True,False,0.8857142857142857,S-DES|m2|p1|r0,2,1,0,671717667,105,145.61801952063576,-145.61801952063576,0.1
S-DES,full_noise_campaign,es_stdp_teacher_off,2,2000423897,ES+STDP teacher-free,poisson_inhibitory,100.0,0.0,105,0.5303835989907384,0.14523809523809525,79.71812499999999,6.732535024565441,77,0.09166666666666666,0.49523809523809526,False,True,False,0.49523809523809526,S-DES|m2|p1|r0,2,1,0,132877198,105,145.61801952063576,-145.61801952063576,0.1
S-DES,full_noise_campaign,es_stdp_teacher_off,2,2000423897,ES+STDP teacher-free,poisson_mixed,5.0,0.0,105,0.5288149169646204,0.007142857142857143,71.958125,6.183958415253842,3,0.0035714285714285713,0.9714285714285714,False,True,False,0.9714285714285714,S-DES|m2|p1|r0,2,1,0,653242327,105,145.61801952063576,-145.61801952063576,0.1
S-DES,full_noise_campaign,es_stdp_teacher_off,2,2000423897,ES+STDP teacher-free,poisson_mixed,10.0,0.0,105,0.5373354470357299,0.009523809523809525,72.25812500000004,6.204047973868226,6,0.007142857142857143,0.9523809523809523,False,True,False,0.9523809523809523,S-DES|m2|p1|r0,2,1,0,1720121833,105,145.61801952063576,-145.61801952063576,0.1
S-DES,full_noise_campaign,es_stdp_teacher_off,2,2000423897,ES+STDP teacher-free,poisson_mixed,25.0,0.0,105,0.5305447101127356,0.009523809523809525,72.94812500000003,6.245566704649188,6,0.007142857142857143,0.9428571428571428,False,True,False,0.9428571428571428,S-DES|m2|p1|r0,2,1,0,1928893668,105,145.61801952063576,-145.61801952063576,0.1
S-DES,full_noise_campaign,es_stdp_teacher_off,2,2000423897,ES+STDP teacher-free,poisson_mixed,50.0,0.0,105,0.5403547631576657,0.009523809523809525,74.23250000000002,6.320459625832513,4,0.004761904761904762,0.9619047619047619,False,True,False,0.9619047619047619,S-DES|m2|p1|r0,2,1,0,1776578323,105,145.61801952063576,-145.61801952063576,0.1
S-DES,full_noise_campaign,es_stdp_teacher_off,2,2000423897,ES+STDP teacher-free,poisson_mixed,100.0,0.0,105,0.5340309990569949,0.05238095238095238,78.78687500000001,6.6004384444453414,20,0.023809523809523808,0.8285714285714285,False,True,False,0.8285714285714285,S-DES|m2|p1|r0,2,1,0,1838827146,105,145.61801952063576,-145.61801952063576,0.1
S-DES,full_noise_campaign,es_stdp_teacher_off,2,3881827,ES+STDP teacher-free,none,0.0,0.0,105,0.5281757679767907,0.0035714285714285713,71.66499999999999,6.165614067096843,2,0.002380952380952381,0.9809523809523809,False,True,False,0.9809523809523809,S-DES|m2|p1|r1,2,1,1,509002252,105,145.61801952063576,-145.61801952063576,0.1
S-DES,full_noise_campaign,es_stdp_teacher_off,2,3881827,ES+STDP teacher-free,poisson_excitatory,5.0,0.0,105,0.5322328619658947,0.007142857142857143,71.64812500000002,6.175757841448307,3,0.0035714285714285713,0.9714285714285714,False,True,False,0.9714285714285714,S-DES|m2|p1|r1,2,1,1,1976332112,105,145.61801952063576,-145.61801952063576,0.1
S-DES,full_noise_campaign,es_stdp_teacher_off,2,3881827,ES+STDP teacher-free,poisson_excitatory,10.0,0.0,105,0.5325287759769708,0.009523809523809525,72.515625,6.225906394190508,4,0.004761904761904762,0.9619047619047619,False,True,False,0.9619047619047619,S-DES|m2|p1|r1,2,1,1,1798877291,105,145.61801952063576,-145.61801952063576,0.1
S-DES,full_noise_campaign,es_stdp_teacher_off,2,3881827,ES+STDP teacher-free,poisson_excitatory,25.0,0.0,105,0.5337361679412425,0.02619047619047619,75.16124999999995,6.415200713341367,13,0.015476190476190477,0.8761904761904762,False,True,False,0.8761904761904762,S-DES|m2|p1|r1,2,1,1,2135350638,105,145.61801952063576,-145.61801952063576,0.1
S-DES,full_noise_campaign,es_stdp_teacher_off,2,3881827,ES+STDP teacher-free,poisson_excitatory,50.0,0.0,105,0.5293208328075707,0.07976190476190476,83.96999999999991,7.02022348136934,45,0.05357142857142857,0.6476190476190475,False,True,False,0.6476190476190475,S-DES|m2|p1|r1,2,1,1,1683629889,105,145.61801952063576,-145.61801952063576,0.1
S-DES,full_noise_campaign,es_stdp_teacher_off,2,3881827,ES+STDP teacher-free,poisson_excitatory,100.0,0.0,105,0.5342316320165992,0.1869047619047619,99.00687499999997,8.0277954159925,93,0.11071428571428571,0.4476190476190476,False,True,False,0.4476190476190476,S-DES|m2|p1|r1,2,1,1,932325212,105,145.61801952063576,-145.61801952063576,0.1
S-DES,full_noise_campaign,es_stdp_teacher_off,2,3881827,ES+STDP teacher-free,poisson_inhibitory,5.0,0.0,105,0.5316436600405723,0.004761904761904762,72.013125,6.181873943738758,2,0.002380952380952381,0.9809523809523809,False,True,False,0.9809523809523809,S-DES|m2|p1|r1,2,1,1,723611872,105,145.61801952063576,-145.61801952063576,0.1
S-DES,full_noise_campaign,es_stdp_teacher_off,2,3881827,ES+STDP teacher-free,poisson_inhibitory,10.0,0.0,105,0.5297506991773844,0.009523809523809525,72.64750000000004,6.208905465058038,4,0.004761904761904762,0.9619047619047619,False,True,False,0.9619047619047619,S-DES|m2|p1|r1,2,1,1,48275402,105,145.61801952063576,-145.61801952063576,0.1
S-DES,full_noise_campaign,es_stdp_teacher_off,2,3881827,ES+STDP teacher-free,poisson_inhibitory,25.0,0.0,105,0.5474094788078219,0.016666666666666666,74.28,6.288675956224361,9,0.010714285714285714,0.9142857142857143,False,True,False,0.9142857142857143,S-DES|m2|p1|r1,2,1,1,379515599,105,145.61801952063576,-145.61801952063576,0.1
S-DES,full_noise_campaign,es_stdp_teacher_off,2,3881827,ES+STDP teacher-free,poisson_inhibitory,50.0,0.0,105,0.5310426249634475,0.02857142857142857,76.32625,6.410086075417697,13,0.015476190476190477,0.8857142857142857,False,True,False,0.8857142857142857,S-DES|m2|p1|r1,2,1,1,226625826,105,145.61801952063576,-145.61801952063576,0.1
S-DES,full_noise_campaign,es_stdp_teacher_off,2,3881827,ES+STDP teacher-free,poisson_inhibitory,100.0,0.0,105,0.5349060990847647,0.14642857142857144,79.70125,6.755553088248687,81,0.09642857142857143,0.4571428571428572,False,True,False,0.4571428571428572,S-DES|m2|p1|r1,2,1,1,1626746398,105,145.61801952063576,-145.61801952063576,0.1
S-DES,full_noise_campaign,es_stdp_teacher_off,2,3881827,ES+STDP teacher-free,poisson_mixed,5.0,0.0,105,0.5448185720015317,0.005952380952380952,71.91500000000002,6.177771309187215,4,0.004761904761904762,0.9619047619047619,False,True,False,0.9619047619047619,S-DES|m2|p1|r1,2,1,1,1896689694,105,145.61801952063576,-145.61801952063576,0.1
S-DES,full_noise_campaign,es_stdp_teacher_off,2,3881827,ES+STDP teacher-free,poisson_mixed,10.0,0.0,105,0.5333048619795591,0.007142857142857143,72.27625000000002,6.202045794567491,4,0.004761904761904762,0.9619047619047619,False,True,False,0.9619047619047619,S-DES|m2|p1|r1,2,1,1,65127203,105,145.61801952063576,-145.61801952063576,0.1
S-DES,full_noise_campaign,es_stdp_teacher_off,2,3881827,ES+STDP teacher-free,poisson_mixed,25.0,0.0,105,0.5376191150862724,0.013095238095238096,72.95124999999999,6.242521062220291,7,0.008333333333333333,0.9333333333333333,False,True,False,0.9333333333333333,S-DES|m2|p1|r1,2,1,1,396341286,105,145.61801952063576,-145.61801952063576,0.1
S-DES,full_noise_campaign,es_stdp_teacher_off,2,3881827,ES+STDP teacher-free,poisson_mixed,50.0,0.0,105,0.5379967649932951,0.02142857142857143,74.84124999999997,6.354807823181702,6,0.007142857142857143,0.9428571428571428,False,True,False,0.9428571428571428,S-DES|m2|p1|r1,2,1,1,209933785,105,145.61801952063576,-145.61801952063576,0.1
S-DES,full_noise_campaign,es_stdp_teacher_off,2,3881827,ES+STDP teacher-free,poisson_mixed,100.0,0.0,105,0.536687821149826,0.041666666666666664,78.13499999999999,6.550687809301495,19,0.02261904761904762,0.8380952380952381,False,True,False,0.8380952380952381,S-DES|m2|p1|r1,2,1,1,1916847657,105,145.61801952063576,-145.61801952063576,0.1
S-DES,full_noise_campaign,es_stdp_teacher_off,2,1970976290,ES+STDP teacher-free,none,0.0,0.0,105,0.5319389430806041,0.008333333333333333,71.23937500000004,6.109667304204223,3,0.0035714285714285713,0.9714285714285714,False,True,False,0.9714285714285714,S-DES|m2|p2|r0,2,2,0,101349465,105,145.61801952063576,-145.61801952063576,0.1
S-DES,full_noise_campaign,es_stdp_teacher_off,2,1970976290,ES+STDP teacher-free,poisson_excitatory,5.0,0.0,105,0.5322748210746795,0.008333333333333333,70.89812500000002,6.0980349948171035,3,0.0035714285714285713,0.9714285714285714,False,True,False,0.9714285714285714,S-DES|m2|p2|r0,2,2,0,113174563,105,145.61801952063576,-145.61801952063576,0.1
S-DES,full_noise_campaign,es_stdp_teacher_off,2,1970976290,ES+STDP teacher-free,poisson_excitatory,10.0,0.0,105,0.5354164908640087,0.014285714285714285,72.05312500000002,6.167578228404874,7,0.008333333333333333,0.9428571428571428,False,True,False,0.9428571428571428,S-DES|m2|p2|r0,2,2,0,2099711414,105,145.61801952063576,-145.61801952063576,0.1
S-DES,full_noise_campaign,es_stdp_teacher_off,2,1970976290,ES+STDP teacher-free,poisson_excitatory,25.0,0.0,105,0.5334906070493162,0.02261904761904762,75.79374999999997,6.386489943227096,8,0.009523809523809525,0.9333333333333333,False,True,False,0.9333333333333333,S-DES|m2|p2|r0,2,2,0,1767465139,105,145.61801952063576,-145.61801952063576,0.1
S-DES,full_noise_campaign,es_stdp_teacher_off,2,1970976290,ES+STDP teacher-free,poisson_excitatory,50.0,0.0,105,0.5387142340186983,0.05238095238095238,81.89374999999994,6.778482638335454,27,0.03214285714285714,0.8095238095238095,False,True,False,0.8095238095238095,S-DES|m2|p2|r0,2,2,0,1917164294,105,145.61801952063576,-145.61801952063576,0.1
S-DES,full_noise_campaign,es_stdp_teacher_off,2,1970976290,ES+STDP teacher-free,poisson_excitatory,100.0,0.0,105,0.5490499089937657,0.1595238095238095,98.99749999999997,7.9974266782737455,79,0.09404761904761905,0.5333333333333333,False,True,False,0.5333333333333333,S-DES|m2|p2|r0,2,2,0,1381074605,105,145.61801952063576,-145.61801952063576,0.1
S-DES,full_noise_campaign,es_stdp_teacher_off,2,1970976290,ES+STDP teacher-free,poisson_inhibitory,5.0,0.0,105,0.5446603330783546,0.013095238095238096,71.75750000000006,6.133103761036452,5,0.005952380952380952,0.9523809523809523,False,True,False,0.9523809523809523,S-DES|m2|p2|r0,2,2,0,1481898133,105,145.61801952063576,-145.61801952063576,0.1
S-DES,full_noise_campaign,es_stdp_teacher_off,2,1970976290,ES+STDP teacher-free,poisson_inhibitory,10.0,0.0,105,0.5334368909243494,0.010714285714285714,72.07375000000003,6.147041795936245,4,0.004761904761904762,0.9619047619047619,False,True,False,0.9619047619047619,S-DES|m2|p2|r0,2,2,0,352264855,105,145.61801952063576,-145.61801952063576,0.1
S-DES,full_noise_campaign,es_stdp_teacher_off,2,1970976290,ES+STDP teacher-free,poisson_inhibitory,25.0,0.0,105,0.5353686690796167,0.011904761904761904,73.08875,6.1929251025421,4,0.004761904761904762,0.9619047619047619,False,True,False,0.9619047619047619,S-DES|m2|p2|r0,2,2,0,8474514,105,145.61801952063576,-145.61801952063576,0.1
S-DES,full_noise_campaign,es_stdp_teacher_off,2,1970976290,ES+STDP teacher-free,poisson_inhibitory,50.0,0.0,105,0.534932117909193,0.03214285714285714,75.56062500000004,6.347979357567721,13,0.015476190476190477,0.8761904761904762,False,True,False,0.8761904761904762,S-DES|m2|p2|r0,2,2,0,463320421,105,145.61801952063576,-145.61801952063576,0.1
S-DES,full_noise_campaign,es_stdp_teacher_off,2,1970976290,ES+STDP teacher-free,poisson_inhibitory,100.0,0.0,105,0.5344693250954151,0.13214285714285715,78.23812499999997,6.5992437245715365,67,0.07976190476190476,0.5619047619047619,False,True,False,0.5619047619047619,S-DES|m2|p2|r0,2,2,0,87395437,105,145.61801952063576,-145.61801952063576,0.1
S-DES,full_noise_campaign,es_stdp_teacher_off,2,1970976290,ES+STDP teacher-free,poisson_mixed,5.0,0.0,105,0.5342277670279145,0.008333333333333333,71.37875,6.1218347751574935,3,0.0035714285714285713,0.9714285714285714,False,True,False,0.9714285714285714,S-DES|m2|p2|r0,2,2,0,1576086906,105,145.61801952063576,-145.61801952063576,0.1
S-DES,full_noise_campaign,es_stdp_teacher_off,2,1970976290,ES+STDP teacher-free,poisson_mixed,10.0,0.0,105,0.5330524479504675,0.008333333333333333,71.58312500000002,6.126671992192275,3,0.0035714285714285713,0.9714285714285714,False,True,False,0.9714285714285714,S-DES|m2|p2|r0,2,2,0,1610503465,105,145.61801952063576,-145.61801952063576,0.1
S-DES,full_noise_campaign,es_stdp_teacher_off,2,1970976290,ES+STDP teacher-free,poisson_mixed,25.0,0.0,105,0.5337259348016232,0.017857142857142856,72.72437500000001,6.1935783351849265,6,0.007142857142857143,0.9428571428571428,False,True,False,0.9428571428571428,S-DES|m2|p2|r0,2,2,0,1266694692,105,145.61801952063576,-145.61801952063576,0.1
S-DES,full_noise_campaign,es_stdp_teacher_off,2,1970976290,ES+STDP teacher-free,poisson_mixed,50.0,0.0,105,0.5362647250294685,0.023809523809523808,74.974375,6.318340929444502,11,0.013095238095238096,0.9047619047619048,False,True,False,0.9047619047619048,S-DES|m2|p2|r0,2,2,0,1352451027,105,145.61801952063576,-145.61801952063576,0.1
S-DES,full_noise_campaign,es_stdp_teacher_off,2,1970976290,ES+STDP teacher-free,poisson_mixed,100.0,0.0,105,0.5473643359728158,0.03214285714285714,77.00874999999996,6.443246093024872,19,0.02261904761904762,0.8285714285714285,False,True,False,0.8285714285714285,S-DES|m2|p2|r0,2,2,0,461340551,105,145.61801952063576,-145.61801952063576,0.1
S-DES,full_noise_campaign,es_stdp_teacher_off,2,41780620,ES+STDP teacher-free,none,0.0,0.0,105,0.5442414451390505,0.008333333333333333,71.23937500000004,6.109667304204223,3,0.0035714285714285713,0.9714285714285714,False,True,False,0.9714285714285714,S-DES|m2|p2|r1,2,2,1,1774719804,105,145.61801952063576,-145.61801952063576,0.1
S-DES,full_noise_campaign,es_stdp_teacher_off,2,41780620,ES+STDP teacher-free,poisson_excitatory,5.0,0.0,105,0.5368958059698343,0.009523809523809525,71.45562499999998,6.128639250111869,3,0.0035714285714285713,0.9714285714285714,False,True,False,0.9714285714285714,S-DES|m2|p2|r1,2,2,1,127632137,105,145.61801952063576,-145.61801952063576,0.1
S-DES,full_noise_campaign,es_stdp_teacher_off,2,41780620,ES+STDP teacher-free,poisson_excitatory,10.0,0.0,105,0.53579524718225,0.009523809523809525,71.79374999999999,6.151594416116711,4,0.004761904761904762,0.9619047619047619,False,True,False,0.9619047619047619,S-DES|m2|p2|r1,2,2,1,1487707565,105,145.61801952063576,-145.61801952063576,0.1
S-DES,full_noise_campaign,es_stdp_teacher_off,2,41780620,ES+STDP teacher-free,poisson_excitatory,25.0,0.0,105,0.5384276160039008,0.02857142857142857,75.59624999999998,6.370132396348154,16,0.01904761904761905,0.8571428571428572,False,True,False,0.8571428571428572,S-DES|m2|p2|r1,2,2,1,1288892594,105,145.61801952063576,-145.61801952063576,0.1
S-DES,full_noise_campaign,es_stdp_teacher_off,2,41780620,ES+STDP teacher-free,poisson_excitatory,50.0,0.0,105,0.5392314321361482,0.05476190476190476,81.94999999999995,6.802929541789079,22,0.02619047619047619,0.819047619047619,False,True,False,0.819047619047619,S-DES|m2|p2|r1,2,2,1,1473121023,105,145.61801952063576,-145.61801952063576,0.1
S-DES,full_noise_campaign,es_stdp_teacher_off,2,41780620,ES+STDP teacher-free,poisson_excitatory,100.0,0.0,105,0.5360271721147001,0.1619047619047619,100.55624999999995,8.037719776447602,74,0.0880952380952381,0.5238095238095238,False,True,False,0.5238095238095238,S-DES|m2|p2|r1,2,2,1,894181439,105,145.61801952063576,-145.61801952063576,0.1
S-DES,full_noise_campaign,es_stdp_teacher_off,2,41780620,ES+STDP teacher-free,poisson_inhibitory,5.0,0.0,105,0.5361336979549378,0.007142857142857143,71.46687500000006,6.115073293917324,2,0.002380952380952381,0.9809523809523809,False,True,False,0.9809523809523809,S-DES|m2|p2|r1,2,2,1,1500945783,105,145.61801952063576,-145.61801952063576,0.1
S-DES,full_noise_campaign,es_stdp_teacher_off,2,41780620,ES+STDP teacher-free,poisson_inhibitory,10.0,0.0,105,0.537058036075905,0.007142857142857143,72.14500000000002,6.15106932688054,2,0.002380952380952381,0.9809523809523809,False,True,False,0.9809523809523809,S-DES|m2|p2|r1,2,2,1,829731470,105,145.61801952063576,-145.61801952063576,0.1
S-DES,full_noise_campaign,es_stdp_teacher_off,2,41780620,ES+STDP teacher-free,poisson_inhibitory,25.0,0.0,105,0.5357202889863402,0.016666666666666666,73.30937499999999,6.212211488962758,5,0.005952380952380952,0.9523809523809523,False,True,False,0.9523809523809523,S-DES|m2|p2|r1,2,2,1,621469585,105,145.61801952063576,-145.61801952063576,0.1
S-DES,full_noise_campaign,es_stdp_teacher_off,2,41780620,ES+STDP teacher-free,poisson_inhibitory,50.0,0.0,105,0.5348658422008157,0.02738095238095238,75.54187499999999,6.332072429400558,11,0.013095238095238096,0.9047619047619048,False,True,False,0.9047619047619048,S-DES|m2|p2|r1,2,2,1,1041638750,105,145.61801952063576,-145.61801952063576,0.1
S-DES,full_noise_campaign,es_stdp_teacher_off,2,41780620,ES+STDP teacher-free,poisson_inhibitory,100.0,0.0,105,0.5338822880294174,0.12023809523809524,78.77374999999998,6.609568032898043,66,0.07857142857142857,0.5809523809523809,False,True,False,0.5809523809523809,S-DES|m2|p2|r1,2,2,1,1646799615,105,145.61801952063576,-145.61801952063576,0.1
S-DES,full_noise_campaign,es_stdp_teacher_off,2,41780620,ES+STDP teacher-free,poisson_mixed,5.0,0.0,105,0.5339675468858331,0.009523809523809525,71.374375,6.1189574293584315,4,0.004761904761904762,0.9619047619047619,False,True,False,0.9619047619047619,S-DES|m2|p2|r1,2,2,1,169061697,105,145.61801952063576,-145.61801952063576,0.1
S-DES,full_noise_campaign,es_stdp_teacher_off,2,41780620,ES+STDP teacher-free,poisson_mixed,10.0,0.0,105,0.5315996208228171,0.008333333333333333,71.61437500000001,6.132932397437489,2,0.002380952380952381,0.9809523809523809,False,True,False,0.9809523809523809,S-DES|m2|p2|r1,2,2,1,983134179,105,145.61801952063576,-145.61801952063576,0.1
S-DES,full_noise_campaign,es_stdp_teacher_off,2,41780620,ES+STDP teacher-free,poisson_mixed,25.0,0.0,105,0.5374016149435192,0.015476190476190477,73.29437500000003,6.227459888294424,7,0.008333333333333333,0.9333333333333333,False,True,False,0.9333333333333333,S-DES|m2|p2|r1,2,2,1,786891494,105,145.61801952063576,-145.61801952063576,0.1
S-DES,full_noise_campaign,es_stdp_teacher_off,2,41780620,ES+STDP teacher-free,poisson_mixed,50.0,0.0,105,0.532708388986066,0.02261904761904762,74.51812499999997,6.301235387183321,9,0.010714285714285714,0.9142857142857143,False,True,False,0.9142857142857143,S-DES|m2|p2|r1,2,2,1,905705753,105,145.61801952063576,-145.61801952063576,0.1
S-DES,full_noise_campaign,es_stdp_teacher_off,2,41780620,ES+STDP teacher-free,poisson_mixed,100.0,0.0,105,0.5329366810619831,0.030952380952380953,77.861875,6.5090485469739745,16,0.01904761904761905,0.8476190476190476,False,True,False,0.8476190476190476,S-DES|m2|p2|r1,2,2,1,77987054,105,145.61801952063576,-145.61801952063576,0.1
S-DES,full_noise_campaign,es_stdp_teacher_off,2,1958273003,ES+STDP teacher-free,none,0.0,0.0,105,0.5347854441497475,0.004761904761904762,71.81062500000004,6.127791755838784,1,0.0011904761904761906,0.9904761904761905,False,True,False,0.9904761904761905,S-DES|m2|p3|r0,2,3,0,498021483,105,145.61801952063576,-145.61801952063576,0.1
S-DES,full_noise_campaign,es_stdp_teacher_off,2,1958273003,ES+STDP teacher-free,poisson_excitatory,5.0,0.0,105,0.5350334709510207,0.005952380952380952,71.80000000000001,6.135311675541918,2,0.002380952380952381,0.9809523809523809,False,True,False,0.9809523809523809,S-DES|m2|p3|r0,2,3,0,1638089113,105,145.61801952063576,-145.61801952063576,0.1
S-DES,full_noise_campaign,es_stdp_teacher_off,2,1958273003,ES+STDP teacher-free,poisson_excitatory,10.0,0.0,105,0.5350311060901731,0.015476190476190477,72.67562500000001,6.193588142276821,4,0.004761904761904762,0.9619047619047619,False,True,False,0.9619047619047619,S-DES|m2|p3|r0,2,3,0,329979639,105,145.61801952063576,-145.61801952063576,0.1
S-DES,full_noise_campaign,es_stdp_teacher_off,2,1958273003,ES+STDP teacher-free,poisson_excitatory,25.0,0.0,105,0.5342914850916713,0.02261904761904762,75.92687499999998,6.388483961698196,11,0.013095238095238096,0.8952380952380953,False,True,False,0.8952380952380953,S-DES|m2|p3|r0,2,3,0,131431410,105,145.61801952063576,-145.61801952063576,0.1
S-DES,full_noise_campaign,es_stdp_teacher_off,2,1958273003,ES+STDP teacher-free,poisson_excitatory,50.0,0.0,105,0.5344972771126777,0.060714285714285714,82.64499999999997,6.866335247683786,31,0.036904761904761905,0.7619047619047619,False,True,False,0.7619047619047619,S-DES|m2|p3|r0,2,3,0,482968005,105,145.61801952063576,-145.61801952063576,0.1
S-DES,full_noise_campaign,es_stdp_teacher_off,2,1958273003,ES+STDP teacher-free,poisson_excitatory,100.0,0.0,105,0.5371456919237971,0.17976190476190476,99.98812499999998,8.04062586753333,87,0.10357142857142858,0.5142857142857142,False,True,False,0.5142857142857142,S-DES|m2|p3|r0,2,3,0,1407482826,105,145.61801952063576,-145.61801952063576,0.1
S-DES,full_noise_campaign,es_stdp_teacher_off,2,1958273003,ES+STDP teacher-free,poisson_inhibitory,5.0,0.0,105,0.5438758179079741,0.009523809523809525,72.34687500000004,6.1562501789896995,3,0.0035714285714285713,0.9714285714285714,False,True,False,0.9714285714285714,S-DES|m2|p3|r0,2,3,0,1062100775,105,145.61801952063576,-145.61801952063576,0.1
S-DES,full_noise_campaign,es_stdp_teacher_off,2,1958273003,ES+STDP teacher-free,poisson_inhibitory,10.0,0.0,105,0.5367966031190008,0.008333333333333333,72.82499999999999,6.178515364384896,2,0.002380952380952381,0.9809523809523809,False,True,False,0.9809523809523809,S-DES|m2|p3|r0,2,3,0,2054371670,105,145.61801952063576,-145.61801952063576,0.1
S-DES,full_noise_campaign,es_stdp_teacher_off,2,1958273003,ES+STDP teacher-free,poisson_inhibitory,25.0,0.0,105,0.5437274209689349,0.009523809523809525,74.175625,6.247423113668316,4,0.004761904761904762,0.9619047619047619,False,True,False,0.9619047619047619,S-DES|m2|p3|r0,2,3,0,1846367315,105,145.61801952063576,-145.61801952063576,0.1
S-DES,full_noise_campaign,es_stdp_teacher_off,2,1958273003,ES+STDP teacher-free,poisson_inhibitory,50.0,0.0,105,0.5324150749947876,0.025,76.83249999999998,6.399791035325842,12,0.014285714285714285,0.8952380952380953,False,True,False,0.8952380952380953,S-DES|m2|p3|r0,2,3,0,1964093094,105,145.61801952063576,-145.61801952063576,0.1
S-DES,full_noise_campaign,es_stdp_teacher_off,2,1958273003,ES+STDP teacher-free,poisson_inhibitory,100.0,0.0,105,0.5352288279682398,0.12857142857142856,80.14624999999997,6.711013988751023,76,0.09047619047619047,0.49523809523809526,False,True,False,0.49523809523809526,S-DES|m2|p3|r0,2,3,0,75526536,105,145.61801952063576,-145.61801952063576,0.1
S-DES,full_noise_campaign,es_stdp_teacher_off,2,1958273003,ES+STDP teacher-free,poisson_mixed,5.0,0.0,105,0.5390486808028072,0.008333333333333333,71.77625,6.129118226208879,3,0.0035714285714285713,0.9714285714285714,False,True,False,0.9714285714285714,S-DES|m2|p3|r0,2,3,0,1110159099,105,145.61801952063576,-145.61801952063576,0.1
S-DES,full_noise_campaign,es_stdp_teacher_off,2,1958273003,ES+STDP teacher-free,poisson_mixed,10.0,0.0,105,0.5349044511094689,0.008333333333333333,72.481875,6.174161880059236,5,0.005952380952380952,0.9523809523809523,False,True,False,0.9523809523809523,S-DES|m2|p3|r0,2,3,0,1221996649,105,145.61801952063576,-145.61801952063576,0.1
S-DES,full_noise_campaign,es_stdp_teacher_off,2,1958273003,ES+STDP teacher-free,poisson_mixed,25.0,0.0,105,0.5360055868513882,0.013095238095238096,73.25749999999996,6.218987936884609,5,0.005952380952380952,0.9523809523809523,False,True,False,0.9523809523809523,S-DES|m2|p3|r0,2,3,0,1554537828,105,145.61801952063576,-145.61801952063576,0.1
S-DES,full_noise_campaign,es_stdp_teacher_off,2,1958273003,ES+STDP teacher-free,poisson_mixed,50.0,0.0,105,0.5356804041657597,0.02023809523809524,75.21624999999999,6.337198323260945,7,0.008333333333333333,0.9333333333333333,False,True,False,0.9333333333333333,S-DES|m2|p3|r0,2,3,0,1203021715,105,145.61801952063576,-145.61801952063576,0.1
S-DES,full_noise_campaign,es_stdp_teacher_off,2,1958273003,ES+STDP teacher-free,poisson_mixed,100.0,0.0,105,0.5368341689463705,0.04285714285714286,78.23937499999997,6.515512324653547,17,0.02023809523809524,0.8476190476190476,False,True,False,0.8476190476190476,S-DES|m2|p3|r0,2,3,0,824756,105,145.61801952063576,-145.61801952063576,0.1
S-DES,full_noise_campaign,es_stdp_teacher_off,2,62910337,ES+STDP teacher-free,none,0.0,0.0,105,0.531573552172631,0.004761904761904762,71.81062500000004,6.127791755838784,1,0.0011904761904761906,0.9904761904761905,False,True,False,0.9904761904761905,S-DES|m2|p3|r1,2,3,1,1919770536,105,145.61801952063576,-145.61801952063576,0.1
S-DES,full_noise_campaign,es_stdp_teacher_off,2,62910337,ES+STDP teacher-free,poisson_excitatory,5.0,0.0,105,0.5316510628908873,0.007142857142857143,71.90937500000001,6.140256412445529,2,0.002380952380952381,0.9809523809523809,False,True,False,0.9809523809523809,S-DES|m2|p3|r1,2,3,1,1619403891,105,145.61801952063576,-145.61801952063576,0.1
S-DES,full_noise_campaign,es_stdp_teacher_off,2,62910337,ES+STDP teacher-free,poisson_excitatory,10.0,0.0,105,0.5442746428307146,0.009523809523809525,72.603125,6.180007078306607,4,0.004761904761904762,0.9619047619047619,False,True,False,0.9619047619047619,S-DES|m2|p3|r1,2,3,1,908101358,105,145.61801952063576,-145.61801952063576,0.1
S-DES,full_noise_campaign,es_stdp_teacher_off,2,62910337,ES+STDP teacher-free,poisson_excitatory,25.0,0.0,105,0.5437261599581689,0.02738095238095238,75.34812499999995,6.357894829066115,14,0.016666666666666666,0.8761904761904762,False,True,False,0.8761904761904762,S-DES|m2|p3|r1,2,3,1,576646129,105,145.61801952063576,-145.61801952063576,0.1
S-DES,full_noise_campaign,es_stdp_teacher_off,2,62910337,ES+STDP teacher-free,poisson_excitatory,50.0,0.0,105,0.5354270699899644,0.06666666666666667,82.84749999999997,6.875349839032271,39,0.04642857142857143,0.7047619047619047,False,True,False,0.7047619047619047,S-DES|m2|p3|r1,2,3,1,960631230,105,145.61801952063576,-145.61801952063576,0.1
S-DES,full_noise_campaign,es_stdp_teacher_off,2,62910337,ES+STDP teacher-free,poisson_excitatory,100.0,0.0,105,0.5334788770414889,0.1773809523809524,99.80937499999995,8.048291021882962,88,0.10476190476190476,0.48571428571428577,False,True,False,0.48571428571428577,S-DES|m2|p3|r1,2,3,1,888790322,105,145.61801952063576,-145.61801952063576,0.1
S-DES,full_noise_campaign,es_stdp_teacher_off,2,62910337,ES+STDP teacher-free,poisson_inhibitory,5.0,0.0,105,0.537852537818253,0.005952380952380952,72.208125,6.147808202842606,1,0.0011904761904761906,0.9904761904761905,False,True,False,0.9904761904761905,S-DES|m2|p3|r1,2,3,1,1047215109,105,145.61801952063576,-145.61801952063576,0.1
S-DES,full_noise_campaign,es_stdp_teacher_off,2,62910337,ES+STDP teacher-free,poisson_inhibitory,10.0,0.0,105,0.5402062390930951,0.009523809523809525,73.01687499999998,6.188834864945097,4,0.004761904761904762,0.9619047619047619,False,True,False,0.9619047619047619,S-DES|m2|p3|r1,2,3,1,1610131789,105,145.61801952063576,-145.61801952063576,0.1
S-DES,full_noise_campaign,es_stdp_teacher_off,2,62910337,ES+STDP teacher-free,poisson_inhibitory,25.0,0.0,105,0.5281952719669789,0.011904761904761904,74.15687500000001,6.246968123561017,4,0.004761904761904762,0.9619047619047619,False,True,False,0.9619047619047619,S-DES|m2|p3|r1,2,3,1,1267123282,105,145.61801952063576,-145.61801952063576,0.1
S-DES,full_noise_campaign,es_stdp_teacher_off,2,62910337,ES+STDP teacher-free,poisson_inhibitory,50.0,0.0,105,0.5330918899271637,0.03214285714285714,76.85062499999998,6.404034091414393,15,0.017857142857142856,0.8571428571428572,False,True,False,0.8571428571428572,S-DES|m2|p3|r1,2,3,1,1352285855,105,145.61801952063576,-145.61801952063576,0.1
S-DES,full_noise_campaign,es_stdp_teacher_off,2,62910337,ES+STDP teacher-free,poisson_inhibitory,100.0,0.0,105,0.5298956811893731,0.13333333333333333,79.71999999999996,6.678009194976694,63,0.075,0.6095238095238096,False,True,False,0.6095238095238096,S-DES|m2|p3|r1,2,3,1,1671288820,105,145.61801952063576,-145.61801952063576,0.1
S-DES,full_noise_campaign,es_stdp_teacher_off,2,62910337,ES+STDP teacher-free,poisson_mixed,5.0,0.0,105,0.5289451400749385,0.004761904761904762,72.01312500000003,6.1429279124816025,1,0.0011904761904761906,0.9904761904761905,False,True,False,0.9904761904761905,S-DES|m2|p3|r1,2,3,1,365506228,105,145.61801952063576,-145.61801952063576,0.1
S-DES,full_noise_campaign,es_stdp_teacher_off,2,62910337,ES+STDP teacher-free,poisson_mixed,10.0,0.0,105,0.5341022270731628,0.005952380952380952,72.1,6.145852002815576,1,0.0011904761904761906,0.9904761904761905,False,True,False,0.9904761904761905,S-DES|m2|p3|r1,2,3,1,766577571,105,145.61801952063576,-145.61801952063576,0.1
S-DES,full_noise_campaign,es_stdp_teacher_off,2,62910337,ES+STDP teacher-free,poisson_mixed,25.0,0.0,105,0.5535462480038404,0.008333333333333333,72.96187500000002,6.198177744063711,2,0.002380952380952381,0.9809523809523809,False,True,False,0.9809523809523809,S-DES|m2|p3|r1,2,3,1,969893542,105,145.61801952063576,-145.61801952063576,0.1
S-DES,full_noise_campaign,es_stdp_teacher_off,2,62910337,ES+STDP teacher-free,poisson_mixed,50.0,0.0,105,0.5297858249396086,0.02619047619047619,75.28874999999994,6.341425697875844,13,0.015476190476190477,0.8761904761904762,False,True,False,0.8761904761904762,S-DES|m2|p3|r1,2,3,1,584293465,105,145.61801952063576,-145.61801952063576,0.1
S-DES,full_noise_campaign,es_stdp_teacher_off,2,62910337,ES+STDP teacher-free,poisson_mixed,100.0,0.0,105,0.5304015621077269,0.034523809523809526,78.48937499999997,6.530631494796469,17,0.02023809523809524,0.8476190476190476,False,True,False,0.8476190476190476,S-DES|m2|p3|r1,2,3,1,534124097,105,145.61801952063576,-145.61801952063576,0.1
DES,full_noise_campaign,es_stdp_teacher_off,0,123421127,ES+STDP teacher-free,none,0.0,0.0,120,0.6084023858420551,0.036458333333333336,82.43687499999996,6.647662411517683,15,0.015625,0.875,False,False,False,,DES|m0|p0|r0,0,0,0,1771168944,105,145.61801952063576,-145.61801952063576,0.1
DES,full_noise_campaign,es_stdp_teacher_off,0,123421127,ES+STDP teacher-free,poisson_excitatory,5.0,0.0,120,0.6086913920007646,0.0375,82.85625,6.686421409380111,19,0.019791666666666666,0.8416666666666667,False,False,False,,DES|m0|p0|r0,0,0,0,910815620,105,145.61801952063576,-145.61801952063576,0.1
DES,full_noise_campaign,es_stdp_teacher_off,0,123421127,ES+STDP teacher-free,poisson_excitatory,10.0,0.0,120,0.6086191970389336,0.034375,82.63062499999998,6.686868491699005,15,0.015625,0.8833333333333333,False,False,False,,DES|m0|p0|r0,0,0,0,725703069,105,145.61801952063576,-145.61801952063576,0.1
DES,full_noise_campaign,es_stdp_teacher_off,0,123421127,ES+STDP teacher-free,poisson_excitatory,25.0,0.0,120,0.6093489460181445,0.042708333333333334,85.24124999999994,6.892235870244679,24,0.025,0.8083333333333333,False,False,False,,DES|m0|p0|r0,0,0,0,1061106850,105,145.61801952063576,-145.61801952063576,0.1
DES,full_noise_campaign,es_stdp_teacher_off,0,123421127,ES+STDP teacher-free,poisson_excitatory,50.0,0.0,120,0.6092854880262166,0.10208333333333333,93.97687499999992,7.474526839006689,62,0.06458333333333334,0.6,False,False,False,,DES|m0|p0|r0,0,0,0,606326351,105,145.61801952063576,-145.61801952063576,0.1
DES,full_noise_campaign,es_stdp_teacher_off,0,123421127,ES+STDP teacher-free,poisson_excitatory,100.0,0.0,120,0.6079424689523876,0.2708333333333333,115.78687499999995,8.813490724959706,145,0.15104166666666666,0.2833333333333333,False,False,False,,DES|m0|p0|r0,0,0,0,142753784,105,145.61801952063576,-145.61801952063576,0.1
DES,full_noise_campaign,es_stdp_teacher_off,0,123421127,ES+STDP teacher-free,poisson_inhibitory,5.0,0.0,120,0.60767014301382,0.040625,83.44124999999997,6.689419257049386,21,0.021875,0.825,False,False,False,,DES|m0|p0|r0,0,0,0,1755639540,105,145.61801952063576,-145.61801952063576,0.1
DES,full_noise_campaign,es_stdp_teacher_off,0,123421127,ES+STDP teacher-free,poisson_inhibitory,10.0,0.0,120,0.6077467361465096,0.040625,84.49562499999996,6.732713081767825,20,0.020833333333333332,0.8416666666666667,False,False,False,,DES|m0|p0|r0,0,0,0,1117353662,105,145.61801952063576,-145.61801952063576,0.1
DES,full_noise_campaign,es_stdp_teacher_off,0,123421127,ES+STDP teacher-free,poisson_inhibitory,25.0,0.0,120,0.6101357059087604,0.04375,86.34124999999995,6.809171289571458,22,0.022916666666666665,0.8166666666666667,False,False,False,,DES|m0|p0|r0,0,0,0,1457986497,105,145.61801952063576,-145.61801952063576,0.1
DES,full_noise_campaign,es_stdp_teacher_off,0,123421127,ES+STDP teacher-free,poisson_inhibitory,50.0,0.0,120,0.6168600851669908,0.06041666666666667,90.10562499999995,7.019359285278156,36,0.0375,0.7333333333333334,False,False,False,,DES|m0|p0|r0,0,0,0,1308353006,105,145.61801952063576,-145.61801952063576,0.1
DES,full_noise_campaign,es_stdp_teacher_off,0,123421127,ES+STDP teacher-free,poisson_inhibitory,100.0,0.0,120,0.6041662080679089,0.17083333333333334,93.92062499999996,7.383181671707513,114,0.11875,0.33333333333333337,False,False,False,,DES|m0|p0|r0,0,0,0,1608922422,105,145.61801952063576,-145.61801952063576,0.1
DES,full_noise_campaign,es_stdp_teacher_off,0,123421127,ES+STDP teacher-free,poisson_mixed,5.0,0.0,120,0.6063634371384978,0.036458333333333336,82.88937499999994,6.6720338743493155,17,0.017708333333333333,0.8583333333333334,False,True,False,0.21904761904761905,DES|m0|p0|r0,0,0,0,2041849658,105,145.61801952063576,-145.61801952063576,0.1
DES,full_noise_campaign,es_stdp_teacher_off,0,123421127,ES+STDP teacher-free,poisson_mixed,10.0,0.0,120,0.6038054781965911,0.03854166666666667,83.15562499999997,6.688746585012339,16,0.016666666666666666,0.8666666666666667,False,False,False,,DES|m0|p0|r0,0,0,0,688279695,105,145.61801952063576,-145.61801952063576,0.1
DES,full_noise_campaign,es_stdp_teacher_off,0,123421127,ES+STDP teacher-free,poisson_mixed,25.0,0.0,120,0.6037104099523276,0.034375,84.24312499999996,6.750222639638274,17,0.017708333333333333,0.8666666666666667,False,False,False,,DES|m0|p0|r0,0,0,0,1031290250,105,145.61801952063576,-145.61801952063576,0.1
DES,full_noise_campaign,es_stdp_teacher_off,0,123421127,ES+STDP teacher-free,poisson_mixed,50.0,0.0,120,0.6048525730147958,0.04583333333333333,86.07562499999996,6.860587724117654,28,0.029166666666666667,0.7833333333333333,False,False,False,,DES|m0|p0|r0,0,0,0,644138845,105,145.61801952063576,-145.61801952063576,0.1
DES,full_noise_campaign,es_stdp_teacher_off,0,123421127,ES+STDP teacher-free,poisson_mixed,100.0,0.0,120,0.606080548139289,0.07291666666666667,90.60499999999996,7.150356652645497,44,0.04583333333333333,0.6833333333333333,False,False,False,,DES|m0|p0|r0,0,0,0,198442285,105,145.61801952063576,-145.61801952063576,0.1
DES,full_noise_campaign,es_stdp_teacher_off,0,1885106485,ES+STDP teacher-free,none,0.0,0.0,120,0.6038582720793784,0.036458333333333336,82.43687499999996,6.647662411517683,15,0.015625,0.875,False,False,False,,DES|m0|p0|r1,0,0,1,106139619,105,145.61801952063576,-145.61801952063576,0.1
DES,full_noise_campaign,es_stdp_teacher_off,0,1885106485,ES+STDP teacher-free,poisson_excitatory,5.0,0.0,120,0.6066603579092771,0.034375,82.39499999999995,6.657931893648804,14,0.014583333333333334,0.8833333333333333,False,False,False,,DES|m0|p0|r1,0,0,1,929862824,105,145.61801952063576,-145.61801952063576,0.1
DES,full_noise_campaign,es_stdp_teacher_off,0,1885106485,ES+STDP teacher-free,poisson_excitatory,10.0,0.0,120,0.6285548461601138,0.03333333333333333,82.60062499999995,6.68725769211712,23,0.023958333333333335,0.825,False,False,False,,DES|m0|p0|r1,0,0,1,248170918,105,145.61801952063576,-145.61801952063576,0.1
DES,full_noise_campaign,es_stdp_teacher_off,0,1885106485,ES+STDP teacher-free,poisson_excitatory,25.0,0.0,120,0.6178918771911412,0.05625,86.06437499999994,6.935905703462988,33,0.034375,0.75,False,False,False,,DES|m0|p0|r1,0,0,1,448046243,105,145.61801952063576,-145.61801952063576,0.1
DES,full_noise_campaign,es_stdp_teacher_off,0,1885106485,ES+STDP teacher-free,poisson_excitatory,50.0,0.0,120,0.610223599942401,0.11041666666666666,93.51687499999996,7.447834060121886,59,0.06145833333333333,0.6,False,False,False,,DES|m0|p0|r1,0,0,1,27811414,105,145.61801952063576,-145.61801952063576,0.1
DES,full_noise_campaign,es_stdp_teacher_off,0,1885106485,ES+STDP teacher-free,poisson_excitatory,100.0,0.0,120,0.6108333000447601,0.24791666666666667,115.05937499999996,8.775696368249513,136,0.14166666666666666,0.2833333333333333,False,False,False,,DES|m0|p0|r1,0,0,1,1872730500,105,145.61801952063576,-145.61801952063576,0.1
DES,full_noise_campaign,es_stdp_teacher_off,0,1885106485,ES+STDP teacher-free,poisson_inhibitory,5.0,0.0,120,0.6064028728287667,0.04375,83.60312499999996,6.697158646648635,21,0.021875,0.8333333333333334,False,False,False,,DES|m0|p0|r1,0,0,1,1770097688,105,145.61801952063576,-145.61801952063576,0.1
DES,full_noise_campaign,es_stdp_teacher_off,0,1885106485,ES+STDP teacher-free,poisson_inhibitory,10.0,0.0,120,0.6041662709321827,0.034375,83.71750000000002,6.6889236891946044,15,0.015625,0.875,False,False,False,,DES|m0|p0|r1,0,0,1,1729291975,105,145.61801952063576,-145.61801952063576,0.1
DES,full_noise_campaign,es_stdp_teacher_off,0,1885106485,ES+STDP teacher-free,poisson_inhibitory,25.0,0.0,120,0.6099921490531415,0.040625,86.54875000000001,6.820052295761177,22,0.022916666666666665,0.8166666666666667,False,False,False,,DES|m0|p0|r1,0,0,1,1936493506,105,145.61801952063576,-145.61801952063576,0.1
DES,full_noise_campaign,es_stdp_teacher_off,0,1885106485,ES+STDP teacher-free,poisson_inhibitory,50.0,0.0,120,0.6089795350562781,0.05520833333333333,89.61999999999996,6.990883473370256,29,0.030208333333333334,0.7583333333333333,False,False,False,,DES|m0|p0|r1,0,0,1,1752199669,105,145.61801952063576,-145.61801952063576,0.1
DES,full_noise_campaign,es_stdp_teacher_off,0,1885106485,ES+STDP teacher-free,poisson_inhibitory,100.0,0.0,120,0.6037658259738237,0.17291666666666666,94.28124999999996,7.388691775362322,108,0.1125,0.3666666666666667,False,False,False,,DES|m0|p0|r1,0,0,1,956011462,105,145.61801952063576,-145.61801952063576,0.1
DES,full_noise_campaign,es_stdp_teacher_off,0,1885106485,ES+STDP teacher-free,poisson_mixed,5.0,0.0,120,0.6084521079901606,0.03958333333333333,83.03562499999995,6.6813293848604145,19,0.019791666666666666,0.8416666666666667,False,False,False,,DES|m0|p0|r1,0,0,1,777430913,105,145.61801952063576,-145.61801952063576,0.1
DES,full_noise_campaign,es_stdp_teacher_off,0,1885106485,ES+STDP teacher-free,poisson_mixed,10.0,0.0,120,0.615021453006193,0.030208333333333334,83.16187499999997,6.689645247519894,15,0.015625,0.875,False,False,False,,DES|m0|p0|r1,0,0,1,1281452877,105,145.61801952063576,-145.61801952063576,0.1
DES,full_noise_campaign,es_stdp_teacher_off,0,1885106485,ES+STDP teacher-free,poisson_mixed,25.0,0.0,120,0.6158210898283869,0.03854166666666667,84.19124999999997,6.75247609222172,19,0.019791666666666666,0.85,False,False,False,,DES|m0|p0|r1,0,0,1,1478428240,105,145.61801952063576,-145.61801952063576,0.1
DES,full_noise_campaign,es_stdp_teacher_off,0,1885106485,ES+STDP teacher-free,poisson_mixed,50.0,0.0,120,0.6075107208453119,0.035416666666666666,86.28562499999998,6.868873293801799,21,0.021875,0.8333333333333334,False,False,False,,DES|m0|p0|r1,0,0,1,1124334751,105,145.61801952063576,-145.61801952063576,0.1
DES,full_noise_campaign,es_stdp_teacher_off,0,1885106485,ES+STDP teacher-free,poisson_mixed,100.0,0.0,120,0.6094368288759142,0.05520833333333333,89.38562499999996,7.078422419238249,33,0.034375,0.7583333333333333,False,False,False,,DES|m0|p0|r1,0,0,1,336166600,105,145.61801952063576,-145.61801952063576,0.1
DES,full_noise_campaign,es_stdp_teacher_off,0,110701524,ES+STDP teacher-free,none,0.0,0.0,120,0.608232389902696,0.026041666666666668,81.61812500000005,6.609875463186576,11,0.011458333333333333,0.925,False,False,False,,DES|m0|p1|r0,0,1,0,1916053780,105,145.61801952063576,-145.61801952063576,0.1
DES,full_noise_campaign,es_stdp_teacher_off,0,110701524,ES+STDP teacher-free,poisson_excitatory,5.0,0.0,120,0.6132147680036724,0.022916666666666665,81.35000000000001,6.602767502023896,12,0.0125,0.9083333333333333,False,False,False,,DES|m0|p1|r0,0,1,0,1364482040,105,145.61801952063576,-145.61801952063576,0.1
DES,full_noise_campaign,es_stdp_teacher_off,0,110701524,ES+STDP teacher-free,poisson_excitatory,10.0,0.0,120,0.6067212240304798,0.03229166666666667,82.19062500000003,6.6668780293126595,17,0.017708333333333333,0.8666666666666667,False,False,False,,DES|m0|p1|r0,0,1,0,1171079774,105,145.61801952063576,-145.61801952063576,0.1
DES,full_noise_campaign,es_stdp_teacher_off,0,110701524,ES+STDP teacher-free,poisson_excitatory,25.0,0.0,120,0.6059998099226505,0.05520833333333333,85.966875,6.937314476682084,26,0.027083333333333334,0.8166666666666667,False,False,False,,DES|m0|p1|r0,0,1,0,1370697569,105,145.61801952063576,-145.61801952063576,0.1
DES,full_noise_campaign,es_stdp_teacher_off,0,110701524,ES+STDP teacher-free,poisson_excitatory,50.0,0.0,120,0.608668833039701,0.10104166666666667,93.81187499999999,7.492476890739928,58,0.06041666666666667,0.575,False,False,False,,DES|m0|p1|r0,0,1,0,1253037454,105,145.61801952063576,-145.61801952063576,0.1
DES,full_noise_campaign,es_stdp_teacher_off,0,110701524,ES+STDP teacher-free,poisson_excitatory,100.0,0.0,120,0.6063883202150464,0.25,116.19937499999995,8.843578280785703,133,0.13854166666666667,0.32499999999999996,False,False,False,,DES|m0|p1|r0,0,1,0,154649339,105,145.61801952063576,-145.61801952063576,0.1
DES,full_noise_campaign,es_stdp_teacher_off,0,110701524,ES+STDP teacher-free,poisson_inhibitory,5.0,0.0,120,0.616207042010501,0.03229166666666667,82.74812500000004,6.655196321645843,17,0.017708333333333333,0.8833333333333333,False,False,False,,DES|m0|p1|r0,0,1,0,263800968,105,145.61801952063576,-145.61801952063576,0.1
DES,full_noise_campaign,es_stdp_teacher_off,0,110701524,ES+STDP teacher-free,poisson_inhibitory,10.0,0.0,120,0.6258817240595818,0.027083333333333334,83.09750000000003,6.664337431569046,13,0.013541666666666667,0.9083333333333333,False,False,False,,DES|m0|p1|r0,0,1,0,739601917,105,145.61801952063576,-145.61801952063576,0.1
DES,full_noise_campaign,es_stdp_teacher_off,0,110701524,ES+STDP teacher-free,poisson_inhibitory,25.0,0.0,120,0.6063543141353875,0.036458333333333336,85.17875000000005,6.754846716402345,21,0.021875,0.85,False,False,False,,DES|m0|p1|r0,0,1,0,946536706,105,145.61801952063576,-145.61801952063576,0.1
DES,full_noise_campaign,es_stdp_teacher_off,0,110701524,ES+STDP teacher-free,poisson_inhibitory,50.0,0.0,120,0.6072758049704134,0.04791666666666667,88.63875000000004,6.945903486695441,27,0.028125,0.8,False,False,False,,DES|m0|p1|r0,0,1,0,595065519,105,145.61801952063576,-145.61801952063576,0.1
DES,full_noise_campaign,es_stdp_teacher_off,0,110701524,ES+STDP teacher-free,poisson_inhibitory,100.0,0.0,120,0.6073150171432644,0.16770833333333332,93.82187500000002,7.389115504163479,117,0.121875,0.30833333333333335,False,False,False,,DES|m0|p1|r0,0,1,0,1582549051,105,145.61801952063576,-145.61801952063576,0.1
DES,full_noise_campaign,es_stdp_teacher_off,0,110701524,ES+STDP teacher-free,poisson_mixed,5.0,0.0,120,0.6161831109784544,0.025,81.84062500000005,6.620471565628363,10,0.010416666666666666,0.9333333333333333,False,False,False,,DES|m0|p1|r0,0,1,0,1718527163,105,145.61801952063576,-145.61801952063576,0.1
DES,full_noise_campaign,es_stdp_teacher_off,0,110701524,ES+STDP teacher-free,poisson_mixed,10.0,0.0,120,0.6075877151452005,0.029166666666666667,82.385625,6.650297093625513,16,0.016666666666666666,0.8833333333333333,False,False,False,,DES|m0|p1|r0,0,1,0,1043215567,105,145.61801952063576,-145.61801952063576,0.1
DES,full_noise_campaign,es_stdp_teacher_off,0,110701524,ES+STDP teacher-free,poisson_mixed,25.0,0.0,120,0.604429991915822,0.036458333333333336,83.78875000000004,6.731432931022404,19,0.019791666666666666,0.8666666666666667,False,False,False,,DES|m0|p1|r0,0,1,0,709908938,105,145.61801952063576,-145.61801952063576,0.1
DES,full_noise_campaign,es_stdp_teacher_off,0,110701524,ES+STDP teacher-free,poisson_mixed,50.0,0.0,120,0.6087526211049408,0.041666666666666664,85.55062500000003,6.839312934162121,22,0.022916666666666665,0.8166666666666667,False,False,False,,DES|m0|p1|r0,0,1,0,827106333,105,145.61801952063576,-145.61801952063576,0.1
DES,full_noise_campaign,es_stdp_teacher_off,0,110701524,ES+STDP teacher-free,poisson_mixed,100.0,0.0,120,0.6113479800987989,0.04583333333333333,89.05000000000007,7.075727916411603,28,0.029166666666666667,0.8083333333333333,False,False,False,,DES|m0|p1|r0,0,1,0,278927362,105,145.61801952063576,-145.61801952063576,0.1
DES,full_noise_campaign,es_stdp_teacher_off,0,1906187110,ES+STDP teacher-free,none,0.0,0.0,120,0.6020958279259503,0.026041666666666668,81.61812500000005,6.609875463186576,11,0.011458333333333333,0.925,False,False,False,,DES|m0|p1|r1,0,1,1,502711297,105,145.61801952063576,-145.61801952063576,0.1
DES,full_noise_campaign,es_stdp_teacher_off,0,1906187110,ES+STDP teacher-free,poisson_excitatory,5.0,0.0,120,0.6100894738920033,0.023958333333333335,81.76250000000006,6.623227791020737,11,0.011458333333333333,0.9166666666666666,False,False,False,,DES|m0|p1|r1,0,1,1,1349595924,105,145.61801952063576,-145.61801952063576,0.1
DES,full_noise_campaign,es_stdp_teacher_off,0,1906187110,ES+STDP teacher-free,poisson_excitatory,10.0,0.0,120,0.629072270123288,0.025,81.883125,6.646878354391278,14,0.014583333333333334,0.9,False,False,False,,DES|m0|p1|r1,0,1,1,1615254119,105,145.61801952063576,-145.61801952063576,0.1
DES,full_noise_campaign,es_stdp_teacher_off,0,1906187110,ES+STDP teacher-free,poisson_excitatory,25.0,0.0,120,0.6041424709837884,0.046875,85.95250000000001,6.932531645498278,27,0.028125,0.7833333333333333,False,False,False,,DES|m0|p1|r1,0,1,1,1949876066,105,145.61801952063576,-145.61801952063576,0.1
DES,full_noise_campaign,es_stdp_teacher_off,0,1906187110,ES+STDP teacher-free,poisson_excitatory,50.0,0.0,120,0.6118855979293585,0.10729166666666666,93.45125000000002,7.463558439690017,50,0.052083333333333336,0.65,False,False,False,,DES|m0|p1|r1,0,1,1,1864648085,105,145.61801952063576,-145.61801952063576,0.1
DES,full_noise_campaign,es_stdp_teacher_off,0,1906187110,ES+STDP teacher-free,poisson_excitatory,100.0,0.0,120,0.6049586029257625,0.25625,117.26124999999998,8.902280779188395,137,0.14270833333333333,0.32499999999999996,False,False,False,,DES|m0|p1|r1,0,1,1,1848271985,105,145.61801952063576,-145.61801952063576,0.1
DES,full_noise_campaign,es_stdp_teacher_off,0,1906187110,ES+STDP teacher-free,poisson_inhibitory,5.0,0.0,120,0.6030003109481186,0.03229166666666667,82.47437500000004,6.645485500642415,16,0.016666666666666666,0.8833333333333333,False,False,False,,DES|m0|p1|r1,0,1,1,245116324,105,145.61801952063576,-145.61801952063576,0.1
DES,full_noise_campaign,es_stdp_teacher_off,0,1906187110,ES+STDP teacher-free,poisson_inhibitory,10.0,0.0,120,0.6077864840626717,0.03333333333333333,82.935625,6.655812582913188,17,0.017708333333333333,0.875,False,False,False,,DES|m0|p1|r1,0,1,1,161414662,105,145.61801952063576,-145.61801952063576,0.1
DES,full_noise_campaign,es_stdp_teacher_off,0,1906187110,ES+STDP teacher-free,poisson_inhibitory,25.0,0.0,120,0.6064379720482975,0.028125,85.045625,6.748417583036805,14,0.014583333333333334,0.9166666666666666,False,False,False,,DES|m0|p1|r1,0,1,1,501256451,105,145.61801952063576,-145.61801952063576,0.1
DES,full_noise_campaign,es_stdp_teacher_off,0,1906187110,ES+STDP teacher-free,poisson_inhibitory,50.0,0.0,120,0.6036375400144607,0.051041666666666666,88.84375000000004,6.953060738865121,30,0.03125,0.7833333333333333,False,False,False,,DES|m0|p1|r1,0,1,1,117205686,105,145.61801952063576,-145.61801952063576,0.1
DES,full_noise_campaign,es_stdp_teacher_off,0,1906187110,ES+STDP teacher-free,poisson_inhibitory,100.0,0.0,120,0.6050683299545199,0.18541666666666667,93.03750000000002,7.356653053036546,118,0.12291666666666666,0.35,False,False,False,,DES|m0|p1|r1,0,1,1,961441457,105,145.61801952063576,-145.61801952063576,0.1
DES,full_noise_campaign,es_stdp_teacher_off,0,1906187110,ES+STDP teacher-free,poisson_mixed,5.0,0.0,120,0.6197326169349253,0.025,81.95000000000005,6.623748228588639,10,0.010416666666666666,0.9333333333333333,False,False,False,,DES|m0|p1|r1,0,1,1,831268084,105,145.61801952063576,-145.61801952063576,0.1
DES,full_noise_campaign,es_stdp_teacher_off,0,1906187110,ES+STDP teacher-free,poisson_mixed,10.0,0.0,120,0.623128019971773,0.023958333333333335,82.07000000000005,6.63210524899014,10,0.010416666666666666,0.9166666666666666,False,False,False,,DES|m0|p1|r1,0,1,1,1531514893,105,145.61801952063576,-145.61801952063576,0.1
DES,full_noise_campaign,es_stdp_teacher_off,0,1906187110,ES+STDP teacher-free,poisson_mixed,25.0,0.0,120,0.6070355570409447,0.030208333333333334,83.14000000000001,6.6939611419189635,17,0.017708333333333333,0.8666666666666667,False,False,False,,DES|m0|p1|r1,0,1,1,1329029904,105,145.61801952063576,-145.61801952063576,0.1
DES,full_noise_campaign,es_stdp_teacher_off,0,1906187110,ES+STDP teacher-free,poisson_mixed,50.0,0.0,120,0.6123149548657238,0.04583333333333333,86.32562500000003,6.893170464821638,28,0.029166666666666667,0.7833333333333333,False,False,False,,DES|m0|p1|r1,0,1,1,1412143327,105,145.61801952063576,-145.61801952063576,0.1
DES,full_noise_campaign,es_stdp_teacher_off,0,1906187110,ES+STDP teacher-free,poisson_mixed,100.0,0.0,120,0.6111639610026032,0.051041666666666666,88.64000000000003,7.019534633631073,31,0.03229166666666667,0.7916666666666666,False,False,False,,DES|m0|p1|r1,0,1,1,259691635,105,145.61801952063576,-145.61801952063576,0.1
DES,full_noise_campaign,es_stdp_teacher_off,0,81761821,ES+STDP teacher-free,none,0.0,0.0,120,0.6084482949227095,0.029166666666666667,82.05062500000003,6.61862868037953,12,0.0125,0.9,False,False,False,,DES|m0|p2|r0,0,2,0,95058500,105,145.61801952063576,-145.61801952063576,0.1
DES,full_noise_campaign,es_stdp_teacher_off,0,81761821,ES+STDP teacher-free,poisson_excitatory,5.0,0.0,120,0.6003706429619342,0.030208333333333334,82.19375000000002,6.64366775678991,16,0.016666666666666666,0.875,False,False,False,,DES|m0|p2|r0,0,2,0,587446881,105,145.61801952063576,-145.61801952063576,0.1
DES,full_noise_campaign,es_stdp_teacher_off,0,81761821,ES+STDP teacher-free,poisson_excitatory,10.0,0.0,120,0.6080969730392098,0.028125,82.54187500000002,6.681290907948791,13,0.013541666666666667,0.8916666666666666,False,False,False,,DES|m0|p2|r0,0,2,0,1985572890,105,145.61801952063576,-145.61801952063576,0.1
DES,full_noise_campaign,es_stdp_teacher_off,0,81761821,ES+STDP teacher-free,poisson_excitatory,25.0,0.0,120,0.608759521972388,0.058333333333333334,85.70062499999995,6.9096811446252335,33,0.034375,0.7583333333333333,False,False,False,,DES|m0|p2|r0,0,2,0,1646723871,105,145.61801952063576,-145.61801952063576,0.1
DES,full_noise_campaign,es_stdp_teacher_off,0,81761821,ES+STDP teacher-free,poisson_excitatory,50.0,0.0,120,0.6101811821572483,0.10208333333333333,92.46437499999996,7.365885901858315,55,0.057291666666666664,0.625,False,False,False,,DES|m0|p2|r0,0,2,0,2033973458,105,145.61801952063576,-145.61801952063576,0.1
DES,full_noise_campaign,es_stdp_teacher_off,0,81761821,ES+STDP teacher-free,poisson_excitatory,100.0,0.0,120,0.6160566450562328,0.27395833333333336,118.09499999999997,8.916772837676008,150,0.15625,0.2583333333333333,False,False,False,,DES|m0|p2|r0,0,2,0,199869986,105,145.61801952063576,-145.61801952063576,0.1
DES,full_noise_campaign,es_stdp_teacher_off,0,81761821,ES+STDP teacher-free,poisson_inhibitory,5.0,0.0,120,0.6136216979939491,0.035416666666666666,83.21250000000002,6.670352556206726,14,0.014583333333333334,0.8916666666666666,False,False,False,,DES|m0|p2|r0,0,2,0,2112792015,105,145.61801952063576,-145.61801952063576,0.1
DES,full_noise_campaign,es_stdp_teacher_off,0,81761821,ES+STDP teacher-free,poisson_inhibitory,10.0,0.0,120,0.6067099638748914,0.035416666666666666,83.82125000000003,6.6879304710058145,15,0.015625,0.8833333333333333,False,False,False,,DES|m0|p2|r0,0,2,0,528564283,105,145.61801952063576,-145.61801952063576,0.1
DES,full_noise_campaign,es_stdp_teacher_off,0,81761821,ES+STDP teacher-free,poisson_inhibitory,25.0,0.0,120,0.6113932060543448,0.0375,85.68937499999998,6.771427249774858,16,0.016666666666666666,0.875,False,False,False,,DES|m0|p2|r0,0,2,0,201272638,105,145.61801952063576,-145.61801952063576,0.1
DES,full_noise_campaign,es_stdp_teacher_off,0,81761821,ES+STDP teacher-free,poisson_inhibitory,50.0,0.0,120,0.6095037588384002,0.04375,88.88375000000005,6.948219679414667,25,0.026041666666666668,0.8,False,False,False,,DES|m0|p2|r0,0,2,0,283367281,105,145.61801952063576,-145.61801952063576,0.1
DES,full_noise_campaign,es_stdp_teacher_off,0,81761821,ES+STDP teacher-free,poisson_inhibitory,100.0,0.0,120,0.6061402589548379,0.16041666666666668,93.69062500000004,7.3838984618631205,94,0.09791666666666667,0.44166666666666665,False,False,False,,DES|m0|p2|r0,0,2,0,1552797536,105,145.61801952063576,-145.61801952063576,0.1
DES,full_noise_campaign,es_stdp_teacher_off,0,81761821,ES+STDP teacher-free,poisson_mixed,5.0,0.0,120,0.6065245028585196,0.030208333333333334,82.48125,6.643595210101441,13,0.013541666666666667,0.8916666666666666,False,False,False,,DES|m0|p2|r0,0,2,0,493889180,105,145.61801952063576,-145.61801952063576,0.1
DES,full_noise_campaign,es_stdp_teacher_off,0,81761821,ES+STDP teacher-free,poisson_mixed,10.0,0.0,120,0.6052366110961884,0.03125,82.94250000000004,6.668841480134608,15,0.015625,0.875,False,False,False,,DES|m0|p2|r0,0,2,0,123116047,105,145.61801952063576,-145.61801952063576,0.1
DES,full_noise_campaign,es_stdp_teacher_off,0,81761821,ES+STDP teacher-free,poisson_mixed,25.0,0.0,120,0.6051964219659567,0.030208333333333334,83.6925,6.712917269523077,13,0.013541666666666667,0.9,False,False,False,,DES|m0|p2|r0,0,2,0,321451274,105,145.61801952063576,-145.61801952063576,0.1
DES,full_noise_campaign,es_stdp_teacher_off,0,81761821,ES+STDP teacher-free,poisson_mixed,50.0,0.0,120,0.6073866689112037,0.034375,85.08375000000001,6.7914637460184295,16,0.016666666666666666,0.875,False,False,False,,DES|m0|p2|r0,0,2,0,137629405,105,145.61801952063576,-145.61801952063576,0.1
DES,full_noise_campaign,es_stdp_teacher_off,0,81761821,ES+STDP teacher-free,poisson_mixed,100.0,0.0,120,0.6163278510794044,0.06041666666666667,88.85937500000001,7.038705394758809,32,0.03333333333333333,0.7416666666666667,False,False,False,,DES|m0|p2|r0,0,2,0,1715810069,105,145.61801952063576,-145.61801952063576,0.1
DES,full_noise_campaign,es_stdp_teacher_off,0,1943577999,ES+STDP teacher-free,none,0.0,0.0,120,0.6066693980246782,0.029166666666666667,82.05062500000003,6.61862868037953,12,0.0125,0.9,False,False,False,,DES|m0|p2|r1,0,2,1,1785205073,105,145.61801952063576,-145.61801952063576,0.1
DES,full_noise_campaign,es_stdp_teacher_off,0,1943577999,ES+STDP teacher-free,poisson_excitatory,5.0,0.0,120,0.6127305349800736,0.021875,81.71687500000002,6.6155700949122975,11,0.011458333333333333,0.9083333333333333,False,False,False,,DES|m0|p2|r1,0,2,1,572972859,105,145.61801952063576,-145.61801952063576,0.1
DES,full_noise_campaign,es_stdp_teacher_off,0,1943577999,ES+STDP teacher-free,poisson_excitatory,10.0,0.0,120,0.6079426319338381,0.03333333333333333,82.36187500000003,6.662678004623767,14,0.014583333333333334,0.8833333333333333,False,False,False,,DES|m0|p2|r1,0,2,1,1406337065,105,145.61801952063576,-145.61801952063576,0.1
DES,full_noise_campaign,es_stdp_teacher_off,0,1943577999,ES+STDP teacher-free,poisson_excitatory,25.0,0.0,120,0.608621341874823,0.04375,84.63937499999997,6.844233640703322,23,0.023958333333333335,0.8166666666666667,False,False,False,,DES|m0|p2|r1,0,2,1,1202492198,105,145.61801952063576,-145.61801952063576,0.1
DES,full_noise_campaign,es_stdp_teacher_off,0,1943577999,ES+STDP teacher-free,poisson_excitatory,50.0,0.0,120,0.60824886104092,0.10625,93.72125000000001,7.451190621875927,57,0.059375,0.6083333333333334,False,False,False,,DES|m0|p2|r1,0,2,1,1555065043,105,145.61801952063576,-145.61801952063576,0.1
DES,full_noise_campaign,es_stdp_teacher_off,0,1943577999,ES+STDP teacher-free,poisson_excitatory,100.0,0.0,120,0.6093239958863705,0.26666666666666666,116.25187499999994,8.811211345354245,142,0.14791666666666667,0.32499999999999996,False,False,False,,DES|m0|p2|r1,0,2,1,1827955594,105,145.61801952063576,-145.61801952063576,0.1
DES,full_noise_campaign,es_stdp_teacher_off,0,1943577999,ES+STDP teacher-free,poisson_inhibitory,5.0,0.0,120,0.6034532159101218,0.03125,82.78125000000001,6.644367779430087,12,0.0125,0.9083333333333333,False,False,False,,DES|m0|p2|r1,0,2,1,2093727917,105,145.61801952063576,-145.61801952063576,0.1
DES,full_noise_campaign,es_stdp_teacher_off,0,1943577999,ES+STDP teacher-free,poisson_inhibitory,10.0,0.0,120,0.6020079050213099,0.040625,83.90124999999998,6.697700424687013,16,0.016666666666666666,0.8666666666666667,False,False,False,,DES|m0|p2|r1,0,2,1,973787210,105,145.61801952063576,-145.61801952063576,0.1
DES,full_noise_campaign,es_stdp_teacher_off,0,1943577999,ES+STDP teacher-free,poisson_inhibitory,25.0,0.0,120,0.6056822820100933,0.0375,85.78437500000004,6.7721838149739675,17,0.017708333333333333,0.8583333333333334,False,False,False,,DES|m0|p2|r1,0,2,1,779402565,105,145.61801952063576,-145.61801952063576,0.1
DES,full_noise_campaign,es_stdp_teacher_off,0,1943577999,ES+STDP teacher-free,poisson_inhibitory,50.0,0.0,120,0.6084163100458682,0.052083333333333336,89.20812500000005,6.9652719328166,27,0.028125,0.8083333333333333,False,False,False,,DES|m0|p2|r1,0,2,1,896026482,105,145.61801952063576,-145.61801952063576,0.1
DES,full_noise_campaign,es_stdp_teacher_off,0,1943577999,ES+STDP teacher-free,poisson_inhibitory,100.0,0.0,120,0.6087867058813572,0.146875,93.89812500000002,7.373389797776198,101,0.10520833333333333,0.44166666666666665,False,False,False,,DES|m0|p2|r1,0,2,1,999320012,105,145.61801952063576,-145.61801952063576,0.1
DES,full_noise_campaign,es_stdp_teacher_off,0,1943577999,ES+STDP teacher-free,poisson_mixed,5.0,0.0,120,0.6166701999027282,0.036458333333333336,82.62812499999998,6.650272384777589,13,0.013541666666666667,0.8916666666666666,False,False,False,,DES|m0|p2|r1,0,2,1,1251124821,105,145.61801952063576,-145.61801952063576,0.1
DES,full_noise_campaign,es_stdp_teacher_off,0,1943577999,ES+STDP teacher-free,poisson_mixed,10.0,0.0,120,0.610410087974742,0.03229166666666667,82.92250000000001,6.666782158393991,15,0.015625,0.875,False,False,False,,DES|m0|p2|r1,0,2,1,1647420109,105,145.61801952063576,-145.61801952063576,0.1
DES,full_noise_campaign,es_stdp_teacher_off,0,1943577999,ES+STDP teacher-free,poisson_mixed,25.0,0.0,120,0.60679542995058,0.034375,83.66187500000001,6.7106552620061946,14,0.014583333333333334,0.8833333333333333,False,False,False,,DES|m0|p2|r1,0,2,1,1984942032,105,145.61801952063576,-145.61801952063576,0.1
DES,full_noise_campaign,es_stdp_teacher_off,0,1943577999,ES+STDP teacher-free,poisson_mixed,50.0,0.0,120,0.6078330921009183,0.0375,85.94437500000002,6.841586949642106,18,0.01875,0.85,False,False,False,,DES|m0|p2|r1,0,2,1,1834169887,105,145.61801952063576,-145.61801952063576,0.1
DES,full_noise_campaign,es_stdp_teacher_off,0,1943577999,ES+STDP teacher-free,poisson_mixed,100.0,0.0,120,0.6073766949120909,0.06354166666666666,89.73937499999997,7.077685483342957,29,0.030208333333333334,0.8,False,False,False,,DES|m0|p2|r1,0,2,1,2040507806,105,145.61801952063576,-145.61801952063576,0.1
DES,full_noise_campaign,es_stdp_teacher_off,0,85852142,ES+STDP teacher-free,none,0.0,0.0,120,0.6031116200610995,0.021875,81.53875000000002,6.603067571112744,7,0.007291666666666667,0.9416666666666667,False,True,False,0.6476190476190475,DES|m0|p3|r0,0,3,0,504313504,105,145.61801952063576,-145.61801952063576,0.1
DES,full_noise_campaign,es_stdp_teacher_off,0,85852142,ES+STDP teacher-free,poisson_excitatory,5.0,0.0,120,0.6081308608409017,0.015625,81.24500000000003,6.597680145404617,8,0.008333333333333333,0.9333333333333333,False,True,False,0.5619047619047619,DES|m0|p3|r0,0,3,0,1142824139,105,145.61801952063576,-145.61801952063576,0.1
DES,full_noise_campaign,es_stdp_teacher_off,0,85852142,ES+STDP teacher-free,poisson_excitatory,10.0,0.0,120,0.6060087960213423,0.01875,81.544375,6.631060276299687,7,0.007291666666666667,0.9416666666666667,False,True,False,0.7047619047619047,DES|m0|p3|r0,0,3,0,416642267,105,145.61801952063576,-145.61801952063576,0.1
DES,full_noise_campaign,es_stdp_teacher_off,0,85852142,ES+STDP teacher-free,poisson_excitatory,25.0,0.0,120,0.6085281451232731,0.034375,84.37062500000005,6.8493294925011,17,0.017708333333333333,0.875,False,True,False,0.19999999999999996,DES|m0|p3|r0,0,3,0,212539870,105,145.61801952063576,-145.61801952063576,0.1
DES,full_noise_campaign,es_stdp_teacher_off,0,85852142,ES+STDP teacher-free,poisson_excitatory,50.0,0.0,120,0.6204404230229557,0.09791666666666667,93.46312499999992,7.455662561630067,50,0.052083333333333336,0.65,False,False,False,,DES|m0|p3|r0,0,3,0,397927441,105,145.61801952063576,-145.61801952063576,0.1
DES,full_noise_campaign,es_stdp_teacher_off,0,85852142,ES+STDP teacher-free,poisson_excitatory,100.0,0.0,120,0.6226709759794176,0.240625,116.11687499999992,8.842188776086545,149,0.15520833333333334,0.30833333333333335,False,False,False,,DES|m0|p3|r0,0,3,0,173816085,105,145.61801952063576,-145.61801952063576,0.1
DES,full_noise_campaign,es_stdp_teacher_off,0,85852142,ES+STDP teacher-free,poisson_inhibitory,5.0,0.0,120,0.6195535298902541,0.026041666666666668,82.30062499999997,6.628744057449964,10,0.010416666666666666,0.925,False,True,False,0.49523809523809526,DES|m0|p3|r0,0,3,0,452133725,105,145.61801952063576,-145.61801952063576,0.1
DES,full_noise_campaign,es_stdp_teacher_off,0,85852142,ES+STDP teacher-free,poisson_inhibitory,10.0,0.0,120,0.6154062869027257,0.026041666666666668,82.97874999999999,6.65324811361239,10,0.010416666666666666,0.9166666666666666,False,True,False,0.5523809523809524,DES|m0|p3|r0,0,3,0,1896700794,105,145.61801952063576,-145.61801952063576,0.1
DES,full_noise_campaign,es_stdp_teacher_off,0,85852142,ES+STDP teacher-free,poisson_inhibitory,25.0,0.0,120,0.6118691000156105,0.03229166666666667,85.49750000000002,6.77301088798499,14,0.014583333333333334,0.8916666666666666,False,True,False,0.34285714285714286,DES|m0|p3|r0,0,3,0,1702049407,105,145.61801952063576,-145.61801952063576,0.1
DES,full_noise_campaign,es_stdp_teacher_off,0,85852142,ES+STDP teacher-free,poisson_inhibitory,50.0,0.0,120,0.6103988280519843,0.03333333333333333,88.44937500000003,6.9241584928922935,18,0.01875,0.85,False,False,False,,DES|m0|p3|r0,0,3,0,2121255986,105,145.61801952063576,-145.61801952063576,0.1
DES,full_noise_campaign,es_stdp_teacher_off,0,85852142,ES+STDP teacher-free,poisson_inhibitory,100.0,0.0,120,0.6105609049554914,0.16979166666666667,93.67124999999996,7.393312581741723,117,0.121875,0.3833333333333333,False,False,False,,DES|m0|p3|r0,0,3,0,1563963989,105,145.61801952063576,-145.61801952063576,0.1
DES,full_noise_campaign,es_stdp_teacher_off,0,85852142,ES+STDP teacher-free,poisson_mixed,5.0,0.0,120,0.6111799750942737,0.021875,81.76500000000003,6.6170856179385735,7,0.007291666666666667,0.9416666666666667,False,True,False,0.6476190476190475,DES|m0|p3|r0,0,3,0,44738071,105,145.61801952063576,-145.61801952063576,0.1
DES,full_noise_campaign,es_stdp_teacher_off,0,85852142,ES+STDP teacher-free,poisson_mixed,10.0,0.0,120,0.6088832118548453,0.028125,82.08562499999996,6.628325813582998,11,0.011458333333333333,0.9083333333333333,False,False,False,,DES|m0|p3|r0,0,3,0,276757839,105,145.61801952063576,-145.61801952063576,0.1
DES,full_noise_campaign,es_stdp_teacher_off,0,85852142,ES+STDP teacher-free,poisson_mixed,25.0,0.0,120,0.6124858479015529,0.023958333333333335,83.293125,6.700695158377817,12,0.0125,0.9,False,True,False,0.4380952380952381,DES|m0|p3|r0,0,3,0,67145802,105,145.61801952063576,-145.61801952063576,0.1
DES,full_noise_campaign,es_stdp_teacher_off,0,85852142,ES+STDP teacher-free,poisson_mixed,50.0,0.0,120,0.6212700258474797,0.034375,85.26625000000003,6.82469430530166,18,0.01875,0.875,False,True,False,0.2761904761904762,DES|m0|p3|r0,0,3,0,521955997,105,145.61801952063576,-145.61801952063576,0.1
DES,full_noise_campaign,es_stdp_teacher_off,0,85852142,ES+STDP teacher-free,poisson_mixed,100.0,0.0,120,0.6246428098529577,0.046875,88.08937500000002,7.008881370504864,26,0.027083333333333334,0.8,False,False,False,,DES|m0|p3|r0,0,3,0,2100741224,105,145.61801952063576,-145.61801952063576,0.1
DES,full_noise_campaign,es_stdp_teacher_off,0,1914359676,ES+STDP teacher-free,none,0.0,0.0,120,0.6101007570978254,0.021875,81.53875000000002,6.603067571112744,7,0.007291666666666667,0.9416666666666667,False,True,False,0.6476190476190475,DES|m0|p3|r1,0,3,1,1909284211,105,145.61801952063576,-145.61801952063576,0.1
DES,full_noise_campaign,es_stdp_teacher_off,0,1914359676,ES+STDP teacher-free,poisson_excitatory,5.0,0.0,120,0.6165231151971966,0.019791666666666666,81.43000000000004,6.609652266695358,8,0.008333333333333333,0.9333333333333333,False,True,False,0.5714285714285714,DES|m0|p3|r1,0,3,1,1161525681,105,145.61801952063576,-145.61801952063576,0.1
DES,full_noise_campaign,es_stdp_teacher_off,0,1914359676,ES+STDP teacher-free,poisson_excitatory,10.0,0.0,120,0.6157593589741737,0.020833333333333332,81.89937500000002,6.650232612545515,11,0.011458333333333333,0.9083333333333333,False,True,False,0.49523809523809526,DES|m0|p3|r1,0,3,1,1029629162,105,145.61801952063576,-145.61801952063576,0.1
DES,full_noise_campaign,es_stdp_teacher_off,0,1914359676,ES+STDP teacher-free,poisson_excitatory,25.0,0.0,120,0.6136096999980509,0.041666666666666664,84.62875,6.8491073441336185,23,0.023958333333333335,0.8333333333333334,False,False,False,,DES|m0|p3|r1,0,3,1,689998309,105,145.61801952063576,-145.61801952063576,0.1
DES,full_noise_campaign,es_stdp_teacher_off,0,1914359676,ES+STDP teacher-free,poisson_excitatory,50.0,0.0,120,0.6130887558683753,0.09895833333333333,93.89874999999999,7.471928066786011,51,0.053125,0.6666666666666667,False,False,False,,DES|m0|p3|r1,0,3,1,842822674,105,145.61801952063576,-145.61801952063576,0.1
DES,full_noise_campaign,es_stdp_teacher_off,0,1914359676,ES+STDP teacher-free,poisson_excitatory,100.0,0.0,120,0.6138617279939353,0.2552083333333333,116.87249999999993,8.884468767305616,132,0.1375,0.30833333333333335,False,False,False,,DES|m0|p3|r1,0,3,1,1833016999,105,145.61801952063576,-145.61801952063576,0.1
DES,full_noise_campaign,es_stdp_teacher_off,0,1914359676,ES+STDP teacher-free,poisson_inhibitory,5.0,0.0,120,0.6053841060493141,0.021875,82.29875000000001,6.628270965349504,7,0.007291666666666667,0.9416666666666667,False,True,False,0.6476190476190475,DES|m0|p3|r1,0,3,1,467035711,105,145.61801952063576,-145.61801952063576,0.1
DES,full_noise_campaign,es_stdp_teacher_off,0,1914359676,ES+STDP teacher-free,poisson_inhibitory,10.0,0.0,120,0.6112180878408253,0.027083333333333334,83.019375,6.659071124215816,11,0.011458333333333333,0.9083333333333333,False,True,False,0.4095238095238095,DES|m0|p3|r1,0,3,1,1418120073,105,145.61801952063576,-145.61801952063576,0.1
DES,full_noise_campaign,es_stdp_teacher_off,0,1914359676,ES+STDP teacher-free,poisson_inhibitory,25.0,0.0,120,0.623170335078612,0.029166666666666667,84.89625000000002,6.730416786821069,13,0.013541666666666667,0.9,False,True,False,0.2857142857142857,DES|m0|p3|r1,0,3,1,1090037382,105,145.61801952063576,-145.61801952063576,0.1
DES,full_noise_campaign,es_stdp_teacher_off,0,1914359676,ES+STDP teacher-free,poisson_inhibitory,50.0,0.0,120,0.6119760179426521,0.035416666666666666,88.08437500000007,6.898442754339483,20,0.020833333333333332,0.8416666666666667,False,True,False,0.23809523809523814,DES|m0|p3|r1,0,3,1,1541692467,105,145.61801952063576,-145.61801952063576,0.1
DES,full_noise_campaign,es_stdp_teacher_off,0,1914359676,ES+STDP teacher-free,poisson_inhibitory,100.0,0.0,120,0.609583294019103,0.17395833333333333,92.71374999999995,7.329955269016674,107,0.11145833333333334,0.42500000000000004,False,False,False,,DES|m0|p3|r1,0,3,1,975541479,105,145.61801952063576,-145.61801952063576,0.1
DES,full_noise_campaign,es_stdp_teacher_off,0,1914359676,ES+STDP teacher-free,poisson_mixed,5.0,0.0,120,0.6183805370237678,0.017708333333333333,81.85312500000005,6.618291980972527,8,0.008333333333333333,0.9333333333333333,False,True,False,0.4380952380952381,DES|m0|p3|r1,0,3,1,1430791646,105,145.61801952063576,-145.61801952063576,0.1
DES,full_noise_campaign,es_stdp_teacher_off,0,1914359676,ES+STDP teacher-free,poisson_mixed,10.0,0.0,120,0.6084237021859735,0.022916666666666665,82.11437499999997,6.631775475563479,9,0.009375,0.925,False,False,False,,DES|m0|p3|r1,0,3,1,1964623501,105,145.61801952063576,-145.61801952063576,0.1
DES,full_noise_campaign,es_stdp_teacher_off,0,1914359676,ES+STDP teacher-free,poisson_mixed,25.0,0.0,120,0.6109354279469699,0.029166666666666667,83.44500000000002,6.7068169909086714,14,0.014583333333333334,0.8833333333333333,False,False,False,,DES|m0|p3|r1,0,3,1,1634184080,105,145.61801952063576,-145.61801952063576,0.1
DES,full_noise_campaign,es_stdp_teacher_off,0,1914359676,ES+STDP teacher-free,poisson_mixed,50.0,0.0,120,0.6086829020641744,0.035416666666666666,84.8775,6.8096348256594705,22,0.022916666666666665,0.825,False,False,False,,DES|m0|p3|r1,0,3,1,2054902111,105,145.61801952063576,-145.61801952063576,0.1
DES,full_noise_campaign,es_stdp_teacher_off,0,1914359676,ES+STDP teacher-free,poisson_mixed,100.0,0.0,120,0.6111615390982479,0.041666666666666664,87.948125,6.995334131595327,20,0.020833333333333332,0.85,False,True,False,0.1428571428571429,DES|m0|p3|r1,0,3,1,1659652043,105,145.61801952063576,-145.61801952063576,0.1
DES,full_noise_campaign,es_stdp_teacher_off,1,976971863,ES+STDP teacher-free,none,0.0,0.0,120,0.6109509121160954,0.036458333333333336,82.43687499999996,6.647662411517683,15,0.015625,0.875,False,False,False,,DES|m1|p0|r0,1,0,0,1956513307,105,145.61801952063576,-145.61801952063576,0.1
DES,full_noise_campaign,es_stdp_teacher_off,1,976971863,ES+STDP teacher-free,poisson_excitatory,5.0,0.0,120,0.6117165850009769,0.034375,82.58625000000002,6.669289113375045,15,0.015625,0.875,False,False,False,,DES|m1|p0|r0,1,0,0,939265135,105,145.61801952063576,-145.61801952063576,0.1
DES,full_noise_campaign,es_stdp_teacher_off,1,976971863,ES+STDP teacher-free,poisson_excitatory,10.0,0.0,120,0.6168076088652015,0.030208333333333334,82.79499999999997,6.697927532146833,18,0.01875,0.85,False,False,False,,DES|m1|p0|r0,1,0,0,1212579969,105,145.61801952063576,-145.61801952063576,0.1
DES,full_noise_campaign,es_stdp_teacher_off,1,976971863,ES+STDP teacher-free,poisson_excitatory,25.0,0.0,120,0.6193441650830209,0.05,85.7024999999999,6.915019824423219,38,0.03958333333333333,0.7,False,False,False,,DES|m1|p0|r0,1,0,0,1547234686,105,145.61801952063576,-145.61801952063576,0.1
DES,full_noise_campaign,es_stdp_teacher_off,1,976971863,ES+STDP teacher-free,poisson_excitatory,50.0,0.0,120,0.6254712908994406,0.10520833333333333,94.22999999999996,7.509188898325633,60,0.0625,0.575,False,False,False,,DES|m1|p0|r0,1,0,0,1193547563,105,145.61801952063576,-145.61801952063576,0.1
DES,full_noise_campaign,es_stdp_teacher_off,1,976971863,ES+STDP teacher-free,poisson_excitatory,100.0,0.0,120,0.6087601231411099,0.26979166666666665,116.56062499999992,8.851904193982232,141,0.146875,0.2583333333333333,False,False,False,,DES|m1|p0|r0,1,0,0,887282928,105,145.61801952063576,-145.61801952063576,0.1
DES,full_noise_campaign,es_stdp_teacher_off,1,976971863,ES+STDP teacher-free,poisson_inhibitory,5.0,0.0,120,0.6060123890638351,0.03958333333333333,83.42124999999997,6.686089069084138,17,0.017708333333333333,0.8666666666666667,False,False,False,,DES|m1|p0|r0,1,0,0,1762726913,105,145.61801952063576,-145.61801952063576,0.1
DES,full_noise_campaign,es_stdp_teacher_off,1,976971863,ES+STDP teacher-free,poisson_inhibitory,10.0,0.0,120,0.6084204618819058,0.03854166666666667,84.04687499999999,6.712472743090132,18,0.01875,0.8583333333333334,False,False,False,,DES|m1|p0|r0,1,0,0,564047842,105,145.61801952063576,-145.61801952063576,0.1
DES,full_noise_campaign,es_stdp_teacher_off,1,976971863,ES+STDP teacher-free,poisson_inhibitory,25.0,0.0,120,0.608521870803088,0.042708333333333334,86.20500000000001,6.799144661111329,21,0.021875,0.825,False,False,False,,DES|m1|p0|r0,1,0,0,903922397,105,145.61801952063576,-145.61801952063576,0.1
DES,full_noise_campaign,es_stdp_teacher_off,1,976971863,ES+STDP teacher-free,poisson_inhibitory,50.0,0.0,120,0.6097086870577186,0.0625,90.043125,7.021075682748712,36,0.0375,0.7416666666666667,False,False,False,,DES|m1|p0|r0,1,0,0,788281610,105,145.61801952063576,-145.61801952063576,0.1
DES,full_noise_campaign,es_stdp_teacher_off,1,976971863,ES+STDP teacher-free,poisson_inhibitory,100.0,0.0,120,0.6088501268532127,0.17083333333333334,94.76437499999999,7.439878211674424,118,0.12291666666666666,0.35,False,False,False,,DES|m1|p0|r0,1,0,0,1669781038,105,145.61801952063576,-145.61801952063576,0.1
DES,full_noise_campaign,es_stdp_teacher_off,1,976971863,ES+STDP teacher-free,poisson_mixed,5.0,0.0,120,0.6079196950886399,0.0375,82.75125,6.6652419939605645,18,0.01875,0.85,False,False,False,,DES|m1|p0|r0,1,0,0,1657261573,105,145.61801952063576,-145.61801952063576,0.1
DES,full_noise_campaign,es_stdp_teacher_off,1,976971863,ES+STDP teacher-free,poisson_mixed,10.0,0.0,120,0.6070257748942822,0.04375,83.58249999999995,6.709376423332813,23,0.023958333333333335,0.8166666666666667,False,False,False,,DES|m1|p0|r0,1,0,0,673396077,105,145.61801952063576,-145.61801952063576,0.1
DES,full_noise_campaign,es_stdp_teacher_off,1,976971863,ES+STDP teacher-free,poisson_mixed,25.0,0.0,120,0.6133269891142845,0.034375,84.519375,6.763414637529558,15,0.015625,0.875,False,False,False,,DES|m1|p0|r0,1,0,0,1012750450,105,145.61801952063576,-145.61801952063576,0.1
DES,full_noise_campaign,es_stdp_teacher_off,1,976971863,ES+STDP teacher-free,poisson_mixed,50.0,0.0,120,0.6201937079895288,0.04479166666666667,86.10187499999992,6.857523138827723,23,0.023958333333333335,0.8166666666666667,False,False,False,,DES|m1|p0|r0,1,0,0,658612799,105,145.61801952063576,-145.61801952063576,0.1
DES,full_noise_campaign,es_stdp_teacher_off,1,976971863,ES+STDP teacher-free,poisson_mixed,100.0,0.0,120,0.6125224109273404,0.04479166666666667,89.08624999999995,7.057433006764528,24,0.025,0.825,False,False,False,,DES|m1|p0|r0,1,0,0,777547064,105,145.61801952063576,-145.61801952063576,0.1
DES,full_noise_campaign,es_stdp_teacher_off,1,1295800549,ES+STDP teacher-free,none,0.0,0.0,120,0.6100322329439223,0.036458333333333336,82.43687499999996,6.647662411517683,15,0.015625,0.875,False,False,False,,DES|m1|p0|r1,1,0,1,459042552,105,145.61801952063576,-145.61801952063576,0.1
DES,full_noise_campaign,es_stdp_teacher_off,1,1295800549,ES+STDP teacher-free,poisson_excitatory,5.0,0.0,120,0.6061144019477069,0.03125,82.41187499999995,6.656489555572896,15,0.015625,0.875,False,True,False,0.2952380952380952,DES|m1|p0|r1,1,0,1,920217997,105,145.61801952063576,-145.61801952063576,0.1
DES,full_noise_campaign,es_stdp_teacher_off,1,1295800549,ES+STDP teacher-free,poisson_excitatory,10.0,0.0,120,0.606288158800453,0.03854166666666667,83.12312499999996,6.715761755802676,21,0.021875,0.825,False,False,False,,DES|m1|p0|r1,1,0,1,1842155650,105,145.61801952063576,-145.61801952063576,0.1
DES,full_noise_campaign,es_stdp_teacher_off,1,1295800549,ES+STDP teacher-free,poisson_excitatory,25.0,0.0,120,0.6084136599674821,0.04895833333333333,85.62624999999993,6.905470368938068,25,0.026041666666666668,0.8,False,False,False,,DES|m1|p0|r1,1,0,1,2041806215,105,145.61801952063576,-145.61801952063576,0.1
DES,full_noise_campaign,es_stdp_teacher_off,1,1295800549,ES+STDP teacher-free,poisson_excitatory,50.0,0.0,120,0.607471443945542,0.103125,94.97499999999991,7.5121528899920635,52,0.05416666666666667,0.6333333333333333,False,False,False,,DES|m1|p0|r1,1,0,1,1655670586,105,145.61801952063576,-145.61801952063576,0.1
DES,full_noise_campaign,es_stdp_teacher_off,1,1295800549,ES+STDP teacher-free,poisson_excitatory,100.0,0.0,120,0.6037739298772067,0.2635416666666667,116.86562499999995,8.908414993928613,144,0.15,0.23333333333333328,False,False,False,,DES|m1|p0|r1,1,0,1,1409251964,105,145.61801952063576,-145.61801952063576,0.1
DES,full_noise_campaign,es_stdp_teacher_off,1,1295800549,ES+STDP teacher-free,poisson_inhibitory,5.0,0.0,120,0.6076531240250915,0.040625,83.53562499999997,6.693707889982354,20,0.020833333333333332,0.8333333333333334,False,False,False,,DES|m1|p0|r1,1,0,1,1748268827,105,145.61801952063576,-145.61801952063576,0.1
DES,full_noise_campaign,es_stdp_teacher_off,1,1295800549,ES+STDP teacher-free,poisson_inhibitory,10.0,0.0,120,0.6201116119045764,0.04375,84.44375,6.728277176928321,19,0.019791666666666666,0.8416666666666667,False,False,False,,DES|m1|p0|r1,1,0,1,68501475,105,145.61801952063576,-145.61801952063576,0.1
DES,full_noise_campaign,es_stdp_teacher_off,1,1295800549,ES+STDP teacher-free,poisson_inhibitory,25.0,0.0,120,0.6157182930037379,0.03854166666666667,85.97999999999999,6.788299992664858,23,0.023958333333333335,0.8166666666666667,False,False,False,,DES|m1|p0|r1,1,0,1,275469030,105,145.61801952063576,-145.61801952063576,0.1
DES,full_noise_campaign,es_stdp_teacher_off,1,1295800549,ES+STDP teacher-free,poisson_inhibitory,50.0,0.0,120,0.606565895024687,0.06875,89.85500000000002,7.004223465642923,39,0.040625,0.6916666666666667,False,False,False,,DES|m1|p0|r1,1,0,1,192391449,105,145.61801952063576,-145.61801952063576,0.1
DES,full_noise_campaign,es_stdp_teacher_off,1,1295800549,ES+STDP teacher-free,poisson_inhibitory,100.0,0.0,120,0.6038243160583079,0.16458333333333333,93.45625000000001,7.377175503703453,111,0.115625,0.35,False,False,False,,DES|m1|p0|r1,1,0,1,77295806,105,145.61801952063576,-145.61801952063576,0.1
DES,full_noise_campaign,es_stdp_teacher_off,1,1295800549,ES+STDP teacher-free,poisson_mixed,5.0,0.0,120,0.6162951439619064,0.03333333333333333,83.15062499999993,6.686718341973432,15,0.015625,0.875,False,False,False,,DES|m1|p0|r1,1,0,1,891637166,105,145.61801952063576,-145.61801952063576,0.1
DES,full_noise_campaign,es_stdp_teacher_off,1,1295800549,ES+STDP teacher-free,poisson_mixed,10.0,0.0,120,0.6046486289706081,0.041666666666666664,83.68999999999997,6.719963729034108,23,0.023958333333333335,0.8083333333333333,False,False,False,,DES|m1|p0|r1,1,0,1,1296305711,105,145.61801952063576,-145.61801952063576,0.1
DES,full_noise_campaign,es_stdp_teacher_off,1,1295800549,ES+STDP teacher-free,poisson_mixed,25.0,0.0,120,0.6130880028940737,0.04479166666666667,84.88312499999998,6.788070709136043,26,0.027083333333333334,0.7833333333333333,False,False,False,,DES|m1|p0|r1,1,0,1,1496998700,105,145.61801952063576,-145.61801952063576,0.1
DES,full_noise_campaign,es_stdp_teacher_off,1,1295800549,ES+STDP teacher-free,poisson_mixed,50.0,0.0,120,0.6060704190749675,0.04583333333333333,85.85437499999998,6.8484745129314035,26,0.027083333333333334,0.8083333333333333,False,False,False,,DES|m1|p0|r1,1,0,1,1109825917,105,145.61801952063576,-145.61801952063576,0.1
DES,full_noise_campaign,es_stdp_teacher_off,1,1295800549,ES+STDP teacher-free,poisson_mixed,100.0,0.0,120,0.6098190781194717,0.07708333333333334,90.27249999999997,7.123023814096594,42,0.04375,0.6833333333333333,False,False,False,,DES|m1|p0|r1,1,0,1,830664381,105,145.61801952063576,-145.61801952063576,0.1
DES,full_noise_campaign,es_stdp_teacher_off,1,1006174788,ES+STDP teacher-free,none,0.0,0.0,120,0.6056536030955613,0.026041666666666668,81.61812500000005,6.609875463186576,11,0.011458333333333333,0.925,False,False,False,,DES|m1|p1|r0,1,1,0,1866156489,105,145.61801952063576,-145.61801952063576,0.1
DES,full_noise_campaign,es_stdp_teacher_off,1,1006174788,ES+STDP teacher-free,poisson_excitatory,5.0,0.0,120,0.617162314010784,0.026041666666666668,81.74875000000004,6.63018497878755,12,0.0125,0.9166666666666666,False,False,False,,DES|m1|p1|r0,1,1,0,1356966653,105,145.61801952063576,-145.61801952063576,0.1
DES,full_noise_campaign,es_stdp_teacher_off,1,1006174788,ES+STDP teacher-free,poisson_excitatory,10.0,0.0,120,0.6088292947970331,0.028125,81.99750000000009,6.657183955695656,15,0.015625,0.875,False,False,False,,DES|m1|p1|r0,1,1,0,650812226,105,145.61801952063576,-145.61801952063576,0.1
DES,full_noise_campaign,es_stdp_teacher_off,1,1006174788,ES+STDP teacher-free,poisson_excitatory,25.0,0.0,120,0.6077227990608662,0.0625,86.08625,6.934723080526018,31,0.03229166666666667,0.75,False,False,False,,DES|m1|p1|r0,1,1,0,850720317,105,145.61801952063576,-145.61801952063576,0.1
DES,full_noise_campaign,es_stdp_teacher_off,1,1006174788,ES+STDP teacher-free,poisson_excitatory,50.0,0.0,120,0.6087027660105377,0.09375,92.16437499999998,7.368975358662841,51,0.053125,0.625,False,False,False,,DES|m1|p1|r0,1,1,0,698879082,105,145.61801952063576,-145.61801952063576,0.1
DES,full_noise_campaign,es_stdp_teacher_off,1,1006174788,ES+STDP teacher-free,poisson_excitatory,100.0,0.0,120,0.6181991340126842,0.24270833333333333,115.01375000000002,8.769894660389651,152,0.15833333333333333,0.19999999999999996,False,False,False,,DES|m1|p1|r0,1,1,0,894902787,105,145.61801952063576,-145.61801952063576,0.1
DES,full_noise_campaign,es_stdp_teacher_off,1,1006174788,ES+STDP teacher-free,poisson_inhibitory,5.0,0.0,120,0.6072474389802665,0.029166666666666667,82.52125000000005,6.64415898066763,14,0.014583333333333334,0.9,False,False,False,,DES|m1|p1|r0,1,1,0,235713899,105,145.61801952063576,-145.61801952063576,0.1
DES,full_noise_campaign,es_stdp_teacher_off,1,1006174788,ES+STDP teacher-free,poisson_inhibitory,10.0,0.0,120,0.6130986078642309,0.03333333333333333,83.095625,6.663297899682711,17,0.017708333333333333,0.8833333333333333,False,False,False,,DES|m1|p1|r0,1,1,0,1326626081,105,145.61801952063576,-145.61801952063576,0.1
DES,full_noise_campaign,es_stdp_teacher_off,1,1006174788,ES+STDP teacher-free,poisson_inhibitory,25.0,0.0,120,0.6045791178476065,0.034375,85.21562500000002,6.760086961128547,18,0.01875,0.875,False,False,False,,DES|m1|p1|r0,1,1,0,1533860382,105,145.61801952063576,-145.61801952063576,0.1
DES,full_noise_campaign,es_stdp_teacher_off,1,1006174788,ES+STDP teacher-free,poisson_inhibitory,50.0,0.0,120,0.6095025399699807,0.051041666666666666,88.08937500000002,6.9130565205694925,30,0.03125,0.7833333333333333,False,False,False,,DES|m1|p1|r0,1,1,0,1081091019,105,145.61801952063576,-145.61801952063576,0.1
DES,full_noise_campaign,es_stdp_teacher_off,1,1006174788,ES+STDP teacher-free,poisson_inhibitory,100.0,0.0,120,0.606277012033388,0.19583333333333333,93.64375000000004,7.38359023900877,115,0.11979166666666667,0.375,False,False,False,,DES|m1|p1|r0,1,1,0,1647520579,105,145.61801952063576,-145.61801952063576,0.1
DES,full_noise_campaign,es_stdp_teacher_off,1,1006174788,ES+STDP teacher-free,poisson_mixed,5.0,0.0,120,0.6035736710764468,0.03125,82.11437500000005,6.637812081778199,15,0.015625,0.8916666666666666,False,False,False,,DES|m1|p1|r0,1,1,0,2099072624,105,145.61801952063576,-145.61801952063576,0.1
DES,full_noise_campaign,es_stdp_teacher_off,1,1006174788,ES+STDP teacher-free,poisson_mixed,10.0,0.0,120,0.6047878430690616,0.027083333333333334,82.40187500000005,6.651571991741237,10,0.010416666666666666,0.9166666666666666,False,False,False,,DES|m1|p1|r0,1,1,0,1057706413,105,145.61801952063576,-145.61801952063576,0.1
DES,full_noise_campaign,es_stdp_teacher_off,1,1006174788,ES+STDP teacher-free,poisson_mixed,25.0,0.0,120,0.6058744308538735,0.021875,82.75625000000002,6.673218035445851,10,0.010416666666666666,0.9166666666666666,False,False,False,,DES|m1|p1|r0,1,1,0,729103538,105,145.61801952063576,-145.61801952063576,0.1
DES,full_noise_campaign,es_stdp_teacher_off,1,1006174788,ES+STDP teacher-free,poisson_mixed,50.0,0.0,120,0.6053182838950306,0.0375,85.06874999999997,6.8138036787165355,19,0.019791666666666666,0.8583333333333334,False,False,False,,DES|m1|p1|r0,1,1,0,812238591,105,145.61801952063576,-145.61801952063576,0.1
DES,full_noise_campaign,es_stdp_teacher_off,1,1006174788,ES+STDP teacher-free,poisson_mixed,100.0,0.0,120,0.6093606820795685,0.07083333333333333,89.78875000000001,7.101326016912567,45,0.046875,0.6916666666666667,False,False,False,,DES|m1|p1|r0,1,1,0,892045315,105,145.61801952063576,-145.61801952063576,0.1
DES,full_noise_campaign,es_stdp_teacher_off,1,1291727542,ES+STDP teacher-free,none,0.0,0.0,120,0.6059157638810575,0.026041666666666668,81.61812500000005,6.609875463186576,11,0.011458333333333333,0.925,False,False,False,,DES|m1|p1|r1,1,1,1,16327372,105,145.61801952063576,-145.61801952063576,0.1
DES,full_noise_campaign,es_stdp_teacher_off,1,1291727542,ES+STDP teacher-free,poisson_excitatory,5.0,0.0,120,0.6071910220198333,0.023958333333333335,81.4200000000001,6.61264178620106,10,0.010416666666666666,0.9166666666666666,False,False,False,,DES|m1|p1|r1,1,1,1,1371852831,105,145.61801952063576,-145.61801952063576,0.1
DES,full_noise_campaign,es_stdp_teacher_off,1,1291727542,ES+STDP teacher-free,poisson_excitatory,10.0,0.0,120,0.6094272958580405,0.027083333333333334,81.75062500000007,6.640950615978069,12,0.0125,0.9083333333333333,False,False,False,,DES|m1|p1|r1,1,1,1,54594371,105,145.61801952063576,-145.61801952063576,0.1
DES,full_noise_campaign,es_stdp_teacher_off,1,1291727542,ES+STDP teacher-free,poisson_excitatory,25.0,0.0,120,0.6080709882080555,0.035416666666666666,84.65437499999997,6.84722704798887,21,0.021875,0.85,False,False,False,,DES|m1|p1|r1,1,1,1,390030918,105,145.61801952063576,-145.61801952063576,0.1
DES,full_noise_campaign,es_stdp_teacher_off,1,1291727542,ES+STDP teacher-free,poisson_excitatory,50.0,0.0,120,0.60618791799061,0.0875,92.60999999999996,7.396515580706534,44,0.04583333333333333,0.6916666666666667,False,False,False,,DES|m1|p1|r1,1,1,1,203660409,105,145.61801952063576,-145.61801952063576,0.1
DES,full_noise_campaign,es_stdp_teacher_off,1,1291727542,ES+STDP teacher-free,poisson_excitatory,100.0,0.0,120,0.6107645449228585,0.265625,117.17687499999997,8.900819082162625,142,0.14791666666666667,0.25,False,False,False,,DES|m1|p1|r1,1,1,1,1380616057,105,145.61801952063576,-145.61801952063576,0.1
DES,full_noise_campaign,es_stdp_teacher_off,1,1291727542,ES+STDP teacher-free,poisson_inhibitory,5.0,0.0,120,0.6119078849442303,0.03125,82.43812500000003,6.641580277013192,15,0.015625,0.8833333333333333,False,False,False,,DES|m1|p1|r1,1,1,1,254398609,105,145.61801952063576,-145.61801952063576,0.1
DES,full_noise_campaign,es_stdp_teacher_off,1,1291727542,ES+STDP teacher-free,poisson_inhibitory,10.0,0.0,120,0.6213540819007903,0.034375,83.285,6.6713945804942085,18,0.01875,0.8666666666666667,False,False,False,,DES|m1|p1|r1,1,1,1,1788421410,105,145.61801952063576,-145.61801952063576,0.1
DES,full_noise_campaign,es_stdp_teacher_off,1,1291727542,ES+STDP teacher-free,poisson_inhibitory,25.0,0.0,120,0.6119410658720881,0.036458333333333336,85.19750000000002,6.758200318815021,20,0.020833333333333332,0.8583333333333334,False,False,False,,DES|m1|p1|r1,1,1,1,2129087015,105,145.61801952063576,-145.61801952063576,0.1
DES,full_noise_campaign,es_stdp_teacher_off,1,1291727542,ES+STDP teacher-free,poisson_inhibitory,50.0,0.0,120,0.6072790960315615,0.04791666666666667,88.588125,6.928239382976388,26,0.027083333333333334,0.8083333333333333,False,False,False,,DES|m1|p1|r1,1,1,1,1710994394,105,145.61801952063576,-145.61801952063576,0.1
DES,full_noise_campaign,es_stdp_teacher_off,1,1291727542,ES+STDP teacher-free,poisson_inhibitory,100.0,0.0,120,0.6164286890998483,0.16458333333333333,92.99812499999999,7.355123090888869,115,0.11979166666666667,0.3666666666666667,False,False,False,,DES|m1|p1|r1,1,1,1,86937017,105,145.61801952063576,-145.61801952063576,0.1
DES,full_noise_campaign,es_stdp_teacher_off,1,1291727542,ES+STDP teacher-free,poisson_mixed,5.0,0.0,120,0.6146984791848809,0.03125,82.03500000000003,6.6293062593754835,15,0.015625,0.9,False,False,False,,DES|m1|p1|r1,1,1,1,721407559,105,145.61801952063576,-145.61801952063576,0.1
DES,full_noise_campaign,es_stdp_teacher_off,1,1291727542,ES+STDP teacher-free,poisson_mixed,10.0,0.0,120,0.6107044289819896,0.028125,82.36687500000002,6.644054363865601,14,0.014583333333333334,0.9,False,False,False,,DES|m1|p1|r1,1,1,1,1517054703,105,145.61801952063576,-145.61801952063576,0.1
DES,full_noise_campaign,es_stdp_teacher_off,1,1291727542,ES+STDP teacher-free,poisson_mixed,25.0,0.0,120,0.6108241989277303,0.028125,83.16874999999999,6.7038496968236085,16,0.016666666666666666,0.8833333333333333,False,False,False,,DES|m1|p1|r1,1,1,1,1309804524,105,145.61801952063576,-145.61801952063576,0.1
DES,full_noise_campaign,es_stdp_teacher_off,1,1291727542,ES+STDP teacher-free,poisson_mixed,50.0,0.0,120,0.6117839228827506,0.034375,85.26750000000001,6.837628642039678,21,0.021875,0.8416666666666667,False,False,False,,DES|m1|p1|r1,1,1,1,1427045821,105,145.61801952063576,-145.61801952063576,0.1
DES,full_noise_campaign,es_stdp_teacher_off,1,1291727542,ES+STDP teacher-free,poisson_mixed,100.0,0.0,120,0.6109419208951294,0.040625,88.15124999999998,6.992072735386328,30,0.03125,0.8,False,False,False,,DES|m1|p1|r1,1,1,1,720438386,105,145.61801952063576,-145.61801952063576,0.1
DES,full_noise_campaign,es_stdp_teacher_off,1,968866925,ES+STDP teacher-free,none,0.0,0.0,120,0.6215371710713953,0.029166666666666667,82.05062500000003,6.61862868037953,12,0.0125,0.9,False,False,False,,DES|m1|p2|r0,1,2,0,413506457,105,145.61801952063576,-145.61801952063576,0.1
DES,full_noise_campaign,es_stdp_teacher_off,1,968866925,ES+STDP teacher-free,poisson_excitatory,5.0,0.0,120,0.6200667819939554,0.035416666666666666,82.01500000000003,6.629874915548889,15,0.015625,0.875,False,False,False,,DES|m1|p2|r0,1,2,0,582371158,105,145.61801952063576,-145.61801952063576,0.1
DES,full_noise_campaign,es_stdp_teacher_off,1,968866925,ES+STDP teacher-free,poisson_excitatory,10.0,0.0,120,0.6101192028727382,0.029166666666666667,82.27937500000002,6.665114975664534,15,0.015625,0.875,False,False,False,,DES|m1|p2|r0,1,2,0,358528766,105,145.61801952063576,-145.61801952063576,0.1
DES,full_noise_campaign,es_stdp_teacher_off,1,968866925,ES+STDP teacher-free,poisson_excitatory,25.0,0.0,120,0.6096537110861391,0.046875,85.50624999999997,6.897882595406214,23,0.023958333333333335,0.825,False,False,False,,DES|m1|p2|r0,1,2,0,18930683,105,145.61801952063576,-145.61801952063576,0.1
DES,full_noise_campaign,es_stdp_teacher_off,1,968866925,ES+STDP teacher-free,poisson_excitatory,50.0,0.0,120,0.6119312278460711,0.09479166666666666,93.303125,7.426456111414225,46,0.04791666666666667,0.7083333333333333,False,False,False,,DES|m1|p2|r0,1,2,0,440148398,105,145.61801952063576,-145.61801952063576,0.1
DES,full_noise_campaign,es_stdp_teacher_off,1,968866925,ES+STDP teacher-free,poisson_excitatory,100.0,0.0,120,0.6081615318544209,0.265625,116.74437500000002,8.852324398378638,139,0.14479166666666668,0.31666666666666665,False,False,False,,DES|m1|p2|r0,1,2,0,931735338,105,145.61801952063576,-145.61801952063576,0.1
DES,full_noise_campaign,es_stdp_teacher_off,1,968866925,ES+STDP teacher-free,poisson_inhibitory,5.0,0.0,120,0.6060336991213262,0.0375,83.30375000000001,6.673549044741515,14,0.014583333333333334,0.8833333333333333,False,False,False,,DES|m1|p2|r0,1,2,0,2086361314,105,145.61801952063576,-145.61801952063576,0.1
DES,full_noise_campaign,es_stdp_teacher_off,1,968866925,ES+STDP teacher-free,poisson_inhibitory,10.0,0.0,120,0.6100844780448824,0.03229166666666667,83.73875000000004,6.6912743565492026,15,0.015625,0.8833333333333333,False,False,False,,DES|m1|p2|r0,1,2,0,2089195871,105,145.61801952063576,-145.61801952063576,0.1
DES,full_noise_campaign,es_stdp_teacher_off,1,968866925,ES+STDP teacher-free,poisson_inhibitory,25.0,0.0,120,0.610462391981855,0.03854166666666667,85.9025,6.778218260929059,16,0.016666666666666666,0.875,False,False,False,,DES|m1|p2|r0,1,2,0,1761145946,105,145.61801952063576,-145.61801952063576,0.1
DES,full_noise_campaign,es_stdp_teacher_off,1,968866925,ES+STDP teacher-free,poisson_inhibitory,50.0,0.0,120,0.6091705202125013,0.036458333333333336,88.82062500000004,6.928763792523812,16,0.016666666666666666,0.875,False,False,False,,DES|m1|p2|r0,1,2,0,1944325773,105,145.61801952063576,-145.61801952063576,0.1
DES,full_noise_campaign,es_stdp_teacher_off,1,968866925,ES+STDP teacher-free,poisson_inhibitory,100.0,0.0,120,0.621233434882015,0.178125,94.39437500000003,7.397712826902749,109,0.11354166666666667,0.41666666666666663,False,False,False,,DES|m1|p2|r0,1,2,0,1626156136,105,145.61801952063576,-145.61801952063576,0.1
DES,full_noise_campaign,es_stdp_teacher_off,1,968866925,ES+STDP teacher-free,poisson_mixed,5.0,0.0,120,0.6189111319836229,0.023958333333333335,82.09500000000003,6.6221152674939,7,0.007291666666666667,0.9416666666666667,False,True,False,0.5714285714285714,DES|m1|p2|r0,1,2,0,100912337,105,145.61801952063576,-145.61801952063576,0.1
DES,full_noise_campaign,es_stdp_teacher_off,1,968866925,ES+STDP teacher-free,poisson_mixed,10.0,0.0,120,0.6127711578737944,0.03229166666666667,82.679375,6.660291816489625,14,0.014583333333333334,0.8833333333333333,False,False,False,,DES|m1|p2|r0,1,2,0,108264685,105,145.61801952063576,-145.61801952063576,0.1
DES,full_noise_campaign,es_stdp_teacher_off,1,968866925,ES+STDP teacher-free,poisson_mixed,25.0,0.0,120,0.610791978193447,0.030208333333333334,83.198125,6.689241871606814,10,0.010416666666666666,0.9166666666666666,False,False,False,,DES|m1|p2|r0,1,2,0,302879218,105,145.61801952063576,-145.61801952063576,0.1
DES,full_noise_campaign,es_stdp_teacher_off,1,968866925,ES+STDP teacher-free,poisson_mixed,50.0,0.0,120,0.6087995688430965,0.034375,85.62750000000001,6.832977568504315,17,0.017708333333333333,0.8666666666666667,False,False,False,,DES|m1|p2|r0,1,2,0,152136639,105,145.61801952063576,-145.61801952063576,0.1
DES,full_noise_campaign,es_stdp_teacher_off,1,968866925,ES+STDP teacher-free,poisson_mixed,100.0,0.0,120,0.619284643791616,0.04791666666666667,88.85000000000004,7.043265303719186,21,0.021875,0.8416666666666667,False,False,False,,DES|m1|p2|r0,1,2,0,1137622798,105,145.61801952063576,-145.61801952063576,0.1
DES,full_noise_campaign,es_stdp_teacher_off,1,1320717567,ES+STDP teacher-free,none,0.0,0.0,120,0.6047427251469344,0.029166666666666667,82.05062500000003,6.61862868037953,12,0.0125,0.9,False,False,False,,DES|m1|p2|r1,1,2,1,2003300476,105,145.61801952063576,-145.61801952063576,0.1
DES,full_noise_campaign,es_stdp_teacher_off,1,1320717567,ES+STDP teacher-free,poisson_excitatory,5.0,0.0,120,0.6059299220796674,0.030208333333333334,81.97312500000001,6.627296101107529,13,0.013541666666666667,0.8916666666666666,False,False,False,,DES|m1|p2|r1,1,2,1,596845110,105,145.61801952063576,-145.61801952063576,0.1
DES,full_noise_campaign,es_stdp_teacher_off,1,1320717567,ES+STDP teacher-free,poisson_excitatory,10.0,0.0,120,0.6048203620593995,0.029166666666666667,82.18500000000003,6.654819587459011,12,0.0125,0.9,False,False,False,,DES|m1|p2|r1,1,2,1,819275525,105,145.61801952063576,-145.61801952063576,0.1
DES,full_noise_campaign,es_stdp_teacher_off,1,1320717567,ES+STDP teacher-free,poisson_excitatory,25.0,0.0,120,0.6061499339994043,0.046875,85.15374999999999,6.886302215491153,24,0.025,0.8,False,False,False,,DES|m1|p2|r1,1,2,1,615205898,105,145.61801952063576,-145.61801952063576,0.1
DES,full_noise_campaign,es_stdp_teacher_off,1,1320717567,ES+STDP teacher-free,poisson_excitatory,50.0,0.0,120,0.6210844351444393,0.10208333333333333,93.93937499999998,7.483063786895739,63,0.065625,0.6,False,False,False,,DES|m1|p2|r1,1,2,1,1069003191,105,145.61801952063576,-145.61801952063576,0.1
DES,full_noise_campaign,es_stdp_teacher_off,1,1320717567,ES+STDP teacher-free,poisson_excitatory,100.0,0.0,120,0.60842564702034,0.25625,116.69187499999997,8.869286610090164,148,0.15416666666666667,0.2583333333333333,False,False,False,,DES|m1|p2|r1,1,2,1,1351909522,105,145.61801952063576,-145.61801952063576,0.1
DES,full_noise_campaign,es_stdp_teacher_off,1,1320717567,ES+STDP teacher-free,poisson_inhibitory,5.0,0.0,120,0.6056565830949694,0.03333333333333333,82.95812500000002,6.654302215975931,13,0.013541666666666667,0.8916666666666666,False,False,False,,DES|m1|p2|r1,1,2,1,2105425354,105,145.61801952063576,-145.61801952063576,0.1
DES,full_noise_campaign,es_stdp_teacher_off,1,1320717567,ES+STDP teacher-free,poisson_inhibitory,10.0,0.0,120,0.6108982120640576,0.03333333333333333,83.54000000000002,6.6740281763059395,13,0.013541666666666667,0.8916666666666666,False,False,False,,DES|m1|p2|r1,1,2,1,1494026598,105,145.61801952063576,-145.61801952063576,0.1
DES,full_noise_campaign,es_stdp_teacher_off,1,1320717567,ES+STDP teacher-free,poisson_inhibitory,25.0,0.0,120,0.6105828790459782,0.035416666666666666,86.10125,6.792022623661151,16,0.016666666666666666,0.8666666666666667,False,False,False,,DES|m1|p2|r1,1,2,1,1299407977,105,145.61801952063576,-145.61801952063576,0.1
DES,full_noise_campaign,es_stdp_teacher_off,1,1320717567,ES+STDP teacher-free,poisson_inhibitory,50.0,0.0,120,0.6185408220626414,0.042708333333333334,88.98249999999999,6.958386110693821,15,0.015625,0.875,False,False,False,,DES|m1|p2|r1,1,2,1,1450155670,105,145.61801952063576,-145.61801952063576,0.1
DES,full_noise_campaign,es_stdp_teacher_off,1,1320717567,ES+STDP teacher-free,poisson_inhibitory,100.0,0.0,120,0.6106153181754053,0.17291666666666666,94.57000000000001,7.403228779716954,106,0.11041666666666666,0.3916666666666667,False,False,False,,DES|m1|p2|r1,1,2,1,133204692,105,145.61801952063576,-145.61801952063576,0.1
DES,full_noise_campaign,es_stdp_teacher_off,1,1320717567,ES+STDP teacher-free,poisson_mixed,5.0,0.0,120,0.6110109800938517,0.028125,82.63062500000004,6.652056216975842,12,0.0125,0.9,False,False,False,,DES|m1|p2|r1,1,2,1,1373719848,105,145.61801952063576,-145.61801952063576,0.1
DES,full_noise_campaign,es_stdp_teacher_off,1,1320717567,ES+STDP teacher-free,poisson_mixed,10.0,0.0,120,0.6091834499966353,0.03333333333333333,82.931875,6.671769626568805,14,0.014583333333333334,0.8916666666666666,False,False,False,,DES|m1|p2|r1,1,2,1,1662306223,105,145.61801952063576,-145.61801952063576,0.1
DES,full_noise_campaign,es_stdp_teacher_off,1,1320717567,ES+STDP teacher-free,poisson_mixed,25.0,0.0,120,0.6119797709397972,0.035416666666666666,84.01687499999998,6.7294426990700735,16,0.016666666666666666,0.8666666666666667,False,False,False,,DES|m1|p2|r1,1,2,1,2003479212,105,145.61801952063576,-145.61801952063576,0.1
DES,full_noise_campaign,es_stdp_teacher_off,1,1320717567,ES+STDP teacher-free,poisson_mixed,50.0,0.0,120,0.6219518228899688,0.034375,85.44937499999999,6.813648952329569,14,0.014583333333333334,0.8833333333333333,False,False,False,,DES|m1|p2|r1,1,2,1,1819693309,105,145.61801952063576,-145.61801952063576,0.1
DES,full_noise_campaign,es_stdp_teacher_off,1,1320717567,ES+STDP teacher-free,poisson_mixed,100.0,0.0,120,0.6150336868595332,0.05416666666666667,89.668125,7.073636290526787,27,0.028125,0.8,False,False,False,,DES|m1|p2|r1,1,2,1,1544830373,105,145.61801952063576,-145.61801952063576,0.1
DES,full_noise_campaign,es_stdp_teacher_off,1,947771038,ES+STDP teacher-free,none,0.0,0.0,120,0.6074160849675536,0.021875,81.53875000000002,6.603067571112744,7,0.007291666666666667,0.9416666666666667,False,True,False,0.6476190476190475,DES|m1|p3|r0,1,3,0,50386731,105,145.61801952063576,-145.61801952063576,0.1
DES,full_noise_campaign,es_stdp_teacher_off,1,947771038,ES+STDP teacher-free,poisson_excitatory,5.0,0.0,120,0.6136632161214948,0.022916666666666665,81.55937500000005,6.61389609513054,8,0.008333333333333333,0.9333333333333333,False,True,False,0.4476190476190476,DES|m1|p3|r0,1,3,0,1168892390,105,145.61801952063576,-145.61801952063576,0.1
DES,full_noise_campaign,es_stdp_teacher_off,1,947771038,ES+STDP teacher-free,poisson_excitatory,10.0,0.0,120,0.6093277069739997,0.021875,82.124375,6.663364491798106,9,0.009375,0.925,False,True,False,0.4571428571428572,DES|m1|p3|r0,1,3,0,2077404607,105,145.61801952063576,-145.61801952063576,0.1
DES,full_noise_campaign,es_stdp_teacher_off,1,947771038,ES+STDP teacher-free,poisson_excitatory,25.0,0.0,120,0.6072574208956212,0.03333333333333333,84.49687499999993,6.86562197421247,18,0.01875,0.8583333333333334,False,False,False,,DES|m1|p3|r0,1,3,0,1873592506,105,145.61801952063576,-145.61801952063576,0.1
DES,full_noise_campaign,es_stdp_teacher_off,1,947771038,ES+STDP teacher-free,poisson_excitatory,50.0,0.0,120,0.6273559459950775,0.10833333333333334,94.71312499999993,7.547108595580497,58,0.06041666666666667,0.5833333333333333,False,False,False,,DES|m1|p3|r0,1,3,0,1957706477,105,145.61801952063576,-145.61801952063576,0.1
DES,full_noise_campaign,es_stdp_teacher_off,1,947771038,ES+STDP teacher-free,poisson_excitatory,100.0,0.0,120,0.6130832568742335,0.23958333333333334,116.56437499999998,8.87832421588811,132,0.1375,0.30833333333333335,False,False,False,,DES|m1|p3|r0,1,3,0,909958157,105,145.61801952063576,-145.61801952063576,0.1
DES,full_noise_campaign,es_stdp_teacher_off,1,947771038,ES+STDP teacher-free,poisson_inhibitory,5.0,0.0,120,0.6128851589746773,0.029166666666666667,82.55250000000001,6.643243658858386,11,0.011458333333333333,0.9083333333333333,False,True,False,0.34285714285714286,DES|m1|p3|r0,1,3,0,457637466,105,145.61801952063576,-145.61801952063576,0.1
DES,full_noise_campaign,es_stdp_teacher_off,1,947771038,ES+STDP teacher-free,poisson_inhibitory,10.0,0.0,120,0.6110005830414593,0.029166666666666667,83.44875,6.686412953099863,13,0.013541666666666667,0.8916666666666666,False,False,False,,DES|m1|p3|r0,1,3,0,302678686,105,145.61801952063576,-145.61801952063576,0.1
DES,full_noise_campaign,es_stdp_teacher_off,1,947771038,ES+STDP teacher-free,poisson_inhibitory,25.0,0.0,120,0.6130797560326755,0.03333333333333333,84.82937500000001,6.729708421377862,16,0.016666666666666666,0.8666666666666667,False,False,False,,DES|m1|p3|r0,1,3,0,108326811,105,145.61801952063576,-145.61801952063576,0.1
DES,full_noise_campaign,es_stdp_teacher_off,1,947771038,ES+STDP teacher-free,poisson_inhibitory,50.0,0.0,120,0.6109976039733738,0.034375,88.18625,6.909866226502364,16,0.016666666666666666,0.875,False,True,False,0.32380952380952377,DES|m1|p3|r0,1,3,0,493360462,105,145.61801952063576,-145.61801952063576,0.1
DES,full_noise_campaign,es_stdp_teacher_off,1,947771038,ES+STDP teacher-free,poisson_inhibitory,100.0,0.0,120,0.6181857818737626,0.15104166666666666,93.73124999999997,7.37452058022454,107,0.11145833333333334,0.44166666666666665,False,False,False,,DES|m1|p3|r0,1,3,0,1633210701,105,145.61801952063576,-145.61801952063576,0.1
DES,full_noise_campaign,es_stdp_teacher_off,1,947771038,ES+STDP teacher-free,poisson_mixed,5.0,0.0,120,0.6127228990662843,0.01875,81.67437500000003,6.608134511016226,8,0.008333333333333333,0.9333333333333333,False,True,False,0.5142857142857142,DES|m1|p3|r0,1,3,0,433672034,105,145.61801952063576,-145.61801952063576,0.1
DES,full_noise_campaign,es_stdp_teacher_off,1,947771038,ES+STDP teacher-free,poisson_mixed,10.0,0.0,120,0.6115414800588042,0.022916666666666665,82.44687499999998,6.65078661578521,12,0.0125,0.9,False,True,False,0.4380952380952381,DES|m1|p3|r0,1,3,0,291215405,105,145.61801952063576,-145.61801952063576,0.1
DES,full_noise_campaign,es_stdp_teacher_off,1,947771038,ES+STDP teacher-free,poisson_mixed,25.0,0.0,120,0.6116040288470685,0.03229166666666667,83.54624999999999,6.70996092130532,18,0.01875,0.8583333333333334,False,False,False,,DES|m1|p3|r0,1,3,0,86373682,105,145.61801952063576,-145.61801952063576,0.1
DES,full_noise_campaign,es_stdp_teacher_off,1,947771038,ES+STDP teacher-free,poisson_mixed,50.0,0.0,120,0.6198189351707697,0.030208333333333334,84.91312499999997,6.797237006707052,14,0.014583333333333334,0.8916666666666666,False,True,False,0.2952380952380952,DES|m1|p3|r0,1,3,0,507055999,105,145.61801952063576,-145.61801952063576,0.1
DES,full_noise_campaign,es_stdp_teacher_off,1,947771038,ES+STDP teacher-free,poisson_mixed,100.0,0.0,120,0.6098321450408548,0.051041666666666666,88.54562500000002,7.0332874584268374,27,0.028125,0.7833333333333333,False,False,False,,DES|m1|p3|r0,1,3,0,1488802907,105,145.61801952063576,-145.61801952063576,0.1
DES,full_noise_campaign,es_stdp_teacher_off,1,1333454604,ES+STDP teacher-free,none,0.0,0.0,120,0.6155365300364792,0.021875,81.53875000000002,6.603067571112744,7,0.007291666666666667,0.9416666666666667,False,True,False,0.6476190476190475,DES|m1|p3|r1,1,3,1,1824701544,105,145.61801952063576,-145.61801952063576,0.1
DES,full_noise_campaign,es_stdp_teacher_off,1,1333454604,ES+STDP teacher-free,poisson_excitatory,5.0,0.0,120,0.6116205488797277,0.019791666666666666,81.86187500000003,6.635335804759546,9,0.009375,0.9333333333333333,False,True,False,0.5809523809523809,DES|m1|p3|r1,1,3,1,1150190790,105,145.61801952063576,-145.61801952063576,0.1
DES,full_noise_campaign,es_stdp_teacher_off,1,1333454604,ES+STDP teacher-free,poisson_excitatory,10.0,0.0,120,0.6116032989230007,0.015625,81.40875,6.621897528458632,11,0.011458333333333333,0.9166666666666666,False,True,False,0.5809523809523809,DES|m1|p3|r1,1,3,1,1582906822,105,145.61801952063576,-145.61801952063576,0.1
DES,full_noise_campaign,es_stdp_teacher_off,1,1333454604,ES+STDP teacher-free,poisson_excitatory,25.0,0.0,120,0.6167479350697249,0.03958333333333333,85.12500000000001,6.892467191824062,18,0.01875,0.85,False,False,False,,DES|m1|p3|r1,1,3,1,1244090569,105,145.61801952063576,-145.61801952063576,0.1
DES,full_noise_campaign,es_stdp_teacher_off,1,1333454604,ES+STDP teacher-free,poisson_excitatory,50.0,0.0,120,0.6202397088054568,0.09270833333333334,93.04624999999996,7.439422183958254,49,0.051041666666666666,0.65,False,False,False,,DES|m1|p3|r1,1,3,1,1362864886,105,145.61801952063576,-145.61801952063576,0.1
DES,full_noise_campaign,es_stdp_teacher_off,1,1333454604,ES+STDP teacher-free,poisson_excitatory,100.0,0.0,120,0.6137451101094484,0.24895833333333334,116.26187499999992,8.853305830388987,141,0.146875,0.32499999999999996,False,False,False,,DES|m1|p3|r1,1,3,1,1361149343,105,145.61801952063576,-145.61801952063576,0.1
DES,full_noise_campaign,es_stdp_teacher_off,1,1333454604,ES+STDP teacher-free,poisson_inhibitory,5.0,0.0,120,0.6082374560646713,0.025,82.26875,6.628648196721587,8,0.008333333333333333,0.9333333333333333,False,True,False,0.5714285714285714,DES|m1|p3|r1,1,3,1,442735410,105,145.61801952063576,-145.61801952063576,0.1
DES,full_noise_campaign,es_stdp_teacher_off,1,1333454604,ES+STDP teacher-free,poisson_inhibitory,10.0,0.0,120,0.6109802180435508,0.027083333333333334,83.09187499999999,6.665713758184962,12,0.0125,0.9083333333333333,False,False,False,,DES|m1|p3|r1,1,3,1,931205797,105,145.61801952063576,-145.61801952063576,0.1
DES,full_noise_campaign,es_stdp_teacher_off,1,1333454604,ES+STDP teacher-free,poisson_inhibitory,25.0,0.0,120,0.6127348269801587,0.029166666666666667,85.20937500000002,6.75317573957541,11,0.011458333333333333,0.9166666666666666,False,True,False,0.35238095238095235,DES|m1|p3|r1,1,3,1,603946922,105,145.61801952063576,-145.61801952063576,0.1
DES,full_noise_campaign,es_stdp_teacher_off,1,1333454604,ES+STDP teacher-free,poisson_inhibitory,50.0,0.0,120,0.6050791300367564,0.042708333333333334,88.20312500000003,6.92830626255671,24,0.025,0.8,False,False,False,,DES|m1|p3|r1,1,3,1,954434903,105,145.61801952063576,-145.61801952063576,0.1
DES,full_noise_campaign,es_stdp_teacher_off,1,1333454604,ES+STDP teacher-free,poisson_inhibitory,100.0,0.0,120,0.6088976580649614,0.190625,93.70437500000001,7.390192345686526,119,0.12395833333333334,0.3833333333333333,False,False,False,,DES|m1|p3|r1,1,3,1,105215967,105,145.61801952063576,-145.61801952063576,0.1
DES,full_noise_campaign,es_stdp_teacher_off,1,1333454604,ES+STDP teacher-free,poisson_mixed,5.0,0.0,120,0.6133379361126572,0.021875,81.72375000000004,6.6091377235899085,8,0.008333333333333333,0.9333333333333333,False,True,False,0.5047619047619047,DES|m1|p3|r1,1,3,1,1312542603,105,145.61801952063576,-145.61801952063576,0.1
DES,full_noise_campaign,es_stdp_teacher_off,1,1333454604,ES+STDP teacher-free,poisson_mixed,10.0,0.0,120,0.6102753579616547,0.028125,82.08625000000002,6.630869767240883,13,0.013541666666666667,0.8916666666666666,False,False,False,,DES|m1|p3|r1,1,3,1,1950131055,105,145.61801952063576,-145.61801952063576,0.1
DES,full_noise_campaign,es_stdp_teacher_off,1,1333454604,ES+STDP teacher-free,poisson_mixed,25.0,0.0,120,0.6198423050809652,0.03125,83.025,6.687648582160339,15,0.015625,0.8833333333333333,False,False,False,,DES|m1|p3|r1,1,3,1,1614990956,105,145.61801952063576,-145.61801952063576,0.1
DES,full_noise_campaign,es_stdp_teacher_off,1,1333454604,ES+STDP teacher-free,poisson_mixed,50.0,0.0,120,0.6196314541157335,0.036458333333333336,85.23250000000002,6.81894171756427,19,0.019791666666666666,0.8583333333333334,False,False,False,,DES|m1|p3|r1,1,3,1,2069771325,105,145.61801952063576,-145.61801952063576,0.1
DES,full_noise_campaign,es_stdp_teacher_off,1,1333454604,ES+STDP teacher-free,poisson_mixed,100.0,0.0,120,0.6105757248587906,0.04375,88.71999999999994,7.04118193616664,22,0.022916666666666665,0.825,False,False,False,,DES|m1|p3|r1,1,3,1,1197987800,105,145.61801952063576,-145.61801952063576,0.1
DES,full_noise_campaign,es_stdp_teacher_off,2,2107314983,ES+STDP teacher-free,none,0.0,0.0,120,0.6100325910374522,0.036458333333333336,82.43687499999996,6.647662411517683,15,0.015625,0.875,False,False,False,,DES|m2|p0|r0,2,0,0,150937686,105,145.61801952063576,-145.61801952063576,0.1
DES,full_noise_campaign,es_stdp_teacher_off,2,2107314983,ES+STDP teacher-free,poisson_excitatory,5.0,0.0,120,0.6151779771316797,0.0375,82.60062499999998,6.670014209109548,20,0.020833333333333332,0.8416666666666667,False,False,False,,DES|m2|p0|r0,2,0,0,891423630,105,145.61801952063576,-145.61801952063576,0.1
DES,full_noise_campaign,es_stdp_teacher_off,2,2107314983,ES+STDP teacher-free,poisson_excitatory,10.0,0.0,120,0.6056784219108522,0.035416666666666666,83.05562499999996,6.704589690041443,20,0.020833333333333332,0.8333333333333334,False,False,False,,DES|m2|p0|r0,2,0,0,1833888612,105,145.61801952063576,-145.61801952063576,0.1
DES,full_noise_campaign,es_stdp_teacher_off,2,2107314983,ES+STDP teacher-free,poisson_excitatory,25.0,0.0,120,0.6161821738351136,0.041666666666666664,85.18687499999997,6.88435687468791,22,0.022916666666666665,0.8166666666666667,False,False,False,,DES|m2|p0|r0,2,0,0,2033223273,105,145.61801952063576,-145.61801952063576,0.1
DES,full_noise_campaign,es_stdp_teacher_off,2,2107314983,ES+STDP teacher-free,poisson_excitatory,50.0,0.0,120,0.6144116369541734,0.09895833333333333,93.9331249999999,7.476842447763778,50,0.052083333333333336,0.6416666666666666,False,False,False,,DES|m2|p0|r0,2,0,0,1647082648,105,145.61801952063576,-145.61801952063576,0.1
DES,full_noise_campaign,es_stdp_teacher_off,2,2107314983,ES+STDP teacher-free,poisson_excitatory,100.0,0.0,120,0.60793447191827,0.278125,118.72687499999991,8.992986951475789,144,0.15,0.2666666666666667,False,False,False,,DES|m2|p0|r0,2,0,0,1883503112,105,145.61801952063576,-145.61801952063576,0.1
DES,full_noise_campaign,es_stdp_teacher_off,2,2107314983,ES+STDP teacher-free,poisson_inhibitory,5.0,0.0,120,0.6092974280472845,0.03958333333333333,83.49062499999994,6.693253897904804,17,0.017708333333333333,0.8583333333333334,False,False,False,,DES|m2|p0|r0,2,0,0,1808733466,105,145.61801952063576,-145.61801952063576,0.1
DES,full_noise_campaign,es_stdp_teacher_off,2,2107314983,ES+STDP teacher-free,poisson_inhibitory,10.0,0.0,120,0.6234108661301434,0.03958333333333333,83.88249999999996,6.6942751706279235,17,0.017708333333333333,0.8583333333333334,False,False,False,,DES|m2|p0|r0,2,0,0,76989701,105,145.61801952063576,-145.61801952063576,0.1
DES,full_noise_campaign,es_stdp_teacher_off,2,2107314983,ES+STDP teacher-free,poisson_inhibitory,25.0,0.0,120,0.6234909291379154,0.04375,86.58125000000001,6.822870415007008,20,0.020833333333333332,0.8333333333333334,False,False,False,,DES|m2|p0|r0,2,0,0,283683336,105,145.61801952063576,-145.61801952063576,0.1
DES,full_noise_campaign,es_stdp_teacher_off,2,2107314983,ES+STDP teacher-free,poisson_inhibitory,50.0,0.0,120,0.610322454944253,0.058333333333333334,89.67875,6.991091367691167,26,0.027083333333333334,0.7916666666666666,False,False,False,,DES|m2|p0|r0,2,0,0,200561591,105,145.61801952063576,-145.61801952063576,0.1
DES,full_noise_campaign,es_stdp_teacher_off,2,2107314983,ES+STDP teacher-free,poisson_inhibitory,100.0,0.0,120,0.6180150101426989,0.15,93.51249999999997,7.368488878865325,101,0.10520833333333333,0.41666666666666663,False,False,False,,DES|m2|p0|r0,2,0,0,656929606,105,145.61801952063576,-145.61801952063576,0.1
DES,full_noise_campaign,es_stdp_teacher_off,2,2107314983,ES+STDP teacher-free,poisson_mixed,5.0,0.0,120,0.6101448680274189,0.03229166666666667,82.88187499999997,6.67101054737309,16,0.016666666666666666,0.8666666666666667,False,False,False,,DES|m2|p0|r0,2,0,0,337835280,105,145.61801952063576,-145.61801952063576,0.1
DES,full_noise_campaign,es_stdp_teacher_off,2,2107314983,ES+STDP teacher-free,poisson_mixed,10.0,0.0,120,0.6101288918871433,0.040625,83.83312499999997,6.726718977271064,19,0.019791666666666666,0.85,False,False,False,,DES|m2|p0|r0,2,0,0,1883085973,105,145.61801952063576,-145.61801952063576,0.1
DES,full_noise_campaign,es_stdp_teacher_off,2,2107314983,ES+STDP teacher-free,poisson_mixed,25.0,0.0,120,0.6110911900177598,0.040625,84.34124999999995,6.756703853823584,24,0.025,0.8083333333333333,False,False,False,,DES|m2|p0|r0,2,0,0,1682174362,105,145.61801952063576,-145.61801952063576,0.1
DES,full_noise_campaign,es_stdp_teacher_off,2,2107314983,ES+STDP teacher-free,poisson_mixed,50.0,0.0,120,0.6085174649488181,0.03854166666666667,85.71999999999997,6.837554219755388,24,0.025,0.8,False,False,False,,DES|m2|p0|r0,2,0,0,2136935271,105,145.61801952063576,-145.61801952063576,0.1
DES,full_noise_campaign,es_stdp_teacher_off,2,2107314983,ES+STDP teacher-free,poisson_mixed,100.0,0.0,120,0.6099489710759372,0.06770833333333333,89.413125,7.064119319832185,37,0.03854166666666667,0.7,False,False,False,,DES|m2|p0|r0,2,0,0,464903049,105,145.61801952063576,-145.61801952063576,0.1
DES,full_noise_campaign,es_stdp_teacher_off,2,178004629,ES+STDP teacher-free,none,0.0,0.0,120,0.6137001980096102,0.036458333333333336,82.43687499999996,6.647662411517683,15,0.015625,0.875,False,False,False,,DES|m2|p0|r1,2,0,1,1732070207,105,145.61801952063576,-145.61801952063576,0.1
DES,full_noise_campaign,es_stdp_teacher_off,2,178004629,ES+STDP teacher-free,poisson_excitatory,5.0,0.0,120,0.6212156841065735,0.034375,82.47937499999996,6.664207532586952,17,0.017708333333333333,0.8583333333333334,False,False,False,,DES|m2|p0|r1,2,0,1,872902254,105,145.61801952063576,-145.61801952063576,0.1
DES,full_noise_campaign,es_stdp_teacher_off,2,178004629,ES+STDP teacher-free,poisson_excitatory,10.0,0.0,120,0.6131275938823819,0.030208333333333334,82.79562499999997,6.6976418818710695,12,0.0125,0.9083333333333333,False,False,False,,DES|m2|p0|r1,2,0,1,1220901727,105,145.61801952063576,-145.61801952063576,0.1
DES,full_noise_campaign,es_stdp_teacher_off,2,178004629,ES+STDP teacher-free,poisson_excitatory,25.0,0.0,120,0.6089031910523772,0.05625,86.09062499999987,6.9430896035739735,31,0.03229166666666667,0.775,False,False,False,,DES|m2|p0|r1,2,0,1,1555764828,105,145.61801952063576,-145.61801952063576,0.1
DES,full_noise_campaign,es_stdp_teacher_off,2,178004629,ES+STDP teacher-free,poisson_excitatory,50.0,0.0,120,0.6121526979841292,0.09895833333333333,94.18687499999996,7.50349233524464,57,0.059375,0.5833333333333333,False,False,False,,DES|m2|p0|r1,2,0,1,1202187405,105,145.61801952063576,-145.61801952063576,0.1
DES,full_noise_campaign,es_stdp_teacher_off,2,178004629,ES+STDP teacher-free,poisson_excitatory,100.0,0.0,120,0.6117695879656821,0.26979166666666665,117.65062499999993,8.896145931089068,145,0.15104166666666666,0.21666666666666667,False,False,False,,DES|m2|p0|r1,2,0,1,392060788,105,145.61801952063576,-145.61801952063576,0.1
DES,full_noise_campaign,es_stdp_teacher_off,2,178004629,ES+STDP teacher-free,poisson_inhibitory,5.0,0.0,120,0.609498541103676,0.036458333333333336,83.22562499999994,6.676680188063451,16,0.016666666666666666,0.8666666666666667,False,False,False,,DES|m2|p0|r1,2,0,1,1793749506,105,145.61801952063576,-145.61801952063576,0.1
DES,full_noise_campaign,es_stdp_teacher_off,2,178004629,ES+STDP teacher-free,poisson_inhibitory,10.0,0.0,120,0.6091250421013683,0.04583333333333333,84.29437499999995,6.718085908784233,23,0.023958333333333335,0.8166666666666667,False,False,False,,DES|m2|p0|r1,2,0,1,555570432,105,145.61801952063576,-145.61801952063576,0.1
DES,full_noise_campaign,es_stdp_teacher_off,2,178004629,ES+STDP teacher-free,poisson_inhibitory,25.0,0.0,120,0.620985111920163,0.052083333333333336,86.68812499999996,6.826699776098366,31,0.03229166666666667,0.7416666666666667,False,False,False,,DES|m2|p0|r1,2,0,1,895695355,105,145.61801952063576,-145.61801952063576,0.1
DES,full_noise_campaign,es_stdp_teacher_off,2,178004629,ES+STDP teacher-free,poisson_inhibitory,50.0,0.0,120,0.6073141540400684,0.05416666666666667,90.09687499999997,7.005112046017744,29,0.030208333333333334,0.775,False,False,False,,DES|m2|p0|r1,2,0,1,780125100,105,145.61801952063576,-145.61801952063576,0.1
DES,full_noise_campaign,es_stdp_teacher_off,2,178004629,ES+STDP teacher-free,poisson_inhibitory,100.0,0.0,120,0.6098544539418072,0.165625,94.18062499999996,7.41410596685712,116,0.12083333333333333,0.30000000000000004,False,True,False,,DES|m2|p0|r1,2,0,1,1077564854,105,145.61801952063576,-145.61801952063576,0.1
DES,full_noise_campaign,es_stdp_teacher_off,2,178004629,ES+STDP teacher-free,poisson_mixed,5.0,0.0,120,0.6141170910559595,0.036458333333333336,82.56249999999997,6.653700295218642,15,0.015625,0.875,False,False,False,,DES|m2|p0|r1,2,0,1,1136686313,105,145.61801952063576,-145.61801952063576,0.1
DES,full_noise_campaign,es_stdp_teacher_off,2,178004629,ES+STDP teacher-free,poisson_mixed,10.0,0.0,120,0.6113903170917183,0.034375,83.25250000000003,6.692152626917423,17,0.017708333333333333,0.8583333333333334,False,False,False,,DES|m2|p0|r1,2,0,1,358262615,105,145.61801952063576,-145.61801952063576,0.1
DES,full_noise_campaign,es_stdp_teacher_off,2,178004629,ES+STDP teacher-free,poisson_mixed,25.0,0.0,120,0.6146233559120446,0.04375,84.35874999999996,6.764085003398398,21,0.021875,0.8333333333333334,False,False,False,,DES|m2|p0|r1,2,0,1,19188308,105,145.61801952063576,-145.61801952063576,0.1
DES,full_noise_campaign,es_stdp_teacher_off,2,178004629,ES+STDP teacher-free,poisson_mixed,50.0,0.0,120,0.6133834619540721,0.035416666666666666,85.93812499999996,6.8530254330661355,19,0.019791666666666666,0.8416666666666667,False,False,False,,DES|m2|p0|r1,2,0,1,439890085,105,145.61801952063576,-145.61801952063576,0.1
DES,full_noise_campaign,es_stdp_teacher_off,2,178004629,ES+STDP teacher-free,poisson_mixed,100.0,0.0,120,0.6128262758720666,0.05625,89.04312500000002,7.0468312075801265,29,0.030208333333333334,0.7666666666666666,False,False,False,,DES|m2|p0|r1,2,0,1,74406122,105,145.61801952063576,-145.61801952063576,0.1
DES,full_noise_campaign,es_stdp_teacher_off,2,2086238452,ES+STDP teacher-free,none,0.0,0.0,120,0.6138214198872447,0.026041666666666668,81.61812500000005,6.609875463186576,11,0.011458333333333333,0.925,False,False,False,,DES|m2|p1|r0,2,1,0,324693102,105,145.61801952063576,-145.61801952063576,0.1
DES,full_noise_campaign,es_stdp_teacher_off,2,2086238452,ES+STDP teacher-free,poisson_excitatory,5.0,0.0,120,0.611918682930991,0.027083333333333334,81.38562500000003,6.608698714683229,12,0.0125,0.9166666666666666,False,False,False,,DES|m2|p1|r0,2,1,0,1379905054,105,145.61801952063576,-145.61801952063576,0.1
DES,full_noise_campaign,es_stdp_teacher_off,2,2086238452,ES+STDP teacher-free,poisson_excitatory,10.0,0.0,120,0.6220113979652524,0.022916666666666665,81.59187500000002,6.638742188251523,12,0.0125,0.9083333333333333,False,False,False,,DES|m2|p1|r0,2,1,0,63107237,105,145.61801952063576,-145.61801952063576,0.1
DES,full_noise_campaign,es_stdp_teacher_off,2,2086238452,ES+STDP teacher-free,poisson_excitatory,25.0,0.0,120,0.6073435351718217,0.040625,84.76625,6.855671122200588,20,0.020833333333333332,0.8416666666666667,False,False,False,,DES|m2|p1|r0,2,1,0,398237096,105,145.61801952063576,-145.61801952063576,0.1
DES,full_noise_campaign,es_stdp_teacher_off,2,2086238452,ES+STDP teacher-free,poisson_excitatory,50.0,0.0,120,0.604870516108349,0.11145833333333334,94.48062499999995,7.513706332633208,64,0.06666666666666667,0.55,False,False,False,,DES|m2|p1|r0,2,1,0,211838807,105,145.61801952063576,-145.61801952063576,0.1
DES,full_noise_campaign,es_stdp_teacher_off,2,2086238452,ES+STDP teacher-free,poisson_excitatory,100.0,0.0,120,0.6159563539549708,0.25416666666666665,117.19499999999994,8.901429242200898,148,0.15416666666666667,0.22499999999999998,False,False,False,,DES|m2|p1|r0,2,1,0,1911948523,105,145.61801952063576,-145.61801952063576,0.1
DES,full_noise_campaign,es_stdp_teacher_off,2,2086238452,ES+STDP teacher-free,poisson_inhibitory,5.0,0.0,120,0.626027227146551,0.029166666666666667,82.56312500000004,6.64715977872395,13,0.013541666666666667,0.9083333333333333,False,False,False,,DES|m2|p1|r0,2,1,0,215134866,105,145.61801952063576,-145.61801952063576,0.1
DES,full_noise_campaign,es_stdp_teacher_off,2,2086238452,ES+STDP teacher-free,poisson_inhibitory,10.0,0.0,120,0.6107079619541764,0.030208333333333334,83.35249999999999,6.676206732036775,16,0.016666666666666666,0.8833333333333333,False,False,False,,DES|m2|p1|r0,2,1,0,1780146116,105,145.61801952063576,-145.61801952063576,0.1
DES,full_noise_campaign,es_stdp_teacher_off,2,2086238452,ES+STDP teacher-free,poisson_inhibitory,25.0,0.0,120,0.6133157759904861,0.035416666666666666,85.30187500000001,6.7532807176679785,19,0.019791666666666666,0.8583333333333334,False,False,False,,DES|m2|p1|r0,2,1,0,2120528585,105,145.61801952063576,-145.61801952063576,0.1
DES,full_noise_campaign,es_stdp_teacher_off,2,2086238452,ES+STDP teacher-free,poisson_inhibitory,50.0,0.0,120,0.611450080992654,0.042708333333333334,88.22875000000002,6.912931755354538,26,0.027083333333333334,0.825,False,False,False,,DES|m2|p1|r0,2,1,0,1702381816,105,145.61801952063576,-145.61801952063576,0.1
DES,full_noise_campaign,es_stdp_teacher_off,2,2086238452,ES+STDP teacher-free,poisson_inhibitory,100.0,0.0,120,0.6106540199834853,0.18229166666666666,93.60374999999996,7.39746590637602,113,0.11770833333333333,0.3916666666666667,False,False,False,,DES|m2|p1|r0,2,1,0,647106091,105,145.61801952063576,-145.61801952063576,0.1
DES,full_noise_campaign,es_stdp_teacher_off,2,2086238452,ES+STDP teacher-free,poisson_mixed,5.0,0.0,120,0.6083226818591356,0.028125,82.04750000000001,6.633737936417445,13,0.013541666666666667,0.9,False,False,False,,DES|m2|p1|r0,2,1,0,200832931,105,145.61801952063576,-145.61801952063576,0.1
DES,full_noise_campaign,es_stdp_teacher_off,2,2086238452,ES+STDP teacher-free,poisson_mixed,10.0,0.0,120,0.6099572740495205,0.034375,82.416875,6.656529510012476,19,0.019791666666666666,0.85,False,False,False,,DES|m2|p1|r0,2,1,0,1729493205,105,145.61801952063576,-145.61801952063576,0.1
DES,full_noise_campaign,es_stdp_teacher_off,2,2086238452,ES+STDP teacher-free,poisson_mixed,25.0,0.0,120,0.6095662829466164,0.023958333333333335,83.429375,6.712886374229781,13,0.013541666666666667,0.9,False,False,False,,DES|m2|p1|r0,2,1,0,1936430554,105,145.61801952063576,-145.61801952063576,0.1
DES,full_noise_campaign,es_stdp_teacher_off,2,2086238452,ES+STDP teacher-free,poisson_mixed,50.0,0.0,120,0.6094327361788601,0.03333333333333333,84.75500000000002,6.792502476656811,23,0.023958333333333335,0.8333333333333334,False,False,False,,DES|m2|p1|r0,2,1,0,1752657959,105,145.61801952063576,-145.61801952063576,0.1
DES,full_noise_campaign,es_stdp_teacher_off,2,2086238452,ES+STDP teacher-free,poisson_mixed,100.0,0.0,120,0.6097151259891689,0.057291666666666664,89.08562500000004,7.063315335238687,31,0.03229166666666667,0.75,False,False,False,,DES|m2|p1|r0,2,1,0,12988852,105,145.61801952063576,-145.61801952063576,0.1
DES,full_noise_campaign,es_stdp_teacher_off,2,190728326,ES+STDP teacher-free,none,0.0,0.0,120,0.6101996309589595,0.026041666666666668,81.61812500000005,6.609875463186576,11,0.011458333333333333,0.925,False,False,False,,DES|m2|p1|r1,2,1,1,2090338213,105,145.61801952063576,-145.61801952063576,0.1
DES,full_noise_campaign,es_stdp_teacher_off,2,190728326,ES+STDP teacher-free,poisson_excitatory,5.0,0.0,120,0.6207720241509378,0.023958333333333335,81.61500000000001,6.620758875255082,12,0.0125,0.9083333333333333,False,False,False,,DES|m2|p1|r1,2,1,1,1394264318,105,145.61801952063576,-145.61801952063576,0.1
DES,full_noise_campaign,es_stdp_teacher_off,2,190728326,ES+STDP teacher-free,poisson_excitatory,10.0,0.0,120,0.6093334159813821,0.028125,81.59,6.633276614140197,15,0.015625,0.8916666666666666,False,False,False,,DES|m2|p1|r1,2,1,1,642343072,105,145.61801952063576,-145.61801952063576,0.1
DES,full_noise_campaign,es_stdp_teacher_off,2,190728326,ES+STDP teacher-free,poisson_excitatory,25.0,0.0,120,0.6089269469957799,0.04375,84.49812500000002,6.842207762063372,22,0.022916666666666665,0.825,False,False,False,,DES|m2|p1|r1,2,1,1,842468763,105,145.61801952063576,-145.61801952063576,0.1
DES,full_noise_campaign,es_stdp_teacher_off,2,190728326,ES+STDP teacher-free,poisson_excitatory,50.0,0.0,120,0.6124699590727687,0.09375,93.84125,7.476992217296681,52,0.05416666666666667,0.6166666666666667,False,False,False,,DES|m2|p1|r1,2,1,1,690747212,105,145.61801952063576,-145.61801952063576,0.1
DES,full_noise_campaign,es_stdp_teacher_off,2,190728326,ES+STDP teacher-free,poisson_excitatory,100.0,0.0,120,0.6092126660514623,0.25,115.31562499999998,8.810257086694408,141,0.146875,0.2583333333333333,False,False,False,,DES|m2|p1|r1,2,1,1,384541313,105,145.61801952063576,-145.61801952063576,0.1
DES,full_noise_campaign,es_stdp_teacher_off,2,190728326,ES+STDP teacher-free,poisson_inhibitory,5.0,0.0,120,0.6104801441542804,0.030208333333333334,82.40437500000004,6.643130749945996,13,0.013541666666666667,0.9083333333333333,False,False,False,,DES|m2|p1|r1,2,1,1,234346346,105,145.61801952063576,-145.61801952063576,0.1
DES,full_noise_campaign,es_stdp_teacher_off,2,190728326,ES+STDP teacher-free,poisson_inhibitory,10.0,0.0,120,0.6162425938528031,0.03333333333333333,83.12374999999999,6.6620972585309,18,0.01875,0.875,False,False,False,,DES|m2|p1|r1,2,1,1,1334923199,105,145.61801952063576,-145.61801952063576,0.1
DES,full_noise_campaign,es_stdp_teacher_off,2,190728326,ES+STDP teacher-free,poisson_inhibitory,25.0,0.0,120,0.6098119029775262,0.035416666666666666,85.16625000000002,6.754015265902724,21,0.021875,0.85,False,False,False,,DES|m2|p1|r1,2,1,1,1542398652,105,145.61801952063576,-145.61801952063576,0.1
DES,full_noise_campaign,es_stdp_teacher_off,2,190728326,ES+STDP teacher-free,poisson_inhibitory,50.0,0.0,120,0.6125774390529841,0.04895833333333333,88.68187499999999,6.949467420989284,25,0.026041666666666668,0.8083333333333333,False,False,False,,DES|m2|p1|r1,2,1,1,1089722605,105,145.61801952063576,-145.61801952063576,0.1
DES,full_noise_campaign,es_stdp_teacher_off,2,190728326,ES+STDP teacher-free,poisson_inhibitory,100.0,0.0,120,0.6188224270008504,0.171875,93.33937500000002,7.3684479325058145,103,0.10729166666666666,0.4083333333333333,False,False,False,,DES|m2|p1|r1,2,1,1,1099933889,105,145.61801952063576,-145.61801952063576,0.1
DES,full_noise_campaign,es_stdp_teacher_off,2,190728326,ES+STDP teacher-free,poisson_mixed,5.0,0.0,120,0.6200042308773845,0.028125,81.97875000000005,6.625034853590309,14,0.014583333333333334,0.9083333333333333,False,False,False,,DES|m2|p1|r1,2,1,1,1545271114,105,145.61801952063576,-145.61801952063576,0.1
DES,full_noise_campaign,es_stdp_teacher_off,2,190728326,ES+STDP teacher-free,poisson_mixed,10.0,0.0,120,0.6083411951549351,0.027083333333333334,81.98875000000001,6.627080712089576,14,0.014583333333333334,0.8833333333333333,False,False,False,,DES|m2|p1|r1,2,1,1,41075735,105,145.61801952063576,-145.61801952063576,0.1
DES,full_noise_campaign,es_stdp_teacher_off,2,190728326,ES+STDP teacher-free,poisson_mixed,25.0,0.0,120,0.6086839670315385,0.0375,84.07000000000005,6.74706812080042,19,0.019791666666666666,0.8666666666666667,False,False,False,,DES|m2|p1|r1,2,1,1,369930004,105,145.61801952063576,-145.61801952063576,0.1
DES,full_noise_campaign,es_stdp_teacher_off,2,190728326,ES+STDP teacher-free,poisson_mixed,50.0,0.0,120,0.6202070619910955,0.03125,84.98812500000003,6.807362282835883,20,0.020833333333333332,0.85,False,False,False,,DES|m2|p1|r1,2,1,1,219174117,105,145.61801952063576,-145.61801952063576,0.1
DES,full_noise_campaign,es_stdp_teacher_off,2,190728326,ES+STDP teacher-free,poisson_mixed,100.0,0.0,120,0.6114409358706325,0.059375,88.70187499999997,7.037671996738366,32,0.03333333333333333,0.7666666666666666,False,False,False,,DES|m2|p1|r1,2,1,1,521974335,105,145.61801952063576,-145.61801952063576,0.1
DES,full_noise_campaign,es_stdp_teacher_off,2,2116011709,ES+STDP teacher-free,none,0.0,0.0,120,0.6065542940050364,0.029166666666666667,82.05062500000003,6.61862868037953,12,0.0125,0.9,False,False,False,,DES|m2|p2|r0,2,2,0,1690615518,105,145.61801952063576,-145.61801952063576,0.1
DES,full_noise_campaign,es_stdp_teacher_off,2,2116011709,ES+STDP teacher-free,poisson_excitatory,5.0,0.0,120,0.6058586370199919,0.023958333333333335,82.15750000000004,6.637482323233858,10,0.010416666666666666,0.9166666666666666,False,False,False,,DES|m2|p2|r0,2,2,0,543703095,105,145.61801952063576,-145.61801952063576,0.1
DES,full_noise_campaign,es_stdp_teacher_off,2,2116011709,ES+STDP teacher-free,poisson_excitatory,10.0,0.0,120,0.613033649045974,0.03125,82.96812500000007,6.7016756066393635,15,0.015625,0.875,False,False,False,,DES|m2|p2|r0,2,2,0,810999267,105,145.61801952063576,-145.61801952063576,0.1
DES,full_noise_campaign,es_stdp_teacher_off,2,2116011709,ES+STDP teacher-free,poisson_excitatory,25.0,0.0,120,0.6103524581994861,0.04895833333333333,85.64375000000001,6.913725670527935,27,0.028125,0.8,False,False,False,,DES|m2|p2|r0,2,2,0,606646504,105,145.61801952063576,-145.61801952063576,0.1
DES,full_noise_campaign,es_stdp_teacher_off,2,2116011709,ES+STDP teacher-free,poisson_excitatory,50.0,0.0,120,0.619858305901289,0.08541666666666667,93.43624999999997,7.4312720020305445,47,0.04895833333333333,0.6666666666666667,False,False,False,,DES|m2|p2|r0,2,2,0,1060391705,105,145.61801952063576,-145.61801952063576,0.1
DES,full_noise_campaign,es_stdp_teacher_off,2,2116011709,ES+STDP teacher-free,poisson_excitatory,100.0,0.0,120,0.6175314930733293,0.2604166666666667,115.82312499999998,8.829455537463245,152,0.15833333333333333,0.2666666666666667,False,False,False,,DES|m2|p2|r0,2,2,0,1932002322,105,145.61801952063576,-145.61801952063576,0.1
DES,full_noise_campaign,es_stdp_teacher_off,2,2116011709,ES+STDP teacher-free,poisson_inhibitory,5.0,0.0,120,0.6073784381151199,0.03333333333333333,82.84562499999998,6.644749117531001,12,0.0125,0.9,False,False,False,,DES|m2|p2|r0,2,2,0,2122670025,105,145.61801952063576,-145.61801952063576,0.1
DES,full_noise_campaign,es_stdp_teacher_off,2,2116011709,ES+STDP teacher-free,poisson_inhibitory,10.0,0.0,120,0.6028628081548959,0.03229166666666667,83.426875,6.668725691624251,13,0.013541666666666667,0.8916666666666666,False,False,False,,DES|m2|p2|r0,2,2,0,1502540420,105,145.61801952063576,-145.61801952063576,0.1
DES,full_noise_campaign,es_stdp_teacher_off,2,2116011709,ES+STDP teacher-free,poisson_inhibitory,25.0,0.0,120,0.6061318588908762,0.0375,85.67624999999998,6.773750383264586,18,0.01875,0.85,False,False,False,,DES|m2|p2|r0,2,2,0,1307615111,105,145.61801952063576,-145.61801952063576,0.1
DES,full_noise_campaign,es_stdp_teacher_off,2,2116011709,ES+STDP teacher-free,poisson_inhibitory,50.0,0.0,120,0.606015627970919,0.05520833333333333,89.21312500000002,6.956049059153061,19,0.019791666666666666,0.8583333333333334,False,False,False,,DES|m2|p2|r0,2,2,0,1458332984,105,145.61801952063576,-145.61801952063576,0.1
DES,full_noise_campaign,es_stdp_teacher_off,2,2116011709,ES+STDP teacher-free,poisson_inhibitory,100.0,0.0,120,0.6060305361170322,0.17291666666666666,93.70875000000004,7.388789656848148,106,0.11041666666666666,0.35,False,False,False,,DES|m2|p2|r0,2,2,0,608962896,105,145.61801952063576,-145.61801952063576,0.1
DES,full_noise_campaign,es_stdp_teacher_off,2,2116011709,ES+STDP teacher-free,poisson_mixed,5.0,0.0,120,0.6067751462105662,0.030208333333333334,82.66562499999998,6.653014926949226,11,0.011458333333333333,0.9083333333333333,False,False,False,,DES|m2|p2|r0,2,2,0,1894184390,105,145.61801952063576,-145.61801952063576,0.1
DES,full_noise_campaign,es_stdp_teacher_off,2,2116011709,ES+STDP teacher-free,poisson_mixed,10.0,0.0,120,0.613725044997409,0.028125,82.665625,6.6523830632091085,13,0.013541666666666667,0.8916666666666666,False,False,False,,DES|m2|p2|r0,2,2,0,1584223765,105,145.61801952063576,-145.61801952063576,0.1
DES,full_noise_campaign,es_stdp_teacher_off,2,2116011709,ES+STDP teacher-free,poisson_mixed,25.0,0.0,120,0.606486689997837,0.03229166666666667,83.63937500000003,6.708778917264296,14,0.014583333333333334,0.8833333333333333,False,False,False,,DES|m2|p2|r0,2,2,0,1242773786,105,145.61801952063576,-145.61801952063576,0.1
DES,full_noise_campaign,es_stdp_teacher_off,2,2116011709,ES+STDP teacher-free,poisson_mixed,50.0,0.0,120,0.621899819932878,0.03958333333333333,86.60000000000001,6.877746819293225,21,0.021875,0.825,False,False,False,,DES|m2|p2|r0,2,2,0,1359987431,105,145.61801952063576,-145.61801952063576,0.1
DES,full_noise_campaign,es_stdp_teacher_off,2,2116011709,ES+STDP teacher-free,poisson_mixed,100.0,0.0,120,0.6199385321233422,0.0625,89.18687500000003,7.046338510833788,32,0.03333333333333333,0.7833333333333333,False,False,False,,DES|m2|p2|r0,2,2,0,1982007521,105,145.61801952063576,-145.61801952063576,0.1
DES,full_noise_campaign,es_stdp_teacher_off,2,152630831,ES+STDP teacher-free,none,0.0,0.0,120,0.6060235220938921,0.029166666666666667,82.05062500000003,6.61862868037953,12,0.0125,0.9,False,False,False,,DES|m2|p2|r1,2,2,1,184997301,105,145.61801952063576,-145.61801952063576,0.1
DES,full_noise_campaign,es_stdp_teacher_off,2,152630831,ES+STDP teacher-free,poisson_excitatory,5.0,0.0,120,0.613520439947024,0.025,81.99000000000005,6.630321320990209,10,0.010416666666666666,0.9166666666666666,False,True,False,0.36190476190476195,DES|m2|p2|r1,2,2,1,558703957,105,145.61801952063576,-145.61801952063576,0.1
DES,full_noise_campaign,es_stdp_teacher_off,2,152630831,ES+STDP teacher-free,poisson_excitatory,10.0,0.0,120,0.6095153929200023,0.03958333333333333,82.61000000000004,6.688245956320866,17,0.017708333333333333,0.8583333333333334,False,False,False,,DES|m2|p2|r1,2,2,1,366824928,105,145.61801952063576,-145.61801952063576,0.1
DES,full_noise_campaign,es_stdp_teacher_off,2,152630831,ES+STDP teacher-free,poisson_excitatory,25.0,0.0,120,0.6081742290407419,0.0375,84.27999999999997,6.8102014272986064,15,0.015625,0.8833333333333333,False,False,False,,DES|m2|p2|r1,2,2,1,27467997,105,145.61801952063576,-145.61801952063576,0.1
DES,full_noise_campaign,es_stdp_teacher_off,2,152630831,ES+STDP teacher-free,poisson_excitatory,50.0,0.0,120,0.6121985227800906,0.09375,93.79875000000001,7.447287819453169,49,0.051041666666666666,0.6833333333333333,False,False,False,,DES|m2|p2|r1,2,2,1,448781068,105,145.61801952063576,-145.61801952063576,0.1
DES,full_noise_campaign,es_stdp_teacher_off,2,152630831,ES+STDP teacher-free,poisson_excitatory,100.0,0.0,120,0.6119097359478474,0.25625,115.88124999999994,8.824879065013112,144,0.15,0.2833333333333333,False,False,False,,DES|m2|p2|r1,2,2,1,339060122,105,145.61801952063576,-145.61801952063576,0.1
DES,full_noise_campaign,es_stdp_teacher_off,2,152630831,ES+STDP teacher-free,poisson_inhibitory,5.0,0.0,120,0.619174602208659,0.03229166666666667,82.950625,6.654061232712549,13,0.013541666666666667,0.8916666666666666,False,False,False,,DES|m2|p2|r1,2,2,1,2141207267,105,145.61801952063576,-145.61801952063576,0.1
DES,full_noise_campaign,es_stdp_teacher_off,2,152630831,ES+STDP teacher-free,poisson_inhibitory,10.0,0.0,120,0.6109900379087776,0.036458333333333336,83.86624999999995,6.690279287209305,15,0.015625,0.8833333333333333,False,False,False,,DES|m2|p2|r1,2,2,1,2080727681,105,145.61801952063576,-145.61801952063576,0.1
DES,full_noise_campaign,es_stdp_teacher_off,2,152630831,ES+STDP teacher-free,poisson_inhibitory,25.0,0.0,120,0.6218108739703894,0.036458333333333336,85.83937500000008,6.7771556474204,15,0.015625,0.8833333333333333,False,False,False,,DES|m2|p2|r1,2,2,1,1752895356,105,145.61801952063576,-145.61801952063576,0.1
DES,full_noise_campaign,es_stdp_teacher_off,2,152630831,ES+STDP teacher-free,poisson_inhibitory,50.0,0.0,120,0.6144226039759815,0.04375,89.34500000000001,6.964948204416007,27,0.028125,0.8083333333333333,False,False,False,,DES|m2|p2|r1,2,2,1,1936192811,105,145.61801952063576,-145.61801952063576,0.1
DES,full_noise_campaign,es_stdp_teacher_off,2,152630831,ES+STDP teacher-free,poisson_inhibitory,100.0,0.0,120,0.606368943117559,0.16041666666666668,93.15499999999997,7.319025957054878,90,0.09375,0.4916666666666667,False,False,False,,DES|m2|p2|r1,2,2,1,1129426908,105,145.61801952063576,-145.61801952063576,0.1
DES,full_noise_campaign,es_stdp_teacher_off,2,152630831,ES+STDP teacher-free,poisson_mixed,5.0,0.0,120,0.6109494247939438,0.03229166666666667,82.27812500000005,6.631477412439395,11,0.011458333333333333,0.9083333333333333,False,False,False,,DES|m2|p2|r1,2,2,1,654603757,105,145.61801952063576,-145.61801952063576,0.1
DES,full_noise_campaign,es_stdp_teacher_off,2,152630831,ES+STDP teacher-free,poisson_mixed,10.0,0.0,120,0.6073328258935362,0.029166666666666667,82.93375000000002,6.667237559159465,12,0.0125,0.9,False,False,False,,DES|m2|p2|r1,2,2,1,990539479,105,145.61801952063576,-145.61801952063576,0.1
DES,full_noise_campaign,es_stdp_teacher_off,2,152630831,ES+STDP teacher-free,poisson_mixed,25.0,0.0,120,0.6093884620349854,0.019791666666666666,83.71125,6.7154875467430415,12,0.0125,0.9,False,False,False,,DES|m2|p2|r1,2,2,1,796132308,105,145.61801952063576,-145.61801952063576,0.1
DES,full_noise_campaign,es_stdp_teacher_off,2,152630831,ES+STDP teacher-free,poisson_mixed,50.0,0.0,120,0.6092617309186608,0.03125,85.30375000000002,6.811850382549258,15,0.015625,0.8916666666666666,False,False,False,,DES|m2|p2|r1,2,2,1,879295013,105,145.61801952063576,-145.61801952063576,0.1
DES,full_noise_campaign,es_stdp_teacher_off,2,152630831,ES+STDP teacher-free,poisson_mixed,100.0,0.0,120,0.6099692550487816,0.05625,89.07062500000002,7.038852968649868,29,0.030208333333333334,0.7916666666666666,False,False,False,,DES|m2|p2|r1,2,2,1,1777961812,105,145.61801952063576,-145.61801952063576,0.1
DES,full_noise_campaign,es_stdp_teacher_off,2,2145234126,ES+STDP teacher-free,none,0.0,0.0,120,0.6077805911190808,0.021875,81.53875000000002,6.603067571112744,7,0.007291666666666667,0.9416666666666667,False,True,False,0.6476190476190475,DES|m2|p3|r0,2,3,0,2137125638,105,145.61801952063576,-145.61801952063576,0.1
DES,full_noise_campaign,es_stdp_teacher_off,2,2145234126,ES+STDP teacher-free,poisson_excitatory,5.0,0.0,120,0.6078088209033012,0.022916666666666665,81.45812500000002,6.6144876856674735,11,0.011458333333333333,0.9083333333333333,False,True,False,0.36190476190476195,DES|m2|p3|r0,2,3,0,1198909125,105,145.61801952063576,-145.61801952063576,0.1
DES,full_noise_campaign,es_stdp_teacher_off,2,2145234126,ES+STDP teacher-free,poisson_excitatory,10.0,0.0,120,0.6160994151141495,0.025,81.64624999999998,6.637778441119584,13,0.013541666666666667,0.9083333333333333,False,True,False,0.35238095238095235,DES|m2|p3|r0,2,3,0,1591396132,105,145.61801952063576,-145.61801952063576,0.1
DES,full_noise_campaign,es_stdp_teacher_off,2,2145234126,ES+STDP teacher-free,poisson_excitatory,25.0,0.0,120,0.6058485589455813,0.03229166666666667,84.57124999999995,6.868574952813051,20,0.020833333333333332,0.85,False,False,False,,DES|m2|p3|r0,2,3,0,1252305959,105,145.61801952063576,-145.61801952063576,0.1
DES,full_noise_campaign,es_stdp_teacher_off,2,2145234126,ES+STDP teacher-free,poisson_excitatory,50.0,0.0,120,0.6071809600107372,0.1,94.29499999999996,7.511451461369697,64,0.06666666666666667,0.5916666666666667,False,False,False,,DES|m2|p3|r0,2,3,0,1371034072,105,145.61801952063576,-145.61801952063576,0.1
DES,full_noise_campaign,es_stdp_teacher_off,2,2145234126,ES+STDP teacher-free,poisson_excitatory,100.0,0.0,120,0.6064005980733782,0.25625,116.37624999999996,8.877954164849559,141,0.146875,0.2833333333333333,False,False,False,,DES|m2|p3|r0,2,3,0,1922957093,105,145.61801952063576,-145.61801952063576,0.1
DES,full_noise_campaign,es_stdp_teacher_off,2,2145234126,ES+STDP teacher-free,poisson_inhibitory,5.0,0.0,120,0.6062394031323493,0.026041666666666668,82.33312500000001,6.636159035634771,11,0.011458333333333333,0.9083333333333333,False,False,False,,DES|m2|p3|r0,2,3,0,429455667,105,145.61801952063576,-145.61801952063576,0.1
DES,full_noise_campaign,es_stdp_teacher_off,2,2145234126,ES+STDP teacher-free,poisson_inhibitory,10.0,0.0,120,0.6032730708830059,0.029166666666666667,83.28687500000001,6.67330254859326,13,0.013541666666666667,0.9,False,False,False,,DES|m2|p3|r0,2,3,0,922937667,105,145.61801952063576,-145.61801952063576,0.1
DES,full_noise_campaign,es_stdp_teacher_off,2,2145234126,ES+STDP teacher-free,poisson_inhibitory,25.0,0.0,120,0.6093140090815723,0.030208333333333334,85.28250000000001,6.762103084282353,14,0.014583333333333334,0.8833333333333333,False,False,False,,DES|m2|p3|r0,2,3,0,595362888,105,145.61801952063576,-145.61801952063576,0.1
DES,full_noise_campaign,es_stdp_teacher_off,2,2145234126,ES+STDP teacher-free,poisson_inhibitory,50.0,0.0,120,0.6080168050248176,0.03854166666666667,88.15125,6.902160684797115,20,0.020833333333333332,0.8583333333333334,False,True,False,0.24761904761904763,DES|m2|p3|r0,2,3,0,945847929,105,145.61801952063576,-145.61801952063576,0.1
DES,full_noise_campaign,es_stdp_teacher_off,2,2145234126,ES+STDP teacher-free,poisson_inhibitory,100.0,0.0,120,0.610203122952953,0.16458333333333333,93.95875000000001,7.381531148018164,93,0.096875,0.41666666666666663,False,False,False,,DES|m2|p3|r0,2,3,0,637138021,105,145.61801952063576,-145.61801952063576,0.1
DES,full_noise_campaign,es_stdp_teacher_off,2,2145234126,ES+STDP teacher-free,poisson_mixed,5.0,0.0,120,0.6165761929005384,0.01875,81.80312500000004,6.616358726599151,9,0.009375,0.925,False,True,False,0.5047619047619047,DES|m2|p3|r0,2,3,0,1866233391,105,145.61801952063576,-145.61801952063576,0.1
DES,full_noise_campaign,es_stdp_teacher_off,2,2145234126,ES+STDP teacher-free,poisson_mixed,10.0,0.0,120,0.614876220934093,0.026041666666666668,82.208125,6.637632317332146,10,0.010416666666666666,0.9166666666666666,False,True,False,0.4285714285714286,DES|m2|p3|r0,2,3,0,1229271381,105,145.61801952063576,-145.61801952063576,0.1
DES,full_noise_campaign,es_stdp_teacher_off,2,2145234126,ES+STDP teacher-free,poisson_mixed,25.0,0.0,120,0.6123512650374323,0.022916666666666665,83.00562500000001,6.687498192180423,7,0.007291666666666667,0.95,False,True,False,0.6666666666666667,DES|m2|p3|r0,2,3,0,1564171354,105,145.61801952063576,-145.61801952063576,0.1
DES,full_noise_campaign,es_stdp_teacher_off,2,2145234126,ES+STDP teacher-free,poisson_mixed,50.0,0.0,120,0.6144243839662522,0.03333333333333333,85.64187500000003,6.849275337330795,14,0.014583333333333334,0.8833333333333333,False,True,False,0.2666666666666667,DES|m2|p3|r0,2,3,0,1177003687,105,145.61801952063576,-145.61801952063576,0.1
DES,full_noise_campaign,es_stdp_teacher_off,2,2145234126,ES+STDP teacher-free,poisson_mixed,100.0,0.0,120,0.6112277798820287,0.034375,87.09124999999997,6.940298238475625,15,0.015625,0.8916666666666666,False,False,False,,DES|m2|p3|r0,2,3,0,1834017422,105,145.61801952063576,-145.61801952063576,0.1
DES,full_noise_campaign,es_stdp_teacher_off,2,148544604,ES+STDP teacher-free,none,0.0,0.0,120,0.6123077350202948,0.021875,81.53875000000002,6.603067571112744,7,0.007291666666666667,0.9416666666666667,False,True,False,0.6476190476190475,DES|m2|p3|r1,2,3,1,279157263,105,145.61801952063576,-145.61801952063576,0.1
DES,full_noise_campaign,es_stdp_teacher_off,2,148544604,ES+STDP teacher-free,poisson_excitatory,5.0,0.0,120,0.6127479989081621,0.027083333333333334,81.87062500000002,6.639123154673939,12,0.0125,0.9,False,False,False,,DES|m2|p3|r1,2,3,1,1179681767,105,145.61801952063576,-145.61801952063576,0.1
DES,full_noise_campaign,es_stdp_teacher_off,2,148544604,ES+STDP teacher-free,poisson_excitatory,10.0,0.0,120,0.6076348798815161,0.028125,82.196875,6.672850288075048,13,0.013541666666666667,0.9,False,False,False,,DES|m2|p3|r1,2,3,1,2068928289,105,145.61801952063576,-145.61801952063576,0.1
DES,full_noise_campaign,es_stdp_teacher_off,2,148544604,ES+STDP teacher-free,poisson_excitatory,25.0,0.0,120,0.6139216439332813,0.03958333333333333,85.28937499999995,6.9025156165330195,23,0.023958333333333335,0.8333333333333334,False,False,False,,DES|m2|p3|r1,2,3,1,1865366556,105,145.61801952063576,-145.61801952063576,0.1
DES,full_noise_campaign,es_stdp_teacher_off,2,148544604,ES+STDP teacher-free,poisson_excitatory,50.0,0.0,120,0.6118427230976522,0.1,94.74562499999996,7.539877101732868,50,0.052083333333333336,0.675,False,False,False,,DES|m2|p3|r1,2,3,1,1949549003,105,145.61801952063576,-145.61801952063576,0.1
DES,full_noise_campaign,es_stdp_teacher_off,2,148544604,ES+STDP teacher-free,poisson_excitatory,100.0,0.0,120,0.6096140840090811,0.24583333333333332,115.91375000000005,8.825706095948723,138,0.14375,0.30000000000000004,False,False,False,,DES|m2|p3|r1,2,3,1,360732823,105,145.61801952063576,-145.61801952063576,0.1
DES,full_noise_campaign,es_stdp_teacher_off,2,148544604,ES+STDP teacher-free,poisson_inhibitory,5.0,0.0,120,0.6112452030647546,0.025,82.31125000000003,6.6265705641331305,11,0.011458333333333333,0.9083333333333333,False,True,False,0.4095238095238095,DES|m2|p3|r1,2,3,1,415079513,105,145.61801952063576,-145.61801952063576,0.1
DES,full_noise_campaign,es_stdp_teacher_off,2,148544604,ES+STDP teacher-free,poisson_inhibitory,10.0,0.0,120,0.6081910880748183,0.021875,82.72250000000003,6.6416221494299945,7,0.007291666666666667,0.9416666666666667,False,True,False,0.5904761904761905,DES|m2|p3|r1,2,3,1,310999360,105,145.61801952063576,-145.61801952063576,0.1
DES,full_noise_campaign,es_stdp_teacher_off,2,148544604,ES+STDP teacher-free,poisson_inhibitory,25.0,0.0,120,0.6182224089279771,0.026041666666666668,85.10187499999998,6.741893851716396,14,0.014583333333333334,0.8916666666666666,False,True,False,0.2666666666666667,DES|m2|p3|r1,2,3,1,116855869,105,145.61801952063576,-145.61801952063576,0.1
DES,full_noise_campaign,es_stdp_teacher_off,2,148544604,ES+STDP teacher-free,poisson_inhibitory,50.0,0.0,120,0.607462062034756,0.042708333333333334,88.094375,6.913843690801976,21,0.021875,0.8333333333333334,False,False,False,,DES|m2|p3|r1,2,3,1,502001260,105,145.61801952063576,-145.61801952063576,0.1
DES,full_noise_campaign,es_stdp_teacher_off,2,148544604,ES+STDP teacher-free,poisson_inhibitory,100.0,0.0,120,0.6093513660598546,0.15,92.37875000000001,7.2864940247298655,89,0.09270833333333334,0.45833333333333337,False,False,False,,DES|m2|p3|r1,2,3,1,1122259671,105,145.61801952063576,-145.61801952063576,0.1
DES,full_noise_campaign,es_stdp_teacher_off,2,148544604,ES+STDP teacher-free,poisson_mixed,5.0,0.0,120,0.6099961530417204,0.01875,81.82875000000004,6.616518785541615,7,0.007291666666666667,0.9416666666666667,False,True,False,0.5904761904761905,DES|m2|p3|r1,2,3,1,954136200,105,145.61801952063576,-145.61801952063576,0.1
DES,full_noise_campaign,es_stdp_teacher_off,2,148544604,ES+STDP teacher-free,poisson_mixed,10.0,0.0,120,0.6133841460105032,0.019791666666666666,82.08875000000003,6.630360252776184,8,0.008333333333333333,0.9333333333333333,False,True,False,0.5714285714285714,DES|m2|p3|r1,2,3,1,740428439,105,145.61801952063576,-145.61801952063576,0.1
DES,full_noise_campaign,es_stdp_teacher_off,2,148544604,ES+STDP teacher-free,poisson_mixed,25.0,0.0,120,0.6080419549252838,0.026041666666666668,83.38125,6.714920109242904,14,0.014583333333333334,0.8916666666666666,False,False,False,,DES|m2|p3|r1,2,3,1,945579924,105,145.61801952063576,-145.61801952063576,0.1
DES,full_noise_campaign,es_stdp_teacher_off,2,148544604,ES+STDP teacher-free,poisson_mixed,50.0,0.0,120,0.61052600084804,0.03229166666666667,85.080625,6.8095284708802115,14,0.014583333333333334,0.8916666666666666,False,True,False,0.2571428571428571,DES|m2|p3|r1,2,3,1,591437157,105,145.61801952063576,-145.61801952063576,0.1
DES,full_noise_campaign,es_stdp_teacher_off,2,148544604,ES+STDP teacher-free,poisson_mixed,100.0,0.0,120,0.6106711099855602,0.05416666666666667,88.40000000000006,7.0176468494754,26,0.027083333333333334,0.7916666666666666,False,False,False,,DES|m2|p3|r1,2,3,1,1921671719,105,145.61801952063576,-145.61801952063576,0.1
AES,full_noise_campaign,es_stdp_teacher_off,0,1305216252,ES+STDP teacher-free,none,0.0,0.0,128,0.6581682739779353,0.048828125,88.62374999999997,6.913122167121228,26,0.025390625,0.8125,False,False,False,,AES|m0|p0|r0,0,0,0,225150348,105,145.61801952063576,-145.61801952063576,0.1
AES,full_noise_campaign,es_stdp_teacher_off,0,1305216252,ES+STDP teacher-free,poisson_excitatory,5.0,0.0,128,0.6636790628544986,0.0458984375,88.74125000000004,6.939771034641291,20,0.01953125,0.8515625,False,False,False,,AES|m0|p0|r0,0,0,0,907669251,105,145.61801952063576,-145.61801952063576,0.1
AES,full_noise_campaign,es_stdp_teacher_off,0,1305216252,ES+STDP teacher-free,poisson_excitatory,10.0,0.0,128,0.6637179681565613,0.0380859375,88.97687500000004,6.960003461897861,18,0.017578125,0.859375,False,False,False,,AES|m0|p0|r0,0,0,0,1182370423,105,145.61801952063576,-145.61801952063576,0.1
AES,full_noise_campaign,es_stdp_teacher_off,0,1305216252,ES+STDP teacher-free,poisson_excitatory,25.0,0.0,128,0.6516679879277945,0.046875,91.98562500000001,7.181651366496964,35,0.0341796875,0.7421875,False,False,False,,AES|m0|p0|r0,0,0,0,1376249714,105,145.61801952063576,-145.61801952063576,0.1
AES,full_noise_campaign,es_stdp_teacher_off,0,1305216252,ES+STDP teacher-free,poisson_excitatory,50.0,0.0,128,0.6568585010245442,0.1064453125,98.904375,7.655133383562868,56,0.0546875,0.6328125,False,False,False,,AES|m0|p0|r0,0,0,0,1226513733,105,145.61801952063576,-145.61801952063576,0.1
AES,full_noise_campaign,es_stdp_teacher_off,0,1305216252,ES+STDP teacher-free,poisson_excitatory,100.0,0.0,128,0.6546450301539153,0.2626953125,124.22374999999997,9.159200294374305,126,0.123046875,0.359375,False,False,False,,AES|m0|p0|r0,0,0,0,1040788045,105,145.61801952063576,-145.61801952063576,0.1
AES,full_noise_campaign,es_stdp_teacher_off,0,1305216252,ES+STDP teacher-free,poisson_inhibitory,5.0,0.0,128,0.6510221080388874,0.048828125,89.46687499999999,6.942444545151904,24,0.0234375,0.8203125,False,False,False,,AES|m0|p0|r0,0,0,0,1760883061,105,145.61801952063576,-145.61801952063576,0.1
AES,full_noise_campaign,es_stdp_teacher_off,0,1305216252,ES+STDP teacher-free,poisson_inhibitory,10.0,0.0,128,0.6490128939040005,0.048828125,90.14499999999998,6.964151110509333,28,0.02734375,0.8046875,False,False,False,,AES|m0|p0|r0,0,0,0,799122902,105,145.61801952063576,-145.61801952063576,0.1
AES,full_noise_campaign,es_stdp_teacher_off,0,1305216252,ES+STDP teacher-free,poisson_inhibitory,25.0,0.0,128,0.6500708060339093,0.0478515625,92.11000000000001,7.04801668465941,25,0.0244140625,0.8203125,False,False,False,,AES|m0|p0|r0,0,0,0,1004521683,105,145.61801952063576,-145.61801952063576,0.1
AES,full_noise_campaign,es_stdp_teacher_off,0,1305216252,ES+STDP teacher-free,poisson_inhibitory,50.0,0.0,128,0.647642205003649,0.0546875,95.76000000000002,7.247126173953627,27,0.0263671875,0.796875,False,False,False,,AES|m0|p0|r0,0,0,0,549663526,105,145.61801952063576,-145.61801952063576,0.1
AES,full_noise_campaign,es_stdp_teacher_off,0,1305216252,ES+STDP teacher-free,poisson_inhibitory,100.0,0.0,128,0.6634768738877028,0.1748046875,100.10874999999999,7.642041677587073,114,0.111328125,0.359375,False,False,False,,AES|m0|p0|r0,0,0,0,1768759565,105,145.61801952063576,-145.61801952063576,0.1
AES,full_noise_campaign,es_stdp_teacher_off,0,1305216252,ES+STDP teacher-free,poisson_mixed,5.0,0.0,128,0.6624042009934783,0.041015625,88.62937499999998,6.91351325832256,23,0.0224609375,0.828125,False,False,False,,AES|m0|p0|r0,0,0,0,1987663670,105,145.61801952063576,-145.61801952063576,0.1
AES,full_noise_campaign,es_stdp_teacher_off,0,1305216252,ES+STDP teacher-free,poisson_mixed,10.0,0.0,128,0.6479338398203254,0.046875,88.965,6.930719260626817,25,0.0244140625,0.8125,False,False,False,,AES|m0|p0|r0,0,0,0,778328374,105,145.61801952063576,-145.61801952063576,0.1
AES,full_noise_campaign,es_stdp_teacher_off,0,1305216252,ES+STDP teacher-free,poisson_mixed,25.0,0.0,128,0.6513945150654763,0.0380859375,90.09375000000006,6.989024954103529,16,0.015625,0.875,False,False,False,,AES|m0|p0|r0,0,0,0,974795827,105,145.61801952063576,-145.61801952063576,0.1
AES,full_noise_campaign,es_stdp_teacher_off,0,1305216252,ES+STDP teacher-free,poisson_mixed,50.0,0.0,128,0.6533687962219119,0.0419921875,92.39437500000003,7.135892086194438,21,0.0205078125,0.859375,False,False,False,,AES|m0|p0|r0,0,0,0,554094214,105,145.61801952063576,-145.61801952063576,0.1
AES,full_noise_campaign,es_stdp_teacher_off,0,1305216252,ES+STDP teacher-free,poisson_mixed,100.0,0.0,128,0.6480325220618397,0.0625,96.39124999999997,7.355850300457982,33,0.0322265625,0.78125,False,False,False,,AES|m0|p0|r0,0,0,0,1069172512,105,145.61801952063576,-145.61801952063576,0.1
AES,full_noise_campaign,es_stdp_teacher_off,0,986395758,ES+STDP teacher-free,none,0.0,0.0,128,0.6481241669971496,0.048828125,88.62374999999997,6.913122167121228,26,0.025390625,0.8125,False,False,False,,AES|m0|p0|r1,0,0,1,1655303817,105,145.61801952063576,-145.61801952063576,0.1
AES,full_noise_campaign,es_stdp_teacher_off,0,986395758,ES+STDP teacher-free,poisson_excitatory,5.0,0.0,128,0.654327548108995,0.0478515625,88.70500000000001,6.933900725025113,26,0.025390625,0.8125,False,False,False,,AES|m0|p0|r1,0,0,1,926714921,105,145.61801952063576,-145.61801952063576,0.1
AES,full_noise_campaign,es_stdp_teacher_off,0,986395758,ES+STDP teacher-free,poisson_excitatory,10.0,0.0,128,0.6479450641199946,0.0400390625,88.90875,6.959363036885225,20,0.01953125,0.8671875,False,False,False,,AES|m0|p0|r1,0,0,1,1676810862,105,145.61801952063576,-145.61801952063576,0.1
AES,full_noise_campaign,es_stdp_teacher_off,0,986395758,ES+STDP teacher-free,poisson_excitatory,25.0,0.0,128,0.6548835749272257,0.0458984375,91.09374999999997,7.129439339416794,24,0.0234375,0.8515625,False,False,False,,AES|m0|p0|r1,0,0,1,2005694321,105,145.61801952063576,-145.61801952063576,0.1
AES,full_noise_campaign,es_stdp_teacher_off,0,986395758,ES+STDP teacher-free,poisson_excitatory,50.0,0.0,128,0.6501071159727871,0.0986328125,100.46562499999999,7.7383749203779715,52,0.05078125,0.6328125,False,False,False,,AES|m0|p0|r1,0,0,1,1821412670,105,145.61801952063576,-145.61801952063576,0.1
AES,full_noise_campaign,es_stdp_teacher_off,0,986395758,ES+STDP teacher-free,poisson_excitatory,100.0,0.0,128,0.6524828679393977,0.2431640625,122.1918749999999,9.056083824300828,140,0.13671875,0.3203125,False,False,False,,AES|m0|p0|r1,0,0,1,1494519007,105,145.61801952063576,-145.61801952063576,0.1
AES,full_noise_campaign,es_stdp_teacher_off,0,986395758,ES+STDP teacher-free,poisson_inhibitory,5.0,0.0,128,0.6534931499045342,0.04296875,89.12124999999999,6.924564770713356,22,0.021484375,0.84375,False,False,False,,AES|m0|p0|r1,0,0,1,1775342743,105,145.61801952063576,-145.61801952063576,0.1
AES,full_noise_campaign,es_stdp_teacher_off,0,986395758,ES+STDP teacher-free,poisson_inhibitory,10.0,0.0,128,0.6529828659258783,0.04296875,90.28499999999997,6.972978493360764,25,0.0244140625,0.8125,False,False,False,,AES|m0|p0|r1,0,0,1,170538445,105,145.61801952063576,-145.61801952063576,0.1
AES,full_noise_campaign,es_stdp_teacher_off,0,986395758,ES+STDP teacher-free,poisson_inhibitory,25.0,0.0,128,0.6568912439979613,0.0546875,92.17937500000001,7.055301811762876,31,0.0302734375,0.78125,False,False,False,,AES|m0|p0|r1,0,0,1,508844242,105,145.61801952063576,-145.61801952063576,0.1
AES,full_noise_campaign,es_stdp_teacher_off,0,986395758,ES+STDP teacher-free,poisson_inhibitory,50.0,0.0,128,0.6529529800172895,0.0615234375,95.46187500000003,7.22699155943946,37,0.0361328125,0.7265625,False,False,False,,AES|m0|p0|r1,0,0,1,88646431,105,145.61801952063576,-145.61801952063576,0.1
AES,full_noise_campaign,es_stdp_teacher_off,0,986395758,ES+STDP teacher-free,poisson_inhibitory,100.0,0.0,128,0.6498531391844153,0.169921875,100.84999999999998,7.668023813610365,124,0.12109375,0.3828125,False,False,False,,AES|m0|p0|r1,0,0,1,242255519,105,145.61801952063576,-145.61801952063576,0.1
AES,full_noise_campaign,es_stdp_teacher_off,0,986395758,ES+STDP teacher-free,poisson_mixed,5.0,0.0,128,0.6542225419543684,0.041015625,88.89625,6.925268486157179,23,0.0224609375,0.8359375,False,False,False,,AES|m0|p0|r1,0,0,1,563861373,105,145.61801952063576,-145.61801952063576,0.1
AES,full_noise_campaign,es_stdp_teacher_off,0,986395758,ES+STDP teacher-free,poisson_mixed,10.0,0.0,128,0.6497629859950393,0.0390625,89.30249999999998,6.947828164379509,19,0.0185546875,0.859375,False,False,False,,AES|m0|p0|r1,0,0,1,1258513012,105,145.61801952063576,-145.61801952063576,0.1
AES,full_noise_campaign,es_stdp_teacher_off,0,986395758,ES+STDP teacher-free,poisson_mixed,25.0,0.0,128,0.6681540899444371,0.0361328125,89.781875,6.979300686071623,20,0.01953125,0.8515625,False,False,False,,AES|m0|p0|r1,0,0,1,1602031481,105,145.61801952063576,-145.61801952063576,0.1
AES,full_noise_campaign,es_stdp_teacher_off,0,986395758,ES+STDP teacher-free,poisson_mixed,50.0,0.0,128,0.66483483905904,0.0341796875,91.62125,7.083158316575958,18,0.017578125,0.8671875,False,False,False,,AES|m0|p0|r1,0,0,1,1147270472,105,145.61801952063576,-145.61801952063576,0.1
AES,full_noise_campaign,es_stdp_teacher_off,0,986395758,ES+STDP teacher-free,poisson_mixed,100.0,0.0,128,0.649792468175292,0.052734375,96.05187500000001,7.36361305909205,31,0.0302734375,0.78125,False,False,False,,AES|m0|p0|r1,0,0,1,543212947,105,145.61801952063576,-145.61801952063576,0.1
AES,full_noise_campaign,es_stdp_teacher_off,0,1276014351,ES+STDP teacher-free,none,0.0,0.0,128,0.6527680221479386,0.0439453125,89.29375000000005,6.928870542435101,23,0.0224609375,0.8359375,False,False,False,,AES|m0|p1|r0,0,1,0,382650680,105,145.61801952063576,-145.61801952063576,0.1
AES,full_noise_campaign,es_stdp_teacher_off,0,1276014351,ES+STDP teacher-free,poisson_excitatory,5.0,0.0,128,0.6490495798643678,0.0380859375,88.82125000000005,6.9154351178135,20,0.01953125,0.8515625,False,False,False,,AES|m0|p1|r0,0,1,0,1359235193,105,145.61801952063576,-145.61801952063576,0.1
AES,full_noise_campaign,es_stdp_teacher_off,0,1276014351,ES+STDP teacher-free,poisson_excitatory,10.0,0.0,128,0.6517570030409843,0.0380859375,89.51125000000009,6.973436870980455,20,0.01953125,0.8515625,False,False,False,,AES|m0|p1|r0,0,1,0,687182134,105,145.61801952063576,-145.61801952063576,0.1
AES,full_noise_campaign,es_stdp_teacher_off,0,1276014351,ES+STDP teacher-free,poisson_excitatory,25.0,0.0,128,0.6483239510562271,0.0380859375,91.46000000000004,7.138133567574916,19,0.0185546875,0.875,False,False,False,,AES|m0|p1|r0,0,1,0,1015807027,105,145.61801952063576,-145.61801952063576,0.1
AES,full_noise_campaign,es_stdp_teacher_off,0,1276014351,ES+STDP teacher-free,poisson_excitatory,50.0,0.0,128,0.6521141659468412,0.103515625,99.94187499999992,7.7111513592241,64,0.0625,0.6171875,False,False,False,,AES|m0|p1|r0,0,1,0,664209030,105,145.61801952063576,-145.61801952063576,0.1
AES,full_noise_campaign,es_stdp_teacher_off,0,1276014351,ES+STDP teacher-free,poisson_excitatory,100.0,0.0,128,0.6500800258945674,0.2841796875,125.050625,9.165831490621308,164,0.16015625,0.2734375,False,False,False,,AES|m0|p1|r0,0,1,0,1069340520,105,145.61801952063576,-145.61801952063576,0.1
AES,full_noise_campaign,es_stdp_teacher_off,0,1276014351,ES+STDP teacher-free,poisson_inhibitory,5.0,0.0,128,0.6709172260016203,0.0439453125,89.83750000000003,6.945153184083865,22,0.021484375,0.84375,False,False,False,,AES|m0|p1|r0,0,1,0,266950663,105,145.61801952063576,-145.61801952063576,0.1
AES,full_noise_campaign,es_stdp_teacher_off,0,1276014351,ES+STDP teacher-free,poisson_inhibitory,10.0,0.0,128,0.6548703829757869,0.044921875,90.77250000000006,6.982544912335891,21,0.0205078125,0.8359375,False,False,False,,AES|m0|p1|r0,0,1,0,1093517079,105,145.61801952063576,-145.61801952063576,0.1
AES,full_noise_campaign,es_stdp_teacher_off,0,1276014351,ES+STDP teacher-free,poisson_inhibitory,25.0,0.0,128,0.6491437768563628,0.046875,92.76375000000007,7.059799120479842,23,0.0224609375,0.828125,False,False,False,,AES|m0|p1|r0,0,1,0,1431557138,105,145.61801952063576,-145.61801952063576,0.1
AES,full_noise_campaign,es_stdp_teacher_off,0,1276014351,ES+STDP teacher-free,poisson_inhibitory,50.0,0.0,128,0.6541147511452436,0.05078125,95.78562500000005,7.211512709715716,28,0.02734375,0.8046875,False,False,False,,AES|m0|p1|r0,0,1,0,1313810917,105,145.61801952063576,-145.61801952063576,0.1
AES,full_noise_campaign,es_stdp_teacher_off,0,1276014351,ES+STDP teacher-free,poisson_inhibitory,100.0,0.0,128,0.6516559950541705,0.177734375,101.33062500000005,7.690406049044393,114,0.111328125,0.390625,False,False,False,,AES|m0|p1|r0,0,1,0,1759043114,105,145.61801952063576,-145.61801952063576,0.1
AES,full_noise_campaign,es_stdp_teacher_off,0,1276014351,ES+STDP teacher-free,poisson_mixed,5.0,0.0,128,0.6526212180033326,0.0458984375,89.45375000000003,6.938458173376116,24,0.0234375,0.8203125,False,False,False,,AES|m0|p1|r0,0,1,0,1772344511,105,145.61801952063576,-145.61801952063576,0.1
AES,full_noise_campaign,es_stdp_teacher_off,0,1276014351,ES+STDP teacher-free,poisson_mixed,10.0,0.0,128,0.6444283050950617,0.0380859375,89.64937500000005,6.948390648808674,22,0.021484375,0.84375,False,False,False,,AES|m0|p1|r0,0,1,0,961297910,105,145.61801952063576,-145.61801952063576,0.1
AES,full_noise_campaign,es_stdp_teacher_off,0,1276014351,ES+STDP teacher-free,poisson_mixed,25.0,0.0,128,0.6562117161229253,0.0341796875,90.31500000000005,6.999653647751867,20,0.01953125,0.8515625,False,False,False,,AES|m0|p1|r0,0,1,0,758272243,105,145.61801952063576,-145.61801952063576,0.1
AES,full_noise_campaign,es_stdp_teacher_off,0,1276014351,ES+STDP teacher-free,poisson_mixed,50.0,0.0,128,0.651700790040195,0.046875,91.93687500000004,7.087830287170778,29,0.0283203125,0.7890625,False,False,False,,AES|m0|p1|r0,0,1,0,909028038,105,145.61801952063576,-145.61801952063576,0.1
AES,full_noise_campaign,es_stdp_teacher_off,0,1276014351,ES+STDP teacher-free,poisson_mixed,100.0,0.0,128,0.6530458349734545,0.0703125,96.22312499999998,7.338546738749127,34,0.033203125,0.75,False,False,False,,AES|m0|p1|r0,0,1,0,617196621,105,145.61801952063576,-145.61801952063576,0.1
AES,full_noise_campaign,es_stdp_teacher_off,0,990469789,ES+STDP teacher-free,none,0.0,0.0,128,0.6650013600010425,0.0439453125,89.29375000000005,6.928870542435101,23,0.0224609375,0.8359375,False,False,False,,AES|m0|p1|r1,0,1,1,2030871131,105,145.61801952063576,-145.61801952063576,0.1
AES,full_noise_campaign,es_stdp_teacher_off,0,990469789,ES+STDP teacher-free,poisson_excitatory,5.0,0.0,128,0.6572043520864099,0.0380859375,89.20875000000008,6.939598347079491,20,0.01953125,0.8671875,False,False,False,,AES|m0|p1|r1,0,1,1,1344351635,105,145.61801952063576,-145.61801952063576,0.1
AES,full_noise_campaign,es_stdp_teacher_off,0,990469789,ES+STDP teacher-free,poisson_excitatory,10.0,0.0,128,0.6534533069934696,0.0302734375,89.59625000000007,6.985199442033135,16,0.015625,0.875,False,False,False,,AES|m0|p1|r1,0,1,1,226361645,105,145.61801952063576,-145.61801952063576,0.1
AES,full_noise_campaign,es_stdp_teacher_off,0,990469789,ES+STDP teacher-free,poisson_excitatory,25.0,0.0,128,0.6515891749877483,0.04296875,91.33249999999998,7.130339951255995,23,0.0224609375,0.84375,False,False,False,,AES|m0|p1|r1,0,1,1,419458098,105,145.61801952063576,-145.61801952063576,0.1
AES,full_noise_campaign,es_stdp_teacher_off,0,990469789,ES+STDP teacher-free,poisson_excitatory,50.0,0.0,128,0.6531022309791297,0.1025390625,101.41687499999995,7.78754285346313,67,0.0654296875,0.578125,False,False,False,,AES|m0|p1|r1,0,1,1,35427967,105,145.61801952063576,-145.61801952063576,0.1
AES,full_noise_campaign,es_stdp_teacher_off,0,990469789,ES+STDP teacher-free,poisson_excitatory,100.0,0.0,128,0.6505406319629401,0.28125,125.15249999999997,9.190428059261023,173,0.1689453125,0.203125,False,False,False,,AES|m0|p1|r1,0,1,1,1486975444,105,145.61801952063576,-145.61801952063576,0.1
AES,full_noise_campaign,es_stdp_teacher_off,0,990469789,ES+STDP teacher-free,poisson_inhibitory,5.0,0.0,128,0.6533958229701966,0.04296875,89.99125000000006,6.951324680417946,19,0.0185546875,0.859375,False,False,False,,AES|m0|p1|r1,0,1,1,248263461,105,145.61801952063576,-145.61801952063576,0.1
AES,full_noise_campaign,es_stdp_teacher_off,0,990469789,ES+STDP teacher-free,poisson_inhibitory,10.0,0.0,128,0.6526471769902855,0.04296875,90.44312500000004,6.960743257138983,20,0.01953125,0.8515625,False,False,False,,AES|m0|p1|r1,0,1,1,1688612622,105,145.61801952063576,-145.61801952063576,0.1
AES,full_noise_campaign,es_stdp_teacher_off,0,990469789,ES+STDP teacher-free,poisson_inhibitory,25.0,0.0,128,0.6498493778053671,0.0458984375,92.80937500000005,7.060278702977524,25,0.0244140625,0.8203125,False,False,False,,AES|m0|p1|r1,0,1,1,1893221393,105,145.61801952063576,-145.61801952063576,0.1
AES,full_noise_campaign,es_stdp_teacher_off,0,990469789,ES+STDP teacher-free,poisson_inhibitory,50.0,0.0,128,0.6587214609608054,0.0576171875,96.13375000000005,7.240384690140772,30,0.029296875,0.8046875,False,False,False,,AES|m0|p1|r1,0,1,1,1808054750,105,145.61801952063576,-145.61801952063576,0.1
AES,full_noise_campaign,es_stdp_teacher_off,0,990469789,ES+STDP teacher-free,poisson_inhibitory,100.0,0.0,128,0.6580002058763057,0.173828125,100.51000000000005,7.649323221682215,124,0.12109375,0.3359375,False,False,False,,AES|m0|p1|r1,0,1,1,264600466,105,145.61801952063576,-145.61801952063576,0.1
AES,full_noise_campaign,es_stdp_teacher_off,0,990469789,ES+STDP teacher-free,poisson_mixed,5.0,0.0,128,0.643140580970794,0.0419921875,89.2950000000001,6.9274435479784495,21,0.0205078125,0.8515625,False,False,False,,AES|m0|p1|r1,0,1,1,1044468984,105,145.61801952063576,-145.61801952063576,0.1
AES,full_noise_campaign,es_stdp_teacher_off,0,990469789,ES+STDP teacher-free,poisson_mixed,10.0,0.0,128,0.6489726598374546,0.03515625,89.59437500000004,6.943740089041697,18,0.017578125,0.8671875,False,False,False,,AES|m0|p1|r1,0,1,1,1546323636,105,145.61801952063576,-145.61801952063576,0.1
AES,full_noise_campaign,es_stdp_teacher_off,0,990469789,ES+STDP teacher-free,poisson_mixed,25.0,0.0,128,0.6475099099334329,0.041015625,90.72625000000005,7.0062980113213955,19,0.0185546875,0.875,False,False,False,,AES|m0|p1|r1,0,1,1,1213557689,105,145.61801952063576,-145.61801952063576,0.1
AES,full_noise_campaign,es_stdp_teacher_off,0,990469789,ES+STDP teacher-free,poisson_mixed,50.0,0.0,128,0.6498804979491979,0.052734375,92.85875000000007,7.149076678115806,25,0.0244140625,0.8125,False,False,False,,AES|m0|p1|r1,0,1,1,1397330440,105,145.61801952063576,-145.61801952063576,0.1
AES,full_noise_campaign,es_stdp_teacher_off,0,990469789,ES+STDP teacher-free,poisson_mixed,100.0,0.0,128,0.6453056940808892,0.064453125,95.40250000000007,7.29760922144551,31,0.0302734375,0.7734375,False,False,False,,AES|m0|p1|r1,0,1,1,991113190,105,145.61801952063576,-145.61801952063576,0.1
AES,full_noise_campaign,es_stdp_teacher_off,0,1313394918,ES+STDP teacher-free,none,0.0,0.0,128,0.6532891159877181,0.0419921875,87.96624999999997,6.8798733829163385,23,0.0224609375,0.84375,False,False,False,,AES|m0|p2|r0,0,2,0,1632640040,105,145.61801952063576,-145.61801952063576,0.1
AES,full_noise_campaign,es_stdp_teacher_off,0,1313394918,ES+STDP teacher-free,poisson_excitatory,5.0,0.0,128,0.6468063918873668,0.0390625,88.03124999999997,6.896672568155202,24,0.0234375,0.84375,False,False,False,,AES|m0|p2|r0,0,2,0,592684512,105,145.61801952063576,-145.61801952063576,0.1
AES,full_noise_campaign,es_stdp_teacher_off,0,1313394918,ES+STDP teacher-free,poisson_excitatory,10.0,0.0,128,0.6487061358056962,0.0361328125,88.70749999999998,6.955792717676243,23,0.0224609375,0.8359375,False,False,False,,AES|m0|p2|r0,0,2,0,459390202,105,145.61801952063576,-145.61801952063576,0.1
AES,full_noise_campaign,es_stdp_teacher_off,0,1313394918,ES+STDP teacher-free,poisson_excitatory,25.0,0.0,128,0.6618913689162582,0.0341796875,90.52750000000003,7.10546392368928,23,0.0224609375,0.8203125,False,False,False,,AES|m0|p2|r0,0,2,0,253743605,105,145.61801952063576,-145.61801952063576,0.1
AES,full_noise_campaign,es_stdp_teacher_off,0,1313394918,ES+STDP teacher-free,poisson_excitatory,50.0,0.0,128,0.6499919719062746,0.0859375,99.63624999999999,7.719426594525456,56,0.0546875,0.6484375,False,False,False,,AES|m0|p2|r0,0,2,0,335752130,105,145.61801952063576,-145.61801952063576,0.1
AES,full_noise_campaign,es_stdp_teacher_off,0,1313394918,ES+STDP teacher-free,poisson_excitatory,100.0,0.0,128,0.6510034720413387,0.234375,123.94687499999993,9.152652069824033,128,0.125,0.3515625,False,False,False,,AES|m0|p2|r0,0,2,0,1029886019,105,145.61801952063576,-145.61801952063576,0.1
AES,full_noise_campaign,es_stdp_teacher_off,0,1313394918,ES+STDP teacher-free,poisson_inhibitory,5.0,0.0,128,0.6459549888968468,0.04296875,88.79750000000001,6.911685050076827,25,0.0244140625,0.828125,False,False,False,,AES|m0|p2|r0,0,2,0,2109651536,105,145.61801952063576,-145.61801952063576,0.1
AES,full_noise_campaign,es_stdp_teacher_off,0,1313394918,ES+STDP teacher-free,poisson_inhibitory,10.0,0.0,128,0.647696565836668,0.0380859375,89.41124999999998,6.927190078974981,20,0.01953125,0.875,False,False,False,,AES|m0|p2|r0,0,2,0,1924764505,105,145.61801952063576,-145.61801952063576,0.1
AES,full_noise_campaign,es_stdp_teacher_off,0,1313394918,ES+STDP teacher-free,poisson_inhibitory,25.0,0.0,128,0.6483549561817199,0.0458984375,91.95437500000001,7.03678749739765,22,0.021484375,0.84375,False,False,False,,AES|m0|p2|r0,0,2,0,1724382806,105,145.61801952063576,-145.61801952063576,0.1
AES,full_noise_campaign,es_stdp_teacher_off,0,1313394918,ES+STDP teacher-free,poisson_inhibitory,50.0,0.0,128,0.6509196779225022,0.0576171875,94.9925,7.208746894584314,38,0.037109375,0.7421875,False,False,False,,AES|m0|p2|r0,0,2,0,2111505571,105,145.61801952063576,-145.61801952063576,0.1
AES,full_noise_campaign,es_stdp_teacher_off,0,1313394918,ES+STDP teacher-free,poisson_inhibitory,100.0,0.0,128,0.6493862960487604,0.1513671875,99.61124999999998,7.607903906512093,115,0.1123046875,0.3671875,False,False,False,,AES|m0|p2|r0,0,2,0,1778834179,105,145.61801952063576,-145.61801952063576,0.1
AES,full_noise_campaign,es_stdp_teacher_off,0,1313394918,ES+STDP teacher-free,poisson_mixed,5.0,0.0,128,0.6477257781662047,0.0458984375,88.43812499999997,6.9004305086846545,28,0.02734375,0.8046875,False,False,False,,AES|m0|p2|r0,0,2,0,314398368,105,145.61801952063576,-145.61801952063576,0.1
AES,full_noise_campaign,es_stdp_teacher_off,0,1313394918,ES+STDP teacher-free,poisson_mixed,10.0,0.0,128,0.6591081530787051,0.0390625,88.81749999999998,6.926080473300883,21,0.0205078125,0.8671875,False,False,False,,AES|m0|p2|r0,0,2,0,3444918,105,145.61801952063576,-145.61801952063576,0.1
AES,full_noise_campaign,es_stdp_teacher_off,0,1313394918,ES+STDP teacher-free,poisson_mixed,25.0,0.0,128,0.664351788116619,0.0341796875,89.551875,6.970824691248351,19,0.0185546875,0.8671875,False,False,False,,AES|m0|p2|r0,0,2,0,340458931,105,145.61801952063576,-145.61801952063576,0.1
AES,full_noise_campaign,es_stdp_teacher_off,0,1313394918,ES+STDP teacher-free,poisson_mixed,50.0,0.0,128,0.6437788649927825,0.037109375,91.45562500000001,7.083885952247487,19,0.0185546875,0.8515625,False,False,False,,AES|m0|p2|r0,0,2,0,257296390,105,145.61801952063576,-145.61801952063576,0.1
AES,full_noise_campaign,es_stdp_teacher_off,0,1313394918,ES+STDP teacher-free,poisson_mixed,100.0,0.0,128,0.6485112921800464,0.052734375,94.55687499999999,7.275171458445957,28,0.02734375,0.796875,False,False,False,,AES|m0|p2|r0,0,2,0,1378653514,105,145.61801952063576,-145.61801952063576,0.1
AES,full_noise_campaign,es_stdp_teacher_off,0,961536084,ES+STDP teacher-free,none,0.0,0.0,128,0.6465104250237346,0.0419921875,87.96624999999997,6.8798733829163385,23,0.0224609375,0.84375,False,False,False,,AES|m0|p2|r1,0,2,1,244478187,105,145.61801952063576,-145.61801952063576,0.1
AES,full_noise_campaign,es_stdp_teacher_off,0,961536084,ES+STDP teacher-free,poisson_excitatory,5.0,0.0,128,0.6488190069794655,0.0380859375,87.93749999999997,6.890305459886579,24,0.0234375,0.828125,False,False,False,,AES|m0|p2|r1,0,2,1,578207932,105,145.61801952063576,-145.61801952063576,0.1
AES,full_noise_campaign,es_stdp_teacher_off,0,961536084,ES+STDP teacher-free,poisson_excitatory,10.0,0.0,128,0.6493433259893209,0.03515625,88.52625,6.941816319029149,14,0.013671875,0.8984375,False,False,False,,AES|m0|p2|r1,0,2,1,1055534315,105,145.61801952063576,-145.61801952063576,0.1
AES,full_noise_campaign,es_stdp_teacher_off,0,961536084,ES+STDP teacher-free,poisson_excitatory,25.0,0.0,128,0.6449163490906358,0.0478515625,91.95187499999997,7.194839224653421,27,0.0263671875,0.8125,False,False,False,,AES|m0|p2|r1,0,2,1,714359278,105,145.61801952063576,-145.61801952063576,0.1
AES,full_noise_campaign,es_stdp_teacher_off,0,961536084,ES+STDP teacher-free,poisson_excitatory,50.0,0.0,128,0.6471413038671017,0.0791015625,99.048125,7.672714945758285,53,0.0517578125,0.6640625,False,False,False,,AES|m0|p2|r1,0,2,1,831044545,105,145.61801952063576,-145.61801952063576,0.1
AES,full_noise_campaign,es_stdp_teacher_off,0,961536084,ES+STDP teacher-free,poisson_excitatory,100.0,0.0,128,0.651953395921737,0.275390625,125.83062499999993,9.263169053848014,164,0.16015625,0.25,False,True,False,,AES|m0|p2|r1,0,2,1,1518302905,105,145.61801952063576,-145.61801952063576,0.1
AES,full_noise_campaign,es_stdp_teacher_off,0,961536084,ES+STDP teacher-free,poisson_inhibitory,5.0,0.0,128,0.6472717279102653,0.04296875,88.914375,6.914853797947183,24,0.0234375,0.8359375,False,False,False,,AES|m0|p2|r1,0,2,1,2090589996,105,145.61801952063576,-145.61801952063576,0.1
AES,full_noise_campaign,es_stdp_teacher_off,0,961536084,ES+STDP teacher-free,poisson_inhibitory,10.0,0.0,128,0.6472371208947152,0.0419921875,89.53062500000003,6.942380089711185,24,0.0234375,0.828125,False,False,False,,AES|m0|p2|r1,0,2,1,1462895434,105,145.61801952063576,-145.61801952063576,0.1
AES,full_noise_campaign,es_stdp_teacher_off,0,961536084,ES+STDP teacher-free,poisson_inhibitory,25.0,0.0,128,0.6642937699798495,0.0419921875,91.634375,7.026887898432094,28,0.02734375,0.8125,False,False,False,,AES|m0|p2|r1,0,2,1,1129082447,105,145.61801952063576,-145.61801952063576,0.1
AES,full_noise_campaign,es_stdp_teacher_off,0,961536084,ES+STDP teacher-free,poisson_inhibitory,50.0,0.0,128,0.6529509101528674,0.05078125,95.12187500000002,7.197635381432939,31,0.0302734375,0.796875,False,False,False,,AES|m0|p2|r1,0,2,1,1481675938,105,145.61801952063576,-145.61801952063576,0.1
AES,full_noise_campaign,es_stdp_teacher_off,0,961536084,ES+STDP teacher-free,poisson_inhibitory,100.0,0.0,128,0.6498947020154446,0.16015625,100.096875,7.625828100655772,113,0.1103515625,0.4453125,False,False,False,,AES|m0|p2|r1,0,2,1,219905145,105,145.61801952063576,-145.61801952063576,0.1
AES,full_noise_campaign,es_stdp_teacher_off,0,961536084,ES+STDP teacher-free,poisson_mixed,5.0,0.0,128,0.6522434449288994,0.0419921875,88.33625000000004,6.89935445649471,24,0.0234375,0.8203125,False,False,False,,AES|m0|p2|r1,0,2,1,1163908697,105,145.61801952063576,-145.61801952063576,0.1
AES,full_noise_campaign,es_stdp_teacher_off,0,961536084,ES+STDP teacher-free,poisson_mixed,10.0,0.0,128,0.6513444378506392,0.0380859375,88.82874999999999,6.929841478762166,25,0.0244140625,0.8046875,False,False,False,,AES|m0|p2|r1,0,2,1,1699982324,105,145.61801952063576,-145.61801952063576,0.1
AES,full_noise_campaign,es_stdp_teacher_off,0,961536084,ES+STDP teacher-free,poisson_mixed,25.0,0.0,128,0.6526233910117298,0.0341796875,89.98499999999999,6.9979741182973765,18,0.017578125,0.8671875,False,False,False,,AES|m0|p2|r1,0,2,1,1898825465,105,145.61801952063576,-145.61801952063576,0.1
AES,full_noise_campaign,es_stdp_teacher_off,0,961536084,ES+STDP teacher-free,poisson_mixed,50.0,0.0,128,0.6502835520077497,0.04296875,91.97749999999999,7.098042453463568,22,0.021484375,0.8515625,False,False,False,,AES|m0|p2|r1,0,2,1,1781611720,105,145.61801952063576,-145.61801952063576,0.1
AES,full_noise_campaign,es_stdp_teacher_off,0,961536084,ES+STDP teacher-free,poisson_mixed,100.0,0.0,128,0.6530420461203903,0.0517578125,95.16250000000002,7.318361863167695,31,0.0302734375,0.78125,False,False,False,,AES|m0|p2|r1,0,2,1,1307973291,105,145.61801952063576,-145.61801952063576,0.1
AES,full_noise_campaign,es_stdp_teacher_off,0,1334491829,ES+STDP teacher-free,none,0.0,0.0,128,0.6717183869332075,0.048828125,88.50250000000001,6.911102116555405,23,0.0224609375,0.8203125,False,False,False,,AES|m0|p3|r0,0,3,0,2062899132,105,145.61801952063576,-145.61801952063576,0.1
AES,full_noise_campaign,es_stdp_teacher_off,0,1334491829,ES+STDP teacher-free,poisson_excitatory,5.0,0.0,128,0.6439091260544956,0.0380859375,88.500625,6.922905534807487,20,0.01953125,0.84375,False,False,False,,AES|m0|p3|r0,0,3,0,1145963340,105,145.61801952063576,-145.61801952063576,0.1
AES,full_noise_campaign,es_stdp_teacher_off,0,1334491829,ES+STDP teacher-free,poisson_excitatory,10.0,0.0,128,0.6487734098918736,0.0361328125,88.24000000000001,6.928610719170395,18,0.017578125,0.875,False,False,False,,AES|m0|p3|r0,0,3,0,1978509241,105,145.61801952063576,-145.61801952063576,0.1
AES,full_noise_campaign,es_stdp_teacher_off,0,1334491829,ES+STDP teacher-free,poisson_excitatory,25.0,0.0,128,0.6462986310943961,0.0380859375,90.73312499999996,7.1104444402448586,17,0.0166015625,0.8671875,False,False,False,,AES|m0|p3|r0,0,3,0,1637075638,105,145.61801952063576,-145.61801952063576,0.1
AES,full_noise_campaign,es_stdp_teacher_off,0,1334491829,ES+STDP teacher-free,poisson_excitatory,50.0,0.0,128,0.6461636971216649,0.1064453125,99.98062499999997,7.720583771575608,55,0.0537109375,0.65625,False,False,False,,AES|m0|p3|r0,0,3,0,2056204547,105,145.61801952063576,-145.61801952063576,0.1
AES,full_noise_campaign,es_stdp_teacher_off,0,1334491829,ES+STDP teacher-free,poisson_excitatory,100.0,0.0,128,0.6499624950811267,0.23828125,123.81874999999995,9.153658755477455,138,0.134765625,0.3046875,False,False,False,,AES|m0|p3|r0,0,3,0,1020734766,105,145.61801952063576,-145.61801952063576,0.1
AES,full_noise_campaign,es_stdp_teacher_off,0,1334491829,ES+STDP teacher-free,poisson_inhibitory,5.0,0.0,128,0.6548528738785535,0.0439453125,89.03062500000001,6.919634471847523,20,0.01953125,0.84375,False,False,False,,AES|m0|p3|r0,0,3,0,446897372,105,145.61801952063576,-145.61801952063576,0.1
AES,full_noise_campaign,es_stdp_teacher_off,0,1334491829,ES+STDP teacher-free,poisson_inhibitory,10.0,0.0,128,0.6488512980286032,0.041015625,89.77562499999999,6.9559482327635305,18,0.017578125,0.859375,False,False,False,,AES|m0|p3|r0,0,3,0,473270426,105,145.61801952063576,-145.61801952063576,0.1
AES,full_noise_campaign,es_stdp_teacher_off,0,1334491829,ES+STDP teacher-free,poisson_inhibitory,25.0,0.0,128,0.6603848140221089,0.0419921875,91.83500000000001,7.0296954370588125,23,0.0224609375,0.8203125,False,False,False,,AES|m0|p3|r0,0,3,0,139191701,105,145.61801952063576,-145.61801952063576,0.1
AES,full_noise_campaign,es_stdp_teacher_off,0,1334491829,ES+STDP teacher-free,poisson_inhibitory,50.0,0.0,128,0.6571088440250605,0.056640625,95.21187499999999,7.2158773604308895,27,0.0263671875,0.8046875,False,False,False,,AES|m0|p3|r0,0,3,0,324476770,105,145.61801952063576,-145.61801952063576,0.1
AES,full_noise_campaign,es_stdp_teacher_off,0,1334491829,ES+STDP teacher-free,poisson_inhibitory,100.0,0.0,128,0.6550047311466187,0.173828125,100.23875000000001,7.658429949470759,123,0.1201171875,0.328125,False,False,False,,AES|m0|p3|r0,0,3,0,1806903280,105,145.61801952063576,-145.61801952063576,0.1
AES,full_noise_campaign,es_stdp_teacher_off,0,1334491829,ES+STDP teacher-free,poisson_mixed,5.0,0.0,128,0.6499612270854414,0.0400390625,88.68874999999997,6.921967924125979,18,0.017578125,0.859375,False,False,False,,AES|m0|p3|r0,0,3,0,224908819,105,145.61801952063576,-145.61801952063576,0.1
AES,full_noise_campaign,es_stdp_teacher_off,0,1334491829,ES+STDP teacher-free,poisson_mixed,10.0,0.0,128,0.6488996159750968,0.037109375,88.74062499999997,6.919875123791221,21,0.0205078125,0.8359375,False,False,False,,AES|m0|p3|r0,0,3,0,387773558,105,145.61801952063576,-145.61801952063576,0.1
AES,full_noise_campaign,es_stdp_teacher_off,0,1334491829,ES+STDP teacher-free,poisson_mixed,25.0,0.0,128,0.6458061321172863,0.0361328125,89.67562500000003,6.973794314555566,14,0.013671875,0.890625,False,False,False,,AES|m0|p3|r0,0,3,0,56793459,105,145.61801952063576,-145.61801952063576,0.1
AES,full_noise_campaign,es_stdp_teacher_off,0,1334491829,ES+STDP teacher-free,poisson_mixed,50.0,0.0,128,0.6511046448722482,0.044921875,92.14625000000008,7.11501786023627,19,0.0185546875,0.8515625,False,False,False,,AES|m0|p3|r0,0,3,0,410936134,105,145.61801952063576,-145.61801952063576,0.1
AES,full_noise_campaign,es_stdp_teacher_off,0,1334491829,ES+STDP teacher-free,poisson_mixed,100.0,0.0,128,0.6577504449523985,0.05078125,94.45875000000002,7.278613227623978,28,0.02734375,0.8046875,False,False,False,,AES|m0|p3|r0,0,3,0,1230995445,105,145.61801952063576,-145.61801952063576,0.1
AES,full_noise_campaign,es_stdp_teacher_off,0,948800071,ES+STDP teacher-free,none,0.0,0.0,128,0.6528322929516435,0.048828125,88.50250000000001,6.911102116555405,23,0.0224609375,0.8203125,False,False,False,,AES|m0|p3|r1,0,3,1,355941593,105,145.61801952063576,-145.61801952063576,0.1
AES,full_noise_campaign,es_stdp_teacher_off,0,948800071,ES+STDP teacher-free,poisson_excitatory,5.0,0.0,128,0.6507162328343838,0.041015625,88.68312500000003,6.927034286506394,19,0.0185546875,0.8515625,False,False,False,,AES|m0|p3|r1,0,3,1,1164666416,105,145.61801952063576,-145.61801952063576,0.1
AES,full_noise_campaign,es_stdp_teacher_off,0,948800071,ES+STDP teacher-free,poisson_excitatory,10.0,0.0,128,0.6548329191282392,0.0400390625,88.57874999999999,6.939014176784273,18,0.017578125,0.859375,False,False,False,,AES|m0|p3|r1,0,3,1,1348876202,105,145.61801952063576,-145.61801952063576,0.1
AES,full_noise_campaign,es_stdp_teacher_off,0,948800071,ES+STDP teacher-free,poisson_excitatory,25.0,0.0,128,0.6514361419249326,0.0419921875,91.03624999999997,7.129999709322609,17,0.0166015625,0.875,False,False,False,,AES|m0|p3|r1,0,3,1,1142446767,105,145.61801952063576,-145.61801952063576,0.1
AES,full_noise_campaign,es_stdp_teacher_off,0,948800071,ES+STDP teacher-free,poisson_excitatory,50.0,0.0,128,0.651701551862061,0.09375,99.28562500000001,7.680170459234485,61,0.0595703125,0.6015625,False,False,False,,AES|m0|p3|r1,0,3,1,1594138882,105,145.61801952063576,-145.61801952063576,0.1
AES,full_noise_campaign,es_stdp_teacher_off,0,948800071,ES+STDP teacher-free,poisson_excitatory,100.0,0.0,128,0.6523926970548928,0.2705078125,126.79499999999989,9.285316985958854,169,0.1650390625,0.234375,False,False,False,,AES|m0|p3|r1,0,3,1,1540000702,105,145.61801952063576,-145.61801952063576,0.1
AES,full_noise_campaign,es_stdp_teacher_off,0,948800071,ES+STDP teacher-free,poisson_inhibitory,5.0,0.0,128,0.6511172670871019,0.044921875,89.35125000000002,6.939379609013397,21,0.0205078125,0.84375,False,False,False,,AES|m0|p3|r1,0,3,1,461797824,105,145.61801952063576,-145.61801952063576,0.1
AES,full_noise_campaign,es_stdp_teacher_off,0,948800071,ES+STDP teacher-free,poisson_inhibitory,10.0,0.0,128,0.6534451069310308,0.046875,89.82687500000003,6.957773278785991,20,0.01953125,0.859375,False,False,False,,AES|m0|p3|r1,0,3,1,968759435,105,145.61801952063576,-145.61801952063576,0.1
AES,full_noise_campaign,es_stdp_teacher_off,0,948800071,ES+STDP teacher-free,poisson_inhibitory,25.0,0.0,128,0.6519763730466366,0.0458984375,91.89999999999999,7.039368762008254,20,0.01953125,0.8515625,False,False,False,,AES|m0|p3|r1,0,3,1,767587726,105,145.61801952063576,-145.61801952063576,0.1
AES,full_noise_campaign,es_stdp_teacher_off,0,948800071,ES+STDP teacher-free,poisson_inhibitory,50.0,0.0,128,0.6492359498515725,0.0654296875,95.09875000000005,7.2067907838698355,32,0.03125,0.765625,False,False,False,,AES|m0|p3|r1,0,3,1,920424289,105,145.61801952063576,-145.61801952063576,0.1
AES,full_noise_campaign,es_stdp_teacher_off,0,948800071,ES+STDP teacher-free,poisson_inhibitory,100.0,0.0,128,0.6514280920382589,0.15625,100.51062499999998,7.652715491976407,122,0.119140625,0.359375,False,False,False,,AES|m0|p3|r1,0,3,1,212763004,105,145.61801952063576,-145.61801952063576,0.1
AES,full_noise_campaign,es_stdp_teacher_off,0,948800071,ES+STDP teacher-free,poisson_mixed,5.0,0.0,128,0.6622643789742142,0.0380859375,88.39312500000003,6.903965416069547,16,0.015625,0.875,False,False,False,,AES|m0|p3|r1,0,3,1,1518687706,105,145.61801952063576,-145.61801952063576,0.1
AES,full_noise_campaign,es_stdp_teacher_off,0,948800071,ES+STDP teacher-free,poisson_mixed,10.0,0.0,128,0.6590524008497596,0.041015625,88.88125000000002,6.926062659634009,18,0.017578125,0.859375,False,False,False,,AES|m0|p3|r1,0,3,1,1920716596,105,145.61801952063576,-145.61801952063576,0.1
AES,full_noise_campaign,es_stdp_teacher_off,0,948800071,ES+STDP teacher-free,poisson_mixed,25.0,0.0,128,0.6576516029890627,0.037109375,89.80125000000002,6.979909481542808,20,0.01953125,0.8515625,False,False,False,,AES|m0|p3|r1,0,3,1,1711645241,105,145.61801952063576,-145.61801952063576,0.1
AES,full_noise_campaign,es_stdp_teacher_off,0,948800071,ES+STDP teacher-free,poisson_mixed,50.0,0.0,128,0.6525132961105555,0.0419921875,92.17249999999997,7.113316837962769,17,0.0166015625,0.875,False,False,False,,AES|m0|p3|r1,0,3,1,2098813064,105,145.61801952063576,-145.61801952063576,0.1
AES,full_noise_campaign,es_stdp_teacher_off,0,948800071,ES+STDP teacher-free,poisson_mixed,100.0,0.0,128,0.654467660933733,0.0517578125,96.06749999999998,7.3657508161305705,27,0.0263671875,0.8203125,False,False,False,,AES|m0|p3|r1,0,3,1,1451621504,105,145.61801952063576,-145.61801952063576,0.1
AES,full_noise_campaign,es_stdp_teacher_off,1,1890332044,ES+STDP teacher-free,none,0.0,0.0,128,0.6496273949742317,0.048828125,88.62374999999997,6.913122167121228,26,0.025390625,0.8125,False,False,False,,AES|m1|p0|r0,1,0,0,275014721,105,145.61801952063576,-145.61801952063576,0.1
AES,full_noise_campaign,es_stdp_teacher_off,1,1890332044,ES+STDP teacher-free,poisson_excitatory,5.0,0.0,128,0.6478968919254839,0.0390625,88.28437499999998,6.902591809732445,20,0.01953125,0.8515625,False,False,False,,AES|m1|p0|r0,1,0,0,934024174,105,145.61801952063576,-145.61801952063576,0.1
AES,full_noise_campaign,es_stdp_teacher_off,1,1890332044,ES+STDP teacher-free,poisson_excitatory,10.0,0.0,128,0.6542869319673628,0.0419921875,88.99499999999998,6.962295364753144,23,0.0224609375,0.828125,False,False,False,,AES|m1|p0|r0,1,0,0,629035923,105,145.61801952063576,-145.61801952063576,0.1
AES,full_noise_campaign,es_stdp_teacher_off,1,1890332044,ES+STDP teacher-free,poisson_excitatory,25.0,0.0,128,0.6576288910582662,0.044921875,91.60999999999996,7.161293762170697,28,0.02734375,0.78125,False,False,False,,AES|m1|p0|r0,1,0,0,822099606,105,145.61801952063576,-145.61801952063576,0.1
AES,full_noise_campaign,es_stdp_teacher_off,1,1890332044,ES+STDP teacher-free,poisson_excitatory,50.0,0.0,128,0.6561811289284378,0.11328125,100.78562500000001,7.74647980862442,68,0.06640625,0.59375,False,False,False,,AES|m1|p0|r0,1,0,0,706528361,105,145.61801952063576,-145.61801952063576,0.1
AES,full_noise_campaign,es_stdp_teacher_off,1,1890332044,ES+STDP teacher-free,poisson_excitatory,100.0,0.0,128,0.6619010239373893,0.265625,124.30124999999995,9.152030256413918,146,0.142578125,0.296875,False,False,False,,AES|m1|p0|r0,1,0,0,40487253,105,145.61801952063576,-145.61801952063576,0.1
AES,full_noise_campaign,es_stdp_teacher_off,1,1890332044,ES+STDP teacher-free,poisson_inhibitory,5.0,0.0,128,0.6485237579327077,0.0458984375,89.71374999999995,6.959736336032649,24,0.0234375,0.8203125,False,False,False,,AES|m1|p0|r0,1,0,0,1765870722,105,145.61801952063576,-145.61801952063576,0.1
AES,full_noise_campaign,es_stdp_teacher_off,1,1890332044,ES+STDP teacher-free,poisson_inhibitory,10.0,0.0,128,0.6528076319955289,0.0458984375,89.99687499999993,6.959872931312402,26,0.025390625,0.8125,False,False,False,,AES|m1|p0|r0,1,0,0,1285979314,105,145.61801952063576,-145.61801952063576,0.1
AES,full_noise_campaign,es_stdp_teacher_off,1,1890332044,ES+STDP teacher-free,poisson_inhibitory,25.0,0.0,128,0.6483261960092932,0.0537109375,92.17249999999999,7.043790817355097,29,0.0283203125,0.7890625,False,False,False,,AES|m1|p0|r0,1,0,0,1490555319,105,145.61801952063576,-145.61801952063576,0.1
AES,full_noise_campaign,es_stdp_teacher_off,1,1890332044,ES+STDP teacher-free,poisson_inhibitory,50.0,0.0,128,0.6484943218529224,0.0625,95.49687499999996,7.230377237125264,32,0.03125,0.78125,False,False,False,,AES|m1|p0|r0,1,0,0,1136978954,105,145.61801952063576,-145.61801952063576,0.1
AES,full_noise_campaign,es_stdp_teacher_off,1,1890332044,ES+STDP teacher-free,poisson_inhibitory,100.0,0.0,128,0.6489507150836289,0.171875,100.01750000000001,7.643226536683681,118,0.115234375,0.421875,False,False,False,,AES|m1|p0|r0,1,0,0,1426965525,105,145.61801952063576,-145.61801952063576,0.1
AES,full_noise_campaign,es_stdp_teacher_off,1,1890332044,ES+STDP teacher-free,poisson_mixed,5.0,0.0,128,0.6512597189284861,0.046875,88.89437499999998,6.929913311619281,25,0.0244140625,0.8125,False,False,False,,AES|m1|p0|r0,1,0,0,1829420553,105,145.61801952063576,-145.61801952063576,0.1
AES,full_noise_campaign,es_stdp_teacher_off,1,1890332044,ES+STDP teacher-free,poisson_mixed,10.0,0.0,128,0.649390425067395,0.0390625,89.12624999999998,6.935910132611179,19,0.0185546875,0.8515625,False,False,False,,AES|m1|p0|r0,1,0,0,792804438,105,145.61801952063576,-145.61801952063576,0.1
AES,full_noise_campaign,es_stdp_teacher_off,1,1890332044,ES+STDP teacher-free,poisson_mixed,25.0,0.0,128,0.6512506599538028,0.0361328125,90.01562500000007,6.992016836405548,22,0.021484375,0.84375,False,False,False,,AES|m1|p0|r0,1,0,0,994005337,105,145.61801952063576,-145.61801952063576,0.1
AES,full_noise_campaign,es_stdp_teacher_off,1,1890332044,ES+STDP teacher-free,poisson_mixed,50.0,0.0,128,0.6559646448586136,0.03515625,91.53437500000001,7.085894978162539,19,0.0185546875,0.859375,False,False,False,,AES|m1|p0|r0,1,0,0,539208614,105,145.61801952063576,-145.61801952063576,0.1
AES,full_noise_campaign,es_stdp_teacher_off,1,1890332044,ES+STDP teacher-free,poisson_mixed,100.0,0.0,128,0.6502033032011241,0.0517578125,95.06999999999996,7.299455175399103,28,0.02734375,0.7890625,False,False,False,,AES|m1|p0|r0,1,0,0,439473955,105,145.61801952063576,-145.61801952063576,0.1
AES,full_noise_campaign,es_stdp_teacher_off,1,128654878,ES+STDP teacher-free,none,0.0,0.0,128,0.6587726348079741,0.048828125,88.62374999999997,6.913122167121228,26,0.025390625,0.8125,False,False,False,,AES|m1|p0|r1,1,0,1,2141589332,105,145.61801952063576,-145.61801952063576,0.1
AES,full_noise_campaign,es_stdp_teacher_off,1,128654878,ES+STDP teacher-free,poisson_excitatory,5.0,0.0,128,0.6539432730060071,0.0419921875,88.80812500000002,6.933194604225506,23,0.0224609375,0.828125,False,False,False,,AES|m1|p0|r1,1,0,1,914978574,105,145.61801952063576,-145.61801952063576,0.1
AES,full_noise_campaign,es_stdp_teacher_off,1,128654878,ES+STDP teacher-free,poisson_excitatory,10.0,0.0,128,0.6489676770288497,0.0390625,89.30625,6.977978348785777,18,0.017578125,0.8671875,False,False,False,,AES|m1|p0|r1,1,0,1,16106386,105,145.61801952063576,-145.61801952063576,0.1
AES,full_noise_campaign,es_stdp_teacher_off,1,128654878,ES+STDP teacher-free,poisson_excitatory,25.0,0.0,128,0.6530731380917132,0.048828125,92.23999999999995,7.198151286488723,29,0.0283203125,0.8125,False,False,False,,AES|m1|p0|r1,1,0,1,344698509,105,145.61801952063576,-145.61801952063576,0.1
AES,full_noise_campaign,es_stdp_teacher_off,1,128654878,ES+STDP teacher-free,poisson_excitatory,50.0,0.0,128,0.6512538329698145,0.099609375,100.01437499999992,7.723249357312659,63,0.0615234375,0.609375,False,False,False,,AES|m1|p0|r1,1,0,1,261575770,105,145.61801952063576,-145.61801952063576,0.1
AES,full_noise_campaign,es_stdp_teacher_off,1,128654878,ES+STDP teacher-free,poisson_excitatory,100.0,0.0,128,0.6485562201123685,0.2880859375,125.92687499999995,9.252111663276414,174,0.169921875,0.296875,False,False,False,,AES|m1|p0|r1,1,0,1,1702129639,105,145.61801952063576,-145.61801952063576,0.1
AES,full_noise_campaign,es_stdp_teacher_off,1,128654878,ES+STDP teacher-free,poisson_inhibitory,5.0,0.0,128,0.6511486750096083,0.048828125,89.68687499999997,6.954951836352263,25,0.0244140625,0.8203125,False,False,False,,AES|m1|p0|r1,1,0,1,1751411098,105,145.61801952063576,-145.61801952063576,0.1
AES,full_noise_campaign,es_stdp_teacher_off,1,128654878,ES+STDP teacher-free,poisson_inhibitory,10.0,0.0,128,0.6642095819115639,0.046875,89.99874999999997,6.958509673251539,20,0.01953125,0.8515625,False,False,False,,AES|m1|p0|r1,1,0,1,1764617393,105,145.61801952063576,-145.61801952063576,0.1
AES,full_noise_campaign,es_stdp_teacher_off,1,128654878,ES+STDP teacher-free,poisson_inhibitory,25.0,0.0,128,0.6627080449834466,0.046875,92.00937500000003,7.043635691151586,25,0.0244140625,0.8203125,False,False,False,,AES|m1|p0|r1,1,0,1,2102624686,105,145.61801952063576,-145.61801952063576,0.1
AES,full_noise_campaign,es_stdp_teacher_off,1,128654878,ES+STDP teacher-free,poisson_inhibitory,50.0,0.0,128,0.6440117841120809,0.05859375,95.42062500000003,7.222866290640724,34,0.033203125,0.7734375,False,False,False,,AES|m1|p0|r1,1,0,1,1716485115,105,145.61801952063576,-145.61801952063576,0.1
AES,full_noise_campaign,es_stdp_teacher_off,1,128654878,ES+STDP teacher-free,poisson_inhibitory,100.0,0.0,128,0.6554878619499505,0.16796875,99.88312499999995,7.623583801656918,119,0.1162109375,0.375,False,False,False,,AES|m1|p0|r1,1,0,1,839935399,105,145.61801952063576,-145.61801952063576,0.1
AES,full_noise_campaign,es_stdp_teacher_off,1,128654878,ES+STDP teacher-free,poisson_mixed,5.0,0.0,128,0.6565191019326448,0.044921875,88.86374999999998,6.923592682315402,23,0.0224609375,0.8359375,False,False,False,,AES|m1|p0|r1,1,0,1,988298674,105,145.61801952063576,-145.61801952063576,0.1
AES,full_noise_campaign,es_stdp_teacher_off,1,128654878,ES+STDP teacher-free,poisson_mixed,10.0,0.0,128,0.6429856480099261,0.0390625,88.95499999999998,6.932014724331113,18,0.017578125,0.8671875,False,False,False,,AES|m1|p0|r1,1,0,1,1244006296,105,145.61801952063576,-145.61801952063576,0.1
AES,full_noise_campaign,es_stdp_teacher_off,1,128654878,ES+STDP teacher-free,poisson_mixed,25.0,0.0,128,0.6447219210676849,0.0390625,90.48562500000006,7.016327715124486,24,0.0234375,0.8125,False,False,False,,AES|m1|p0|r1,1,0,1,1582852755,105,145.61801952063576,-145.61801952063576,0.1
AES,full_noise_campaign,es_stdp_teacher_off,1,128654878,ES+STDP teacher-free,poisson_mixed,50.0,0.0,128,0.6496811190154403,0.0439453125,92.58875000000005,7.147074911032911,25,0.0244140625,0.8203125,False,False,False,,AES|m1|p0|r1,1,0,1,1162121316,105,145.61801952063576,-145.61801952063576,0.1
AES,full_noise_campaign,es_stdp_teacher_off,1,128654878,ES+STDP teacher-free,poisson_mixed,100.0,0.0,128,0.6482349741272628,0.0595703125,96.09937499999995,7.349847211529729,29,0.0283203125,0.796875,False,False,False,,AES|m1|p0|r1,1,0,1,99308944,105,145.61801952063576,-145.61801952063576,0.1
AES,full_noise_campaign,es_stdp_teacher_off,1,1903052671,ES+STDP teacher-free,none,0.0,0.0,128,0.6540845860727131,0.0439453125,89.29375000000005,6.928870542435101,23,0.0224609375,0.8359375,False,False,False,,AES|m1|p1|r0,1,1,0,197208227,105,145.61801952063576,-145.61801952063576,0.1
AES,full_noise_campaign,es_stdp_teacher_off,1,1903052671,ES+STDP teacher-free,poisson_excitatory,5.0,0.0,128,0.6489592869766057,0.037109375,89.32187500000006,6.947165065864889,17,0.0166015625,0.875,False,False,False,,AES|m1|p1|r0,1,1,0,1353823614,105,145.61801952063576,-145.61801952063576,0.1
AES,full_noise_campaign,es_stdp_teacher_off,1,1903052671,ES+STDP teacher-free,poisson_excitatory,10.0,0.0,128,0.6493131760507822,0.037109375,89.08062500000005,6.948271032688065,22,0.021484375,0.84375,False,False,False,,AES|m1|p1|r0,1,1,0,1274169426,105,145.61801952063576,-145.61801952063576,0.1
AES,full_noise_campaign,es_stdp_teacher_off,1,1903052671,ES+STDP teacher-free,poisson_excitatory,25.0,0.0,128,0.6505463188514113,0.0458984375,91.57312500000003,7.145892480665838,23,0.0224609375,0.8203125,False,False,False,,AES|m1|p1|r0,1,1,0,1603020119,105,145.61801952063576,-145.61801952063576,0.1
AES,full_noise_campaign,es_stdp_teacher_off,1,1903052671,ES+STDP teacher-free,poisson_excitatory,50.0,0.0,128,0.6470854659564793,0.099609375,99.483125,7.680532907197441,54,0.052734375,0.6328125,False,False,False,,AES|m1|p1|r0,1,1,0,1150345130,105,145.61801952063576,-145.61801952063576,0.1
AES,full_noise_campaign,es_stdp_teacher_off,1,1903052671,ES+STDP teacher-free,poisson_excitatory,100.0,0.0,128,0.6484208200126886,0.279296875,125.3056249999999,9.200814911745283,165,0.1611328125,0.265625,False,False,False,,AES|m1|p1|r0,1,1,0,64762976,105,145.61801952063576,-145.61801952063576,0.1
AES,full_noise_campaign,es_stdp_teacher_off,1,1903052671,ES+STDP teacher-free,poisson_inhibitory,5.0,0.0,128,0.6488741380162537,0.0419921875,89.91000000000003,6.94460102427922,20,0.01953125,0.859375,False,False,False,,AES|m1|p1|r0,1,1,0,240954090,105,145.61801952063576,-145.61801952063576,0.1
AES,full_noise_campaign,es_stdp_teacher_off,1,1903052671,ES+STDP teacher-free,poisson_inhibitory,10.0,0.0,128,0.649751354008913,0.0458984375,90.63562500000002,6.970297176510467,22,0.021484375,0.828125,False,False,False,,AES|m1|p1|r0,1,1,0,573204467,105,145.61801952063576,-145.61801952063576,0.1
AES,full_noise_campaign,es_stdp_teacher_off,1,1903052671,ES+STDP teacher-free,poisson_inhibitory,25.0,0.0,128,0.6468134329188615,0.0439453125,92.51062500000006,7.0396230538144415,17,0.0166015625,0.8671875,False,False,False,,AES|m1|p1|r0,1,1,0,911477494,105,145.61801952063576,-145.61801952063576,0.1
AES,full_noise_campaign,es_stdp_teacher_off,1,1903052671,ES+STDP teacher-free,poisson_inhibitory,50.0,0.0,128,0.6451866149436682,0.048828125,96.07687500000002,7.233212111893663,31,0.0302734375,0.7890625,False,False,False,,AES|m1|p1|r0,1,1,0,759754953,105,145.61801952063576,-145.61801952063576,0.1
AES,full_noise_campaign,es_stdp_teacher_off,1,1903052671,ES+STDP teacher-free,poisson_inhibitory,100.0,0.0,128,0.6470251390710473,0.1826171875,101.87749999999997,7.717285444515498,133,0.1298828125,0.28125,False,False,False,,AES|m1|p1|r0,1,1,0,1421360930,105,145.61801952063576,-145.61801952063576,0.1
AES,full_noise_campaign,es_stdp_teacher_off,1,1903052671,ES+STDP teacher-free,poisson_mixed,5.0,0.0,128,0.6568154878914356,0.0458984375,89.66687500000006,6.9466011843855515,26,0.025390625,0.8125,False,False,False,,AES|m1|p1|r0,1,1,0,1926250092,105,145.61801952063576,-145.61801952063576,0.1
AES,full_noise_campaign,es_stdp_teacher_off,1,1903052671,ES+STDP teacher-free,poisson_mixed,10.0,0.0,128,0.649875489063561,0.0400390625,89.64312500000005,6.952397826774783,21,0.0205078125,0.84375,False,False,False,,AES|m1|p1|r0,1,1,0,946428182,105,145.61801952063576,-145.61801952063576,0.1
AES,full_noise_campaign,es_stdp_teacher_off,1,1903052671,ES+STDP teacher-free,poisson_mixed,25.0,0.0,128,0.6589554189704359,0.03515625,90.91250000000002,7.0196397735239255,18,0.017578125,0.859375,False,False,False,,AES|m1|p1|r0,1,1,0,739718681,105,145.61801952063576,-145.61801952063576,0.1
AES,full_noise_campaign,es_stdp_teacher_off,1,1903052671,ES+STDP teacher-free,poisson_mixed,50.0,0.0,128,0.6528879629913718,0.0400390625,92.431875,7.125530499005988,23,0.0224609375,0.828125,False,False,False,,AES|m1|p1|r0,1,1,0,923520998,105,145.61801952063576,-145.61801952063576,0.1
AES,full_noise_campaign,es_stdp_teacher_off,1,1903052671,ES+STDP teacher-free,poisson_mixed,100.0,0.0,128,0.6563686351291835,0.056640625,96.13750000000007,7.332015160251344,35,0.0341796875,0.75,False,False,False,,AES|m1|p1|r0,1,1,0,21118038,105,145.61801952063576,-145.61801952063576,0.1
AES,full_noise_campaign,es_stdp_teacher_off,1,107575277,ES+STDP teacher-free,none,0.0,0.0,128,0.6505621341057122,0.0439453125,89.29375000000005,6.928870542435101,23,0.0224609375,0.8359375,False,False,False,,AES|m1|p1|r1,1,1,1,1677935472,105,145.61801952063576,-145.61801952063576,0.1
AES,full_noise_campaign,es_stdp_teacher_off,1,107575277,ES+STDP teacher-free,poisson_excitatory,5.0,0.0,128,0.6499561599921435,0.041015625,89.00062500000008,6.925958920199143,22,0.021484375,0.8359375,False,False,False,,AES|m1|p1|r1,1,1,1,1368707230,105,145.61801952063576,-145.61801952063576,0.1
AES,full_noise_campaign,es_stdp_teacher_off,1,107575277,ES+STDP teacher-free,poisson_excitatory,10.0,0.0,128,0.6541944569908082,0.0380859375,89.42750000000004,6.9704394779847725,18,0.017578125,0.8671875,False,False,False,,AES|m1|p1|r1,1,1,1,1853478993,105,145.61801952063576,-145.61801952063576,0.1
AES,full_noise_campaign,es_stdp_teacher_off,1,107575277,ES+STDP teacher-free,poisson_excitatory,25.0,0.0,128,0.6612218429800123,0.0478515625,91.24375,7.131157319613364,24,0.0234375,0.828125,False,False,False,,AES|m1|p1|r1,1,1,1,2047325518,105,145.61801952063576,-145.61801952063576,0.1
AES,full_noise_campaign,es_stdp_teacher_off,1,107575277,ES+STDP teacher-free,poisson_excitatory,50.0,0.0,128,0.6601869929581881,0.0986328125,100.29124999999996,7.720109389198349,51,0.0498046875,0.703125,False,False,False,,AES|m1|p1|r1,1,1,1,1629179803,105,145.61801952063576,-145.61801952063576,0.1
AES,full_noise_campaign,es_stdp_teacher_off,1,107575277,ES+STDP teacher-free,poisson_excitatory,100.0,0.0,128,0.65073197404854,0.28125,126.18249999999996,9.261975517378717,176,0.171875,0.2421875,False,False,False,,AES|m1|p1|r1,1,1,1,1690407628,105,145.61801952063576,-145.61801952063576,0.1
AES,full_noise_campaign,es_stdp_teacher_off,1,107575277,ES+STDP teacher-free,poisson_inhibitory,5.0,0.0,128,0.6504442668519914,0.0390625,89.838125,6.94558441122613,21,0.0205078125,0.84375,False,False,False,,AES|m1|p1|r1,1,1,1,259641362,105,145.61801952063576,-145.61801952063576,0.1
AES,full_noise_campaign,es_stdp_teacher_off,1,107575277,ES+STDP teacher-free,poisson_inhibitory,10.0,0.0,128,0.6498465680051595,0.0419921875,90.54937500000004,6.9690126100720535,21,0.0205078125,0.8359375,False,False,False,,AES|m1|p1|r1,1,1,1,128055282,105,145.61801952063576,-145.61801952063576,0.1
AES,full_noise_campaign,es_stdp_teacher_off,1,107575277,ES+STDP teacher-free,poisson_inhibitory,25.0,0.0,128,0.6505997809581459,0.04296875,92.51500000000007,7.04581094461909,22,0.021484375,0.84375,False,False,False,,AES|m1|p1|r1,1,1,1,333421293,105,145.61801952063576,-145.61801952063576,0.1
AES,full_noise_campaign,es_stdp_teacher_off,1,107575277,ES+STDP teacher-free,poisson_inhibitory,50.0,0.0,128,0.6492870938964188,0.0537109375,96.3768750000001,7.250136380906364,28,0.02734375,0.796875,False,False,False,,AES|m1|p1|r1,1,1,1,147022010,105,145.61801952063576,-145.61801952063576,0.1
AES,full_noise_campaign,es_stdp_teacher_off,1,107575277,ES+STDP teacher-free,poisson_inhibitory,100.0,0.0,128,0.6499587132129818,0.1767578125,101.14000000000001,7.668492423372577,111,0.1083984375,0.375,False,False,False,,AES|m1|p1|r1,1,1,1,866490506,105,145.61801952063576,-145.61801952063576,0.1
AES,full_noise_campaign,es_stdp_teacher_off,1,107575277,ES+STDP teacher-free,poisson_mixed,5.0,0.0,128,0.6522394679486752,0.0390625,89.34562500000007,6.932253447556856,21,0.0205078125,0.8515625,False,False,False,,AES|m1|p1|r1,1,1,1,624082499,105,145.61801952063576,-145.61801952063576,0.1
AES,full_noise_campaign,es_stdp_teacher_off,1,107575277,ES+STDP teacher-free,poisson_mixed,10.0,0.0,128,0.6486635529436171,0.0322265625,89.57250000000008,6.945369335890497,13,0.0126953125,0.8984375,False,False,False,,AES|m1|p1|r1,1,1,1,1561224152,105,145.61801952063576,-145.61801952063576,0.1
AES,full_noise_campaign,es_stdp_teacher_off,1,107575277,ES+STDP teacher-free,poisson_mixed,25.0,0.0,128,0.6589031741023064,0.037109375,90.74375000000003,7.009371903554059,19,0.0185546875,0.8515625,False,False,False,,AES|m1|p1|r1,1,1,1,1232080595,105,145.61801952063576,-145.61801952063576,0.1
AES,full_noise_campaign,es_stdp_teacher_off,1,107575277,ES+STDP teacher-free,poisson_mixed,50.0,0.0,128,0.6518145140726119,0.037109375,92.50000000000003,7.121028963076149,23,0.0224609375,0.828125,False,False,False,,AES|m1|p1|r1,1,1,1,1382872356,105,145.61801952063576,-145.61801952063576,0.1
AES,full_noise_campaign,es_stdp_teacher_off,1,107575277,ES+STDP teacher-free,poisson_mixed,100.0,0.0,128,0.6542491069994867,0.0634765625,96.06312500000004,7.318005813642092,36,0.03515625,0.734375,False,False,False,,AES|m1|p1|r1,1,1,1,513327069,105,145.61801952063576,-145.61801952063576,0.1
AES,full_noise_campaign,es_stdp_teacher_off,1,1932065078,ES+STDP teacher-free,none,0.0,0.0,128,0.6604862899985164,0.0419921875,87.96624999999997,6.8798733829163385,23,0.0224609375,0.84375,False,False,False,,AES|m1|p2|r0,1,2,0,2086664883,105,145.61801952063576,-145.61801952063576,0.1
AES,full_noise_campaign,es_stdp_teacher_off,1,1932065078,ES+STDP teacher-free,poisson_excitatory,5.0,0.0,128,0.650831513106823,0.03515625,88.171875,6.901304657369082,24,0.0234375,0.84375,False,False,False,,AES|m1|p2|r0,1,2,0,585521365,105,145.61801952063576,-145.61801952063576,0.1
AES,full_noise_campaign,es_stdp_teacher_off,1,1932065078,ES+STDP teacher-free,poisson_excitatory,10.0,0.0,128,0.6533288860227913,0.0400390625,88.23687500000003,6.9261500171115,20,0.01953125,0.859375,False,False,False,,AES|m1|p2|r0,1,2,0,2019976726,105,145.61801952063576,-145.61801952063576,0.1
AES,full_noise_campaign,es_stdp_teacher_off,1,1932065078,ES+STDP teacher-free,poisson_excitatory,25.0,0.0,128,0.6491614810656756,0.04296875,90.94937499999997,7.125467639030818,27,0.0263671875,0.8046875,False,False,False,,AES|m1|p2|r0,1,2,0,1813514521,105,145.61801952063576,-145.61801952063576,0.1
AES,full_noise_campaign,es_stdp_teacher_off,1,1932065078,ES+STDP teacher-free,poisson_excitatory,50.0,0.0,128,0.6516676270402968,0.0908203125,100.445625,7.7419875625261225,53,0.0517578125,0.6640625,False,False,False,,AES|m1|p2|r0,1,2,0,1996813030,105,145.61801952063576,-145.61801952063576,0.1
AES,full_noise_campaign,es_stdp_teacher_off,1,1932065078,ES+STDP teacher-free,poisson_excitatory,100.0,0.0,128,0.6504517931025475,0.2451171875,123.92312499999997,9.17519094996199,130,0.126953125,0.34375,False,False,False,,AES|m1|p2|r0,1,2,0,16921403,105,145.61801952063576,-145.61801952063576,0.1
AES,full_noise_campaign,es_stdp_teacher_off,1,1932065078,ES+STDP teacher-free,poisson_inhibitory,5.0,0.0,128,0.6513142760377377,0.0439453125,88.73937500000001,6.911178809970934,25,0.0244140625,0.84375,False,False,False,,AES|m1|p2|r0,1,2,0,2081113955,105,145.61801952063576,-145.61801952063576,0.1
AES,full_noise_campaign,es_stdp_teacher_off,1,1932065078,ES+STDP teacher-free,poisson_inhibitory,10.0,0.0,128,0.6631181889679283,0.0419921875,89.53812500000001,6.9349108245146445,25,0.0244140625,0.8203125,False,False,False,,AES|m1|p2|r0,1,2,0,297683509,105,145.61801952063576,-145.61801952063576,0.1
AES,full_noise_campaign,es_stdp_teacher_off,1,1932065078,ES+STDP teacher-free,poisson_inhibitory,25.0,0.0,128,0.6479569780640304,0.0439453125,91.706875,7.035372474751842,27,0.0263671875,0.8046875,False,False,False,,AES|m1|p2|r0,1,2,0,96479034,105,145.61801952063576,-145.61801952063576,0.1
AES,full_noise_campaign,es_stdp_teacher_off,1,1932065078,ES+STDP teacher-free,poisson_inhibitory,50.0,0.0,128,0.6559823509305716,0.060546875,95.08437500000002,7.209330318216387,35,0.0341796875,0.7734375,False,False,False,,AES|m1|p2|r0,1,2,0,517791111,105,145.61801952063576,-145.61801952063576,0.1
AES,full_noise_campaign,es_stdp_teacher_off,1,1932065078,ES+STDP teacher-free,poisson_inhibitory,100.0,0.0,128,0.6635624149348587,0.15625,99.93437500000002,7.6202432083529725,119,0.1162109375,0.375,False,False,False,,AES|m1|p2|r0,1,2,0,1449540091,105,145.61801952063576,-145.61801952063576,0.1
AES,full_noise_campaign,es_stdp_teacher_off,1,1932065078,ES+STDP teacher-free,poisson_mixed,5.0,0.0,128,0.652689445996657,0.04296875,88.3675,6.899099113134065,24,0.0234375,0.828125,False,False,False,,AES|m1|p2|r0,1,2,0,164543693,105,145.61801952063576,-145.61801952063576,0.1
AES,full_noise_campaign,es_stdp_teacher_off,1,1932065078,ES+STDP teacher-free,poisson_mixed,10.0,0.0,128,0.6534695050213486,0.0380859375,88.93875,6.937235002385514,22,0.021484375,0.8515625,False,False,False,,AES|m1|p2|r0,1,2,0,17954262,105,145.61801952063576,-145.61801952063576,0.1
AES,full_noise_campaign,es_stdp_teacher_off,1,1932065078,ES+STDP teacher-free,poisson_mixed,25.0,0.0,128,0.6511199888773263,0.037109375,89.40312499999996,6.959684882051543,21,0.0205078125,0.8515625,False,False,False,,AES|m1|p2|r0,1,2,0,359635161,105,145.61801952063576,-145.61801952063576,0.1
AES,full_noise_campaign,es_stdp_teacher_off,1,1932065078,ES+STDP teacher-free,poisson_mixed,50.0,0.0,128,0.6527592870406806,0.0380859375,91.71749999999997,7.107853954283906,20,0.01953125,0.84375,False,False,False,,AES|m1|p2|r0,1,2,0,242443046,105,145.61801952063576,-145.61801952063576,0.1
AES,full_noise_campaign,es_stdp_teacher_off,1,1932065078,ES+STDP teacher-free,poisson_mixed,100.0,0.0,128,0.6648286359850317,0.0615234375,95.26500000000001,7.2997423892652264,32,0.03125,0.7890625,False,False,False,,AES|m1|p2|r0,1,2,0,2007434555,105,145.61801952063576,-145.61801952063576,0.1
AES,full_noise_campaign,es_stdp_teacher_off,1,70240708,ES+STDP teacher-free,none,0.0,0.0,128,0.6621581488288939,0.0419921875,87.96624999999997,6.8798733829163385,23,0.0224609375,0.84375,False,False,False,,AES|m1|p2|r1,1,2,1,329093600,105,145.61801952063576,-145.61801952063576,0.1
AES,full_noise_campaign,es_stdp_teacher_off,1,70240708,ES+STDP teacher-free,poisson_excitatory,5.0,0.0,128,0.6526193059980869,0.0322265625,87.78562500000001,6.886590832159711,16,0.015625,0.875,False,False,False,,AES|m1|p2|r1,1,2,1,599997879,105,145.61801952063576,-145.61801952063576,0.1
AES,full_noise_campaign,es_stdp_teacher_off,1,70240708,ES+STDP teacher-free,poisson_excitatory,10.0,0.0,128,0.6456115150358528,0.0400390625,88.84000000000003,6.960085453341876,19,0.0185546875,0.859375,False,False,False,,AES|m1|p2|r1,1,2,1,1575876111,105,145.61801952063576,-145.61801952063576,0.1
AES,full_noise_campaign,es_stdp_teacher_off,1,70240708,ES+STDP teacher-free,poisson_excitatory,25.0,0.0,128,0.6477966229431331,0.05078125,91.28750000000001,7.152962608789417,29,0.0283203125,0.7890625,False,False,False,,AES|m1|p2|r1,1,2,1,1234409738,105,145.61801952063576,-145.61801952063576,0.1
AES,full_noise_campaign,es_stdp_teacher_off,1,70240708,ES+STDP teacher-free,poisson_excitatory,50.0,0.0,128,0.6516494390089065,0.103515625,100.57624999999999,7.749738115487143,54,0.052734375,0.6484375,False,False,False,,AES|m1|p2|r1,1,2,1,1385128669,105,145.61801952063576,-145.61801952063576,0.1
AES,full_noise_campaign,es_stdp_teacher_off,1,70240708,ES+STDP teacher-free,poisson_excitatory,100.0,0.0,128,0.6500351780559868,0.2451171875,123.37687499999994,9.133080496710646,139,0.1357421875,0.3046875,False,False,False,,AES|m1|p2|r1,1,2,1,1713345969,105,145.61801952063576,-145.61801952063576,0.1
AES,full_noise_campaign,es_stdp_teacher_off,1,70240708,ES+STDP teacher-free,poisson_inhibitory,5.0,0.0,128,0.6513414089567959,0.0400390625,88.64874999999998,6.901214584596222,23,0.0224609375,0.8359375,False,False,False,,AES|m1|p2|r1,1,2,1,2100175433,105,145.61801952063576,-145.61801952063576,0.1
AES,full_noise_campaign,es_stdp_teacher_off,1,70240708,ES+STDP teacher-free,poisson_inhibitory,10.0,0.0,128,0.6539762190077454,0.033203125,89.21375,6.926203980888833,19,0.0185546875,0.8515625,False,False,False,,AES|m1|p2|r1,1,2,1,875944494,105,145.61801952063576,-145.61801952063576,0.1
AES,full_noise_campaign,es_stdp_teacher_off,1,70240708,ES+STDP teacher-free,poisson_inhibitory,25.0,0.0,128,0.6555242009926587,0.0390625,91.70437500000006,7.035699417081885,25,0.0244140625,0.8203125,False,False,False,,AES|m1|p2|r1,1,2,1,541833003,105,145.61801952063576,-145.61801952063576,0.1
AES,full_noise_campaign,es_stdp_teacher_off,1,70240708,ES+STDP teacher-free,poisson_inhibitory,50.0,0.0,128,0.6521968750748783,0.0732421875,95.12250000000002,7.214586113503784,40,0.0390625,0.7109375,False,False,False,,AES|m1|p2|r1,1,2,1,995577214,105,145.61801952063576,-145.61801952063576,0.1
AES,full_noise_campaign,es_stdp_teacher_off,1,70240708,ES+STDP teacher-free,poisson_inhibitory,100.0,0.0,128,0.6508422519546002,0.17578125,99.70687500000001,7.624482393730679,126,0.123046875,0.3359375,False,False,False,,AES|m1|p2|r1,1,2,1,830185329,105,145.61801952063576,-145.61801952063576,0.1
AES,full_noise_campaign,es_stdp_teacher_off,1,70240708,ES+STDP teacher-free,poisson_mixed,5.0,0.0,128,0.6523169300053269,0.0390625,88.21000000000001,6.8908757469348325,23,0.0224609375,0.84375,False,False,False,,AES|m1|p2|r1,1,2,1,1579957540,105,145.61801952063576,-145.61801952063576,0.1
AES,full_noise_campaign,es_stdp_teacher_off,1,70240708,ES+STDP teacher-free,poisson_mixed,10.0,0.0,128,0.6525157801806927,0.0458984375,89.05937500000002,6.94214664375458,25,0.0244140625,0.828125,False,False,False,,AES|m1|p2|r1,1,2,1,1685507864,105,145.61801952063576,-145.61801952063576,0.1
AES,full_noise_campaign,es_stdp_teacher_off,1,70240708,ES+STDP teacher-free,poisson_mixed,25.0,0.0,128,0.6589131038635969,0.0380859375,90.24937500000001,7.012069082680849,20,0.01953125,0.8671875,False,False,False,,AES|m1|p2|r1,1,2,1,1879614483,105,145.61801952063576,-145.61801952063576,0.1
AES,full_noise_campaign,es_stdp_teacher_off,1,70240708,ES+STDP teacher-free,poisson_mixed,50.0,0.0,128,0.6553427439648658,0.041015625,91.82874999999999,7.110130337321623,21,0.0205078125,0.8359375,False,False,False,,AES|m1|p2|r1,1,2,1,1796495844,105,145.61801952063576,-145.61801952063576,0.1
AES,full_noise_campaign,es_stdp_teacher_off,1,70240708,ES+STDP teacher-free,poisson_mixed,100.0,0.0,128,0.6517004540655762,0.0517578125,94.35000000000002,7.259893403409681,29,0.0283203125,0.8046875,False,False,False,,AES|m1|p2|r1,1,2,1,1753056954,105,145.61801952063576,-145.61801952063576,0.1
AES,full_noise_campaign,es_stdp_teacher_off,1,1927975781,ES+STDP teacher-free,none,0.0,0.0,128,0.6496696299873292,0.048828125,88.50250000000001,6.911102116555405,23,0.0224609375,0.8203125,False,False,False,,AES|m1|p3|r0,1,3,0,1744484113,105,145.61801952063576,-145.61801952063576,0.1
AES,full_noise_campaign,es_stdp_teacher_off,1,1927975781,ES+STDP teacher-free,poisson_excitatory,5.0,0.0,128,0.6491619180887938,0.0380859375,88.25187500000001,6.916062330436946,17,0.0166015625,0.8671875,False,False,False,,AES|m1|p3|r0,1,3,0,1174142567,105,145.61801952063576,-145.61801952063576,0.1
AES,full_noise_campaign,es_stdp_teacher_off,1,1927975781,ES+STDP teacher-free,poisson_excitatory,10.0,0.0,128,0.6537317209877074,0.033203125,88.20187500000002,6.91625091037888,12,0.01171875,0.90625,False,False,False,,AES|m1|p3|r0,1,3,0,384466645,105,145.61801952063576,-145.61801952063576,0.1
AES,full_noise_campaign,es_stdp_teacher_off,1,1927975781,ES+STDP teacher-free,poisson_excitatory,25.0,0.0,128,0.6580898929387331,0.0478515625,91.0325,7.129779832474414,31,0.0302734375,0.7578125,False,False,False,,AES|m1|p3|r0,1,3,0,43258842,105,145.61801952063576,-145.61801952063576,0.1
AES,full_noise_campaign,es_stdp_teacher_off,1,1927975781,ES+STDP teacher-free,poisson_excitatory,50.0,0.0,128,0.6495999980252236,0.095703125,100.50124999999996,7.7408677970633555,55,0.0537109375,0.6328125,False,False,False,,AES|m1|p3|r0,1,3,0,428403239,105,145.61801952063576,-145.61801952063576,0.1
AES,full_noise_campaign,es_stdp_teacher_off,1,1927975781,ES+STDP teacher-free,poisson_excitatory,100.0,0.0,128,0.6502029160037637,0.2470703125,124.16249999999992,9.167397024636482,150,0.146484375,0.265625,False,False,False,,AES|m1|p3|r0,1,3,0,12045878,105,145.61801952063576,-145.61801952063576,0.1
AES,full_noise_campaign,es_stdp_teacher_off,1,1927975781,ES+STDP teacher-free,poisson_inhibitory,5.0,0.0,128,0.6563130069989711,0.0458984375,89.20562500000003,6.934190945938472,21,0.0205078125,0.8359375,False,False,False,,AES|m1|p3|r0,1,3,0,454484441,105,145.61801952063576,-145.61801952063576,0.1
AES,full_noise_campaign,es_stdp_teacher_off,1,1927975781,ES+STDP teacher-free,poisson_inhibitory,10.0,0.0,128,0.6475759411696345,0.048828125,90.00625,6.962587644453473,24,0.0234375,0.8203125,False,False,False,,AES|m1|p3|r0,1,3,0,2134004086,105,145.61801952063576,-145.61801952063576,0.1
AES,full_noise_campaign,es_stdp_teacher_off,1,1927975781,ES+STDP teacher-free,poisson_inhibitory,25.0,0.0,128,0.6499037977773696,0.0419921875,91.73875000000007,7.024484168483753,16,0.015625,0.875,False,False,False,,AES|m1|p3|r0,1,3,0,1800158329,105,145.61801952063576,-145.61801952063576,0.1
AES,full_noise_campaign,es_stdp_teacher_off,1,1927975781,ES+STDP teacher-free,poisson_inhibitory,50.0,0.0,128,0.6514388939831406,0.0537109375,95.28625000000004,7.209067894258586,29,0.0283203125,0.796875,False,False,False,,AES|m1|p3|r0,1,3,0,1884341830,105,145.61801952063576,-145.61801952063576,0.1
AES,full_noise_campaign,es_stdp_teacher_off,1,1927975781,ES+STDP teacher-free,poisson_inhibitory,100.0,0.0,128,0.6561601809225976,0.1533203125,99.74000000000004,7.6033117368926915,114,0.111328125,0.375,False,False,False,,AES|m1|p3|r0,1,3,0,1473496312,105,145.61801952063576,-145.61801952063576,0.1
AES,full_noise_campaign,es_stdp_teacher_off,1,1927975781,ES+STDP teacher-free,poisson_mixed,5.0,0.0,128,0.657957092858851,0.0400390625,88.60312500000003,6.916243844382281,18,0.017578125,0.859375,False,False,False,,AES|m1|p3|r0,1,3,0,370425702,105,145.61801952063576,-145.61801952063576,0.1
AES,full_noise_campaign,es_stdp_teacher_off,1,1927975781,ES+STDP teacher-free,poisson_mixed,10.0,0.0,128,0.6654295821208507,0.0439453125,89.05312500000005,6.936824164118578,19,0.0185546875,0.859375,False,False,False,,AES|m1|p3|r0,1,3,0,372871574,105,145.61801952063576,-145.61801952063576,0.1
AES,full_noise_campaign,es_stdp_teacher_off,1,1927975781,ES+STDP teacher-free,poisson_mixed,25.0,0.0,128,0.6506334110163152,0.0341796875,90.06500000000007,6.995880981328593,18,0.017578125,0.859375,False,False,False,,AES|m1|p3|r0,1,3,0,38272153,105,145.61801952063576,-145.61801952063576,0.1
AES,full_noise_campaign,es_stdp_teacher_off,1,1927975781,ES+STDP teacher-free,poisson_mixed,50.0,0.0,128,0.6482559388969094,0.0419921875,91.10812500000002,7.059589140833857,17,0.0166015625,0.8671875,False,False,False,,AES|m1|p3|r0,1,3,0,425395814,105,145.61801952063576,-145.61801952063576,0.1
AES,full_noise_campaign,es_stdp_teacher_off,1,1927975781,ES+STDP teacher-free,poisson_mixed,100.0,0.0,128,0.6574698979966342,0.0478515625,95.14687500000002,7.310508315982309,26,0.025390625,0.8359375,False,False,False,,AES|m1|p3|r0,1,3,0,1825894384,105,145.61801952063576,-145.61801952063576,0.1
AES,full_noise_campaign,es_stdp_teacher_off,1,99460055,ES+STDP teacher-free,none,0.0,0.0,128,0.6548441299237311,0.048828125,88.50250000000001,6.911102116555405,23,0.0224609375,0.8203125,False,False,False,,AES|m1|p3|r1,1,3,1,137944580,105,145.61801952063576,-145.61801952063576,0.1
AES,full_noise_campaign,es_stdp_teacher_off,1,99460055,ES+STDP teacher-free,poisson_excitatory,5.0,0.0,128,0.6488150779623538,0.0439453125,88.11625000000006,6.900313678363068,19,0.0185546875,0.8515625,False,False,False,,AES|m1|p3|r1,1,3,1,1155439429,105,145.61801952063576,-145.61801952063576,0.1
AES,full_noise_campaign,es_stdp_teacher_off,1,99460055,ES+STDP teacher-free,poisson_excitatory,10.0,0.0,128,0.647371144965291,0.0263671875,88.35187500000006,6.922814390181356,12,0.01171875,0.90625,False,False,False,,AES|m1|p3|r1,1,3,1,862056142,105,145.61801952063576,-145.61801952063576,0.1
AES,full_noise_campaign,es_stdp_teacher_off,1,99460055,ES+STDP teacher-free,poisson_excitatory,25.0,0.0,128,0.6510523369070143,0.0478515625,91.38999999999999,7.154719012975134,24,0.0234375,0.8203125,False,False,False,,AES|m1|p3|r1,1,3,1,656376779,105,145.61801952063576,-145.61801952063576,0.1
AES,full_noise_campaign,es_stdp_teacher_off,1,99460055,ES+STDP teacher-free,poisson_excitatory,50.0,0.0,128,0.6471554271411151,0.099609375,100.82874999999993,7.76995926694125,56,0.0546875,0.640625,False,False,False,,AES|m1|p3|r1,1,3,1,1006860830,105,145.61801952063576,-145.61801952063576,0.1
AES,full_noise_campaign,es_stdp_teacher_off,1,99460055,ES+STDP teacher-free,poisson_excitatory,100.0,0.0,128,0.6479198089800775,0.255859375,126.52687499999988,9.284995664649925,153,0.1494140625,0.28125,False,False,False,,AES|m1|p3|r1,1,3,1,1739221190,105,145.61801952063576,-145.61801952063576,0.1
AES,full_noise_campaign,es_stdp_teacher_off,1,99460055,ES+STDP teacher-free,poisson_inhibitory,5.0,0.0,128,0.6461505859624594,0.0478515625,89.260625,6.932680657377479,22,0.021484375,0.8359375,False,False,False,,AES|m1|p3|r1,1,3,1,439583923,105,145.61801952063576,-145.61801952063576,0.1
AES,full_noise_campaign,es_stdp_teacher_off,1,99460055,ES+STDP teacher-free,poisson_inhibitory,10.0,0.0,128,0.6496287430636585,0.0458984375,89.73750000000003,6.9507487243741375,21,0.0205078125,0.84375,False,False,False,,AES|m1|p3|r1,1,3,1,1522123119,105,145.61801952063576,-145.61801952063576,0.1
AES,full_noise_campaign,es_stdp_teacher_off,1,99460055,ES+STDP teacher-free,poisson_inhibitory,25.0,0.0,128,0.651519165141508,0.041015625,92.00562500000007,7.041176611669146,17,0.0166015625,0.8671875,False,False,False,,AES|m1|p3|r1,1,3,1,1321708650,105,145.61801952063576,-145.61801952063576,0.1
AES,full_noise_campaign,es_stdp_teacher_off,1,99460055,ES+STDP teacher-free,poisson_inhibitory,50.0,0.0,128,0.6492263341788203,0.046875,94.63687500000005,7.186953093966001,31,0.0302734375,0.765625,False,False,False,,AES|m1|p3|r1,1,3,1,1440437821,105,145.61801952063576,-145.61801952063576,0.1
AES,full_noise_campaign,es_stdp_teacher_off,1,99460055,ES+STDP teacher-free,poisson_inhibitory,100.0,0.0,128,0.6524066189303994,0.177734375,100.00125,7.6442531652399115,129,0.1259765625,0.3046875,False,False,False,,AES|m1|p3|r1,1,3,1,818832004,105,145.61801952063576,-145.61801952063576,0.1
AES,full_noise_campaign,es_stdp_teacher_off,1,99460055,ES+STDP teacher-free,poisson_mixed,5.0,0.0,128,0.6474280320107937,0.0380859375,88.82187499999999,6.929515518452762,19,0.0185546875,0.8515625,False,False,False,,AES|m1|p3|r1,1,3,1,1106689935,105,145.61801952063576,-145.61801952063576,0.1
AES,full_noise_campaign,es_stdp_teacher_off,1,99460055,ES+STDP teacher-free,poisson_mixed,10.0,0.0,128,0.6454586330801249,0.0380859375,88.815,6.92447235843032,16,0.015625,0.875,False,False,False,,AES|m1|p3|r1,1,3,1,1935583832,105,145.61801952063576,-145.61801952063576,0.1
AES,full_noise_campaign,es_stdp_teacher_off,1,99460055,ES+STDP teacher-free,poisson_mixed,25.0,0.0,128,0.6470440288539976,0.0361328125,89.544375,6.964262245488502,18,0.017578125,0.8671875,False,False,False,,AES|m1|p3|r1,1,3,1,1730201427,105,145.61801952063576,-145.61801952063576,0.1
AES,full_noise_campaign,es_stdp_teacher_off,1,99460055,ES+STDP teacher-free,poisson_mixed,50.0,0.0,128,0.6526950930710882,0.03125,91.50125,7.086959144319149,14,0.013671875,0.890625,False,False,False,,AES|m1|p3|r1,1,3,1,2084322724,105,145.61801952063576,-145.61801952063576,0.1
AES,full_noise_campaign,es_stdp_teacher_off,1,99460055,ES+STDP teacher-free,poisson_mixed,100.0,0.0,128,0.6566031980328262,0.0517578125,95.09437500000001,7.305917559064599,24,0.0234375,0.8359375,False,False,False,,AES|m1|p3|r1,1,3,1,1930325125,105,145.61801952063576,-145.61801952063576,0.1
AES,full_noise_campaign,es_stdp_teacher_off,2,923555804,ES+STDP teacher-free,none,0.0,0.0,128,0.645249105989933,0.048828125,88.62374999999997,6.913122167121228,26,0.025390625,0.8125,False,False,False,,AES|m2|p0|r0,2,0,0,1812283894,105,145.61801952063576,-145.61801952063576,0.1
AES,full_noise_campaign,es_stdp_teacher_off,2,923555804,ES+STDP teacher-free,poisson_excitatory,5.0,0.0,128,0.6457328679971397,0.0390625,89.023125,6.952005585311445,19,0.0185546875,0.8671875,False,False,False,,AES|m2|p0|r0,2,0,0,896668941,105,145.61801952063576,-145.61801952063576,0.1
AES,full_noise_campaign,es_stdp_teacher_off,2,923555804,ES+STDP teacher-free,poisson_excitatory,10.0,0.0,128,0.6462878379970789,0.0390625,89.34,6.981414948667997,24,0.0234375,0.828125,False,False,False,,AES|m2|p0|r0,2,0,0,7747632,105,145.61801952063576,-145.61801952063576,0.1
AES,full_noise_campaign,es_stdp_teacher_off,2,923555804,ES+STDP teacher-free,poisson_excitatory,25.0,0.0,128,0.6570636578835547,0.0576171875,91.36312499999997,7.156022098994081,28,0.02734375,0.8046875,False,False,False,,AES|m2|p0|r0,2,0,0,336090411,105,145.61801952063576,-145.61801952063576,0.1
AES,full_noise_campaign,es_stdp_teacher_off,2,923555804,ES+STDP teacher-free,poisson_excitatory,50.0,0.0,128,0.6433773378375918,0.1005859375,99.81812499999995,7.715067423526435,60,0.05859375,0.6171875,False,False,False,,AES|m2|p0|r0,2,0,0,253013884,105,145.61801952063576,-145.61801952063576,0.1
AES,full_noise_campaign,es_stdp_teacher_off,2,923555804,ES+STDP teacher-free,poisson_excitatory,100.0,0.0,128,0.6465096909087151,0.236328125,123.39937499999999,9.125632120632817,139,0.1357421875,0.3515625,False,False,False,,AES|m2|p0|r0,2,0,0,1187572829,105,145.61801952063576,-145.61801952063576,0.1
AES,full_noise_campaign,es_stdp_teacher_off,2,923555804,ES+STDP teacher-free,poisson_inhibitory,5.0,0.0,128,0.6453542299568653,0.0478515625,89.49624999999999,6.946888259625838,25,0.0244140625,0.8125,False,False,False,,AES|m2|p0|r0,2,0,0,1805585307,105,145.61801952063576,-145.61801952063576,0.1
AES,full_noise_campaign,es_stdp_teacher_off,2,923555804,ES+STDP teacher-free,poisson_inhibitory,10.0,0.0,128,0.6576400990597904,0.046875,90.375,6.982981045376766,24,0.0234375,0.828125,False,False,False,,AES|m2|p0|r0,2,0,0,1773017103,105,145.61801952063576,-145.61801952063576,0.1
AES,full_noise_campaign,es_stdp_teacher_off,2,923555804,ES+STDP teacher-free,poisson_inhibitory,25.0,0.0,128,0.6534900339320302,0.048828125,92.370625,7.055182873343034,24,0.0234375,0.8203125,False,False,False,,AES|m2|p0|r0,2,0,0,2110814988,105,145.61801952063576,-145.61801952063576,0.1
AES,full_noise_campaign,es_stdp_teacher_off,2,923555804,ES+STDP teacher-free,poisson_inhibitory,50.0,0.0,128,0.64455223409459,0.0556640625,95.34625000000004,7.21438149902162,30,0.029296875,0.7734375,False,False,False,,AES|m2|p0|r0,2,0,0,1724678365,105,145.61801952063576,-145.61801952063576,0.1
AES,full_noise_campaign,es_stdp_teacher_off,2,923555804,ES+STDP teacher-free,poisson_inhibitory,100.0,0.0,128,0.6480729710310698,0.1689453125,100.74062499999997,7.652628689043057,122,0.119140625,0.3671875,False,False,False,,AES|m2|p0|r0,2,0,0,296544029,105,145.61801952063576,-145.61801952063576,0.1
AES,full_noise_campaign,es_stdp_teacher_off,2,923555804,ES+STDP teacher-free,poisson_mixed,5.0,0.0,128,0.6499302911106497,0.0400390625,88.97749999999996,6.932614482298383,20,0.01953125,0.8515625,False,False,False,,AES|m2|p0|r0,2,0,0,468681996,105,145.61801952063576,-145.61801952063576,0.1
AES,full_noise_campaign,es_stdp_teacher_off,2,923555804,ES+STDP teacher-free,poisson_mixed,10.0,0.0,128,0.6466271369718015,0.0341796875,88.9625,6.930682365927689,19,0.0185546875,0.8671875,False,False,False,,AES|m2|p0|r0,2,0,0,2002752814,105,145.61801952063576,-145.61801952063576,0.1
AES,full_noise_campaign,es_stdp_teacher_off,2,923555804,ES+STDP teacher-free,poisson_mixed,25.0,0.0,128,0.6631518711801618,0.0478515625,91.21312500000002,7.059248886203968,27,0.0263671875,0.8125,False,False,False,,AES|m2|p0|r0,2,0,0,1663170609,105,145.61801952063576,-145.61801952063576,0.1
AES,full_noise_campaign,es_stdp_teacher_off,2,923555804,ES+STDP teacher-free,poisson_mixed,50.0,0.0,128,0.6564317739102989,0.048828125,92.39500000000001,7.131328904020947,21,0.0205078125,0.84375,False,False,False,,AES|m2|p0|r0,2,0,0,2017264254,105,145.61801952063576,-145.61801952063576,0.1
AES,full_noise_campaign,es_stdp_teacher_off,2,923555804,ES+STDP teacher-free,poisson_mixed,100.0,0.0,128,0.6539586610160768,0.052734375,94.56,7.2588154446164435,32,0.03125,0.7890625,False,False,False,,AES|m2|p0|r0,2,0,0,802971862,105,145.61801952063576,-145.61801952063576,0.1
AES,full_noise_campaign,es_stdp_teacher_off,2,1074489166,ES+STDP teacher-free,none,0.0,0.0,128,0.6503220510203391,0.048828125,88.62374999999997,6.913122167121228,26,0.025390625,0.8125,False,False,False,,AES|m2|p0|r1,2,0,1,63384349,105,145.61801952063576,-145.61801952063576,0.1
AES,full_noise_campaign,es_stdp_teacher_off,2,1074489166,ES+STDP teacher-free,poisson_excitatory,5.0,0.0,128,0.6529330410994589,0.0439453125,88.75,6.935128744019474,24,0.0234375,0.8203125,False,False,False,,AES|m2|p0|r1,2,0,1,878146031,105,145.61801952063576,-145.61801952063576,0.1
AES,full_noise_campaign,es_stdp_teacher_off,2,1074489166,ES+STDP teacher-free,poisson_excitatory,10.0,0.0,128,0.6523253279738128,0.037109375,89.15062500000005,6.975300956895399,22,0.021484375,0.8359375,False,False,False,,AES|m2|p0|r1,2,0,1,637380661,105,145.61801952063576,-145.61801952063576,0.1
AES,full_noise_campaign,es_stdp_teacher_off,2,1074489166,ES+STDP teacher-free,poisson_excitatory,25.0,0.0,128,0.6523852979298681,0.0439453125,92.0125,7.181021189193572,25,0.0244140625,0.8203125,False,False,False,,AES|m2|p0|r1,2,0,1,830719288,105,145.61801952063576,-145.61801952063576,0.1
AES,full_noise_campaign,es_stdp_teacher_off,2,1074489166,ES+STDP teacher-free,poisson_excitatory,50.0,0.0,128,0.6518757741432637,0.107421875,100.00562499999998,7.719338067079123,57,0.0556640625,0.625,False,False,False,,AES|m2|p0|r1,2,0,1,715079559,105,145.61801952063576,-145.61801952063576,0.1
AES,full_noise_campaign,es_stdp_teacher_off,2,1074489166,ES+STDP teacher-free,poisson_excitatory,100.0,0.0,128,0.6509145218878984,0.232421875,122.94124999999998,9.114977413832388,136,0.1328125,0.296875,False,False,False,,AES|m2|p0|r1,2,0,1,567626447,105,145.61801952063576,-145.61801952063576,0.1
AES,full_noise_campaign,es_stdp_teacher_off,2,1074489166,ES+STDP teacher-free,poisson_inhibitory,5.0,0.0,128,0.6579207319300622,0.0478515625,89.28187499999999,6.933536288460817,25,0.0244140625,0.8203125,False,False,False,,AES|m2|p0|r1,2,0,1,1790602881,105,145.61801952063576,-145.61801952063576,0.1
AES,full_noise_campaign,es_stdp_teacher_off,2,1074489166,ES+STDP teacher-free,poisson_inhibitory,10.0,0.0,128,0.6602377567905933,0.0478515625,90.07312500000003,6.96697325561212,23,0.0224609375,0.828125,False,False,False,,AES|m2|p0|r1,2,0,1,1277528084,105,145.61801952063576,-145.61801952063576,0.1
AES,full_noise_campaign,es_stdp_teacher_off,2,1074489166,ES+STDP teacher-free,poisson_inhibitory,25.0,0.0,128,0.6442007680889219,0.0498046875,92.07000000000005,7.0443141553187285,22,0.021484375,0.828125,False,False,False,,AES|m2|p0|r1,2,0,1,1482418969,105,145.61801952063576,-145.61801952063576,0.1
AES,full_noise_campaign,es_stdp_teacher_off,2,1074489166,ES+STDP teacher-free,poisson_inhibitory,50.0,0.0,128,0.6484107370488346,0.0625,95.60250000000003,7.236975273951877,43,0.0419921875,0.71875,False,False,False,,AES|m2|p0|r1,2,0,1,1128730856,105,145.61801952063576,-145.61801952063576,0.1
AES,full_noise_campaign,es_stdp_teacher_off,2,1074489166,ES+STDP teacher-free,poisson_inhibitory,100.0,0.0,128,0.6548719780985266,0.1669921875,99.73687499999997,7.641810095565462,118,0.115234375,0.3984375,False,False,False,,AES|m2|p0|r1,2,0,1,1991327887,105,145.61801952063576,-145.61801952063576,0.1
AES,full_noise_campaign,es_stdp_teacher_off,2,1074489166,ES+STDP teacher-free,poisson_mixed,5.0,0.0,128,0.6561700429301709,0.046875,89.45374999999999,6.959731262295475,24,0.0234375,0.8125,False,False,False,,AES|m2|p0|r1,2,0,1,1275921637,105,145.61801952063576,-145.61801952063576,0.1
AES,full_noise_campaign,es_stdp_teacher_off,2,1074489166,ES+STDP teacher-free,poisson_mixed,10.0,0.0,128,0.6466009728610516,0.0419921875,89.17249999999999,6.937854354432286,21,0.0205078125,0.8515625,False,False,False,,AES|m2|p0|r1,2,0,1,305704560,105,145.61801952063576,-145.61801952063576,0.1
AES,full_noise_campaign,es_stdp_teacher_off,2,1074489166,ES+STDP teacher-free,poisson_mixed,25.0,0.0,128,0.6444435429293662,0.044921875,90.389375,7.017319362244601,28,0.02734375,0.78125,False,False,False,,AES|m2|p0|r1,2,0,1,105300843,105,145.61801952063576,-145.61801952063576,0.1
AES,full_noise_campaign,es_stdp_teacher_off,2,1074489166,ES+STDP teacher-free,poisson_mixed,50.0,0.0,128,0.6503034860361367,0.048828125,92.52437499999998,7.133455091432578,25,0.0244140625,0.828125,False,False,False,,AES|m2|p0|r1,2,0,1,492452156,105,145.61801952063576,-145.61801952063576,0.1
AES,full_noise_campaign,es_stdp_teacher_off,2,1074489166,ES+STDP teacher-free,poisson_mixed,100.0,0.0,128,0.6467785649001598,0.0595703125,96.12437499999996,7.364179202246586,34,0.033203125,0.7734375,False,False,False,,AES|m2|p0|r1,2,0,1,805757791,105,145.61801952063576,-145.61801952063576,0.1
AES,full_noise_campaign,es_stdp_teacher_off,2,919485871,ES+STDP teacher-free,none,0.0,0.0,128,0.6543652249965817,0.0439453125,89.29375000000005,6.928870542435101,23,0.0224609375,0.8359375,False,False,False,,AES|m2|p1|r0,2,1,0,2006977998,105,145.61801952063576,-145.61801952063576,0.1
AES,full_noise_campaign,es_stdp_teacher_off,2,919485871,ES+STDP teacher-free,poisson_excitatory,5.0,0.0,128,0.6504773839842528,0.0380859375,89.14437500000005,6.93845090853985,21,0.0205078125,0.84375,False,False,False,,AES|m2|p1|r0,2,1,0,1383051935,105,145.61801952063576,-145.61801952063576,0.1
AES,full_noise_campaign,es_stdp_teacher_off,2,919485871,ES+STDP teacher-free,poisson_excitatory,10.0,0.0,128,0.6453046000096947,0.0400390625,89.07937500000004,6.945262127454912,19,0.0185546875,0.8515625,False,False,False,,AES|m2|p1|r0,2,1,0,1861886831,105,145.61801952063576,-145.61801952063576,0.1
AES,full_noise_campaign,es_stdp_teacher_off,2,919485871,ES+STDP teacher-free,poisson_excitatory,25.0,0.0,128,0.6583375248592347,0.0400390625,91.17500000000004,7.1314878062236895,22,0.021484375,0.8515625,False,False,False,,AES|m2|p1|r0,2,1,0,2055491180,105,145.61801952063576,-145.61801952063576,0.1
AES,full_noise_campaign,es_stdp_teacher_off,2,919485871,ES+STDP teacher-free,poisson_excitatory,50.0,0.0,128,0.6508586420677602,0.0927734375,98.47749999999999,7.6373648555050195,54,0.052734375,0.671875,False,False,False,,AES|m2|p1|r0,2,1,0,1637397565,105,145.61801952063576,-145.61801952063576,0.1
AES,full_noise_campaign,es_stdp_teacher_off,2,919485871,ES+STDP teacher-free,poisson_excitatory,100.0,0.0,128,0.6471337468829006,0.2685546875,125.34187499999996,9.204994332830424,164,0.16015625,0.2578125,False,False,False,,AES|m2|p1|r0,2,1,0,1199378776,105,145.61801952063576,-145.61801952063576,0.1
AES,full_noise_campaign,es_stdp_teacher_off,2,919485871,ES+STDP teacher-free,poisson_inhibitory,5.0,0.0,128,0.6471282090060413,0.041015625,90.03312500000001,6.954050672080442,22,0.021484375,0.8359375,False,False,False,,AES|m2|p1|r0,2,1,0,209890833,105,145.61801952063576,-145.61801952063576,0.1
AES,full_noise_campaign,es_stdp_teacher_off,2,919485871,ES+STDP teacher-free,poisson_inhibitory,10.0,0.0,128,0.6447225869633257,0.04296875,90.68750000000003,6.976046476367342,23,0.0224609375,0.828125,False,False,False,,AES|m2|p1|r0,2,1,0,119672016,105,145.61801952063576,-145.61801952063576,0.1
AES,full_noise_campaign,es_stdp_teacher_off,2,919485871,ES+STDP teacher-free,poisson_inhibitory,25.0,0.0,128,0.645348469959572,0.046875,92.65062500000003,7.051223450483995,26,0.025390625,0.8125,False,False,False,,AES|m2|p1|r0,2,1,0,324821451,105,145.61801952063576,-145.61801952063576,0.1
AES,full_noise_campaign,es_stdp_teacher_off,2,919485871,ES+STDP teacher-free,poisson_inhibitory,50.0,0.0,128,0.6458865229506046,0.0634765625,96.31750000000002,7.2358238819789245,32,0.03125,0.765625,False,False,False,,AES|m2|p1|r0,2,1,0,138451996,105,145.61801952063576,-145.61801952063576,0.1
AES,full_noise_campaign,es_stdp_teacher_off,2,919485871,ES+STDP teacher-free,poisson_inhibitory,100.0,0.0,128,0.6472224919125438,0.1689453125,101.4875000000001,7.681346483171021,120,0.1171875,0.359375,False,False,False,,AES|m2|p1|r0,2,1,0,270081050,105,145.61801952063576,-145.61801952063576,0.1
AES,full_noise_campaign,es_stdp_teacher_off,2,919485871,ES+STDP teacher-free,poisson_mixed,5.0,0.0,128,0.6478093420155346,0.04296875,89.36875000000008,6.933912696153163,21,0.0205078125,0.8359375,False,False,False,,AES|m2|p1|r0,2,1,0,70584231,105,145.61801952063576,-145.61801952063576,0.1
AES,full_noise_campaign,es_stdp_teacher_off,2,919485871,ES+STDP teacher-free,poisson_mixed,10.0,0.0,128,0.6548458621837199,0.03515625,89.63250000000002,6.946771532348686,19,0.0185546875,0.859375,False,False,False,,AES|m2|p1|r0,2,1,0,1618473454,105,145.61801952063576,-145.61801952063576,0.1
AES,full_noise_campaign,es_stdp_teacher_off,2,919485871,ES+STDP teacher-free,poisson_mixed,25.0,0.0,128,0.6460817561019212,0.0341796875,90.48000000000006,6.999439715654849,18,0.017578125,0.8671875,False,False,False,,AES|m2|p1|r0,2,1,0,1946787057,105,145.61801952063576,-145.61801952063576,0.1
AES,full_noise_campaign,es_stdp_teacher_off,2,919485871,ES+STDP teacher-free,poisson_mixed,50.0,0.0,128,0.6438237121328712,0.0322265625,91.21312500000005,7.0543856548922355,18,0.017578125,0.8828125,False,False,False,,AES|m2|p1|r0,2,1,0,1863673534,105,145.61801952063576,-145.61801952063576,0.1
AES,full_noise_campaign,es_stdp_teacher_off,2,919485871,ES+STDP teacher-free,poisson_mixed,100.0,0.0,128,0.6486676891800016,0.0498046875,95.85125000000004,7.322039807337925,28,0.02734375,0.8046875,False,False,False,,AES|m2|p1|r0,2,1,0,883919529,105,145.61801952063576,-145.61801952063576,0.1
AES,full_noise_campaign,es_stdp_teacher_off,2,1103695165,ES+STDP teacher-free,none,0.0,0.0,128,0.6465846879873425,0.0439453125,89.29375000000005,6.928870542435101,23,0.0224609375,0.8359375,False,False,False,,AES|m2|p1|r1,2,1,1,409102023,105,145.61801952063576,-145.61801952063576,0.1
AES,full_noise_campaign,es_stdp_teacher_off,2,1103695165,ES+STDP teacher-free,poisson_excitatory,5.0,0.0,128,0.6497114398516715,0.037109375,89.26812500000005,6.9406652821911194,20,0.01953125,0.8515625,False,False,False,,AES|m2|p1|r1,2,1,1,1397413757,105,145.61801952063576,-145.61801952063576,0.1
AES,full_noise_campaign,es_stdp_teacher_off,2,1103695165,ES+STDP teacher-free,poisson_excitatory,10.0,0.0,128,0.6508847209624946,0.029296875,89.033125,6.9456381243793714,17,0.0166015625,0.875,False,False,False,,AES|m2|p1|r1,2,1,1,1265742708,105,145.61801952063576,-145.61801952063576,0.1
AES,full_noise_campaign,es_stdp_teacher_off,2,1103695165,ES+STDP teacher-free,poisson_excitatory,25.0,0.0,128,0.6571235859300941,0.041015625,91.36437499999997,7.139370416972481,20,0.01953125,0.84375,False,False,False,,AES|m2|p1|r1,2,1,1,1594875513,105,145.61801952063576,-145.61801952063576,0.1
AES,full_noise_campaign,es_stdp_teacher_off,2,1103695165,ES+STDP teacher-free,poisson_excitatory,50.0,0.0,128,0.6447601020336151,0.1025390625,99.63187499999998,7.660768715259243,57,0.0556640625,0.6328125,False,False,False,,AES|m2|p1|r1,2,1,1,1142105160,105,145.61801952063576,-145.61801952063576,0.1
AES,full_noise_campaign,es_stdp_teacher_off,2,1103695165,ES+STDP teacher-free,poisson_excitatory,100.0,0.0,128,0.6452205891255289,0.2744140625,125.72999999999993,9.250338970776092,160,0.15625,0.2421875,False,False,False,,AES|m2|p1|r1,2,1,1,543209444,105,145.61801952063576,-145.61801952063576,0.1
AES,full_noise_campaign,es_stdp_teacher_off,2,1103695165,ES+STDP teacher-free,poisson_inhibitory,5.0,0.0,128,0.6543261350598186,0.041015625,89.53500000000003,6.9208258145284525,20,0.01953125,0.8515625,False,False,False,,AES|m2|p1|r1,2,1,1,229099755,105,145.61801952063576,-145.61801952063576,0.1
AES,full_noise_campaign,es_stdp_teacher_off,2,1103695165,ES+STDP teacher-free,poisson_inhibitory,10.0,0.0,128,0.6557121290825307,0.0380859375,90.47687500000008,6.968966196909893,18,0.017578125,0.8671875,False,False,False,,AES|m2|p1|r1,2,1,1,581541077,105,145.61801952063576,-145.61801952063576,0.1
AES,full_noise_campaign,es_stdp_teacher_off,2,1103695165,ES+STDP teacher-free,poisson_inhibitory,25.0,0.0,128,0.6461725770495832,0.0439453125,92.64625000000004,7.056954438415424,22,0.021484375,0.8359375,False,False,False,,AES|m2|p1|r1,2,1,1,920121816,105,145.61801952063576,-145.61801952063576,0.1
AES,full_noise_campaign,es_stdp_teacher_off,2,1103695165,ES+STDP teacher-free,poisson_inhibitory,50.0,0.0,128,0.6466996229719371,0.0576171875,96.21625000000012,7.248868805204416,36,0.03515625,0.7734375,False,False,False,,AES|m2|p1|r1,2,1,1,768281639,105,145.61801952063576,-145.61801952063576,0.1
AES,full_noise_campaign,es_stdp_teacher_off,2,1103695165,ES+STDP teacher-free,poisson_inhibitory,100.0,0.0,128,0.6444942138623446,0.171875,101.7425,7.690695277635729,119,0.1162109375,0.3984375,False,False,False,,AES|m2|p1|r1,2,1,1,1996799394,105,145.61801952063576,-145.61801952063576,0.1
AES,full_noise_campaign,es_stdp_teacher_off,2,1103695165,ES+STDP teacher-free,poisson_mixed,5.0,0.0,128,0.6429173739161342,0.0341796875,89.52500000000005,6.939288757735722,19,0.0185546875,0.859375,False,False,False,,AES|m2|p1|r1,2,1,1,1406633806,105,145.61801952063576,-145.61801952063576,0.1
AES,full_noise_campaign,es_stdp_teacher_off,2,1103695165,ES+STDP teacher-free,poisson_mixed,10.0,0.0,128,0.6507915731053799,0.0380859375,89.53750000000002,6.9410753880474045,15,0.0146484375,0.890625,False,False,False,,AES|m2|p1|r1,2,1,1,84986544,105,145.61801952063576,-145.61801952063576,0.1
AES,full_noise_campaign,es_stdp_teacher_off,2,1103695165,ES+STDP teacher-free,poisson_mixed,25.0,0.0,128,0.6571646588854492,0.0361328125,90.18562500000007,6.98780612633016,20,0.01953125,0.8515625,False,False,False,,AES|m2|p1|r1,2,1,1,292464555,105,145.61801952063576,-145.61801952063576,0.1
AES,full_noise_campaign,es_stdp_teacher_off,2,1103695165,ES+STDP teacher-free,poisson_mixed,50.0,0.0,128,0.6475838560145348,0.041015625,92.87375000000009,7.140146644115028,23,0.0224609375,0.828125,False,False,False,,AES|m2|p1|r1,2,1,1,175267324,105,145.61801952063576,-145.61801952063576,0.1
AES,full_noise_campaign,es_stdp_teacher_off,2,1103695165,ES+STDP teacher-free,poisson_mixed,100.0,0.0,128,0.6550502348691225,0.0546875,95.91500000000006,7.31939548134523,30,0.029296875,0.7890625,False,False,False,,AES|m2|p1|r1,2,1,1,729090572,105,145.61801952063576,-145.61801952063576,0.1
AES,full_noise_campaign,es_stdp_teacher_off,2,881361926,ES+STDP teacher-free,none,0.0,0.0,128,0.6483677770011127,0.0419921875,87.96624999999997,6.8798733829163385,23,0.0224609375,0.84375,False,False,False,,AES|m2|p2|r0,2,2,0,4120446,105,145.61801952063576,-145.61801952063576,0.1
AES,full_noise_campaign,es_stdp_teacher_off,2,881361926,ES+STDP teacher-free,poisson_excitatory,5.0,0.0,128,0.6467428160831332,0.04296875,87.98874999999998,6.893363737122204,24,0.0234375,0.828125,False,False,False,,AES|m2|p2|r0,2,2,0,540565430,105,145.61801952063576,-145.61801952063576,0.1
AES,full_noise_campaign,es_stdp_teacher_off,2,881361926,ES+STDP teacher-free,poisson_excitatory,10.0,0.0,128,0.6560859959572554,0.029296875,88.26499999999999,6.916441410613711,16,0.015625,0.875,False,False,False,,AES|m2|p2|r0,2,2,0,1567493809,105,145.61801952063576,-145.61801952063576,0.1
AES,full_noise_campaign,es_stdp_teacher_off,2,881361926,ES+STDP teacher-free,poisson_excitatory,25.0,0.0,128,0.649369030026719,0.0537109375,91.50437500000001,7.1656915787000806,27,0.0263671875,0.796875,False,False,False,,AES|m2|p2|r0,2,2,0,1225810860,105,145.61801952063576,-145.61801952063576,0.1
AES,full_noise_campaign,es_stdp_teacher_off,2,881361926,ES+STDP teacher-free,poisson_excitatory,50.0,0.0,128,0.6467052199877799,0.109375,100.17749999999998,7.732889559403951,64,0.0625,0.6015625,False,False,False,,AES|m2|p2|r0,2,2,0,1376557563,105,145.61801952063576,-145.61801952063576,0.1
AES,full_noise_campaign,es_stdp_teacher_off,2,881361926,ES+STDP teacher-free,poisson_excitatory,100.0,0.0,128,0.6448650700040162,0.248046875,123.79187499999992,9.14040810954512,146,0.142578125,0.3046875,False,False,False,,AES|m2|p2|r0,2,2,0,1168315955,105,145.61801952063576,-145.61801952063576,0.1
AES,full_noise_campaign,es_stdp_teacher_off,2,881361926,ES+STDP teacher-free,poisson_inhibitory,5.0,0.0,128,0.6464089578948915,0.0439453125,89.06437499999998,6.927298052578257,27,0.0263671875,0.8046875,False,False,False,,AES|m2|p2|r0,2,2,0,2127904842,105,145.61801952063576,-145.61801952063576,0.1
AES,full_noise_campaign,es_stdp_teacher_off,2,881361926,ES+STDP teacher-free,poisson_inhibitory,10.0,0.0,128,0.6506783741060644,0.0458984375,89.778125,6.954005328060038,26,0.025390625,0.8046875,False,False,False,,AES|m2|p2|r0,2,2,0,884351376,105,145.61801952063576,-145.61801952063576,0.1
AES,full_noise_campaign,es_stdp_teacher_off,2,881361926,ES+STDP teacher-free,poisson_inhibitory,25.0,0.0,128,0.6473303709644824,0.044921875,91.81562500000004,7.038476545133188,27,0.0263671875,0.8203125,False,False,False,,AES|m2|p2|r0,2,2,0,549997709,105,145.61801952063576,-145.61801952063576,0.1
AES,full_noise_campaign,es_stdp_teacher_off,2,881361926,ES+STDP teacher-free,poisson_inhibitory,50.0,0.0,128,0.6457649888470769,0.0615234375,95.20125000000003,7.221244485257376,37,0.0361328125,0.7421875,False,False,False,,AES|m2|p2|r0,2,2,0,1003796060,105,145.61801952063576,-145.61801952063576,0.1
AES,full_noise_campaign,es_stdp_teacher_off,2,881361926,ES+STDP teacher-free,poisson_inhibitory,100.0,0.0,128,0.6575773910153657,0.181640625,100.24499999999998,7.666902768717035,129,0.1259765625,0.2578125,False,False,False,,AES|m2|p2|r0,2,2,0,315038963,105,145.61801952063576,-145.61801952063576,0.1
AES,full_noise_campaign,es_stdp_teacher_off,2,881361926,ES+STDP teacher-free,poisson_mixed,5.0,0.0,128,0.6506020380184054,0.0361328125,88.02374999999998,6.88376340249272,22,0.021484375,0.8671875,False,False,False,,AES|m2|p2|r0,2,2,0,2133558730,105,145.61801952063576,-145.61801952063576,0.1
AES,full_noise_campaign,es_stdp_teacher_off,2,881361926,ES+STDP teacher-free,poisson_mixed,10.0,0.0,128,0.6460685941856354,0.041015625,88.51062499999996,6.909944794647467,22,0.021484375,0.84375,False,False,False,,AES|m2|p2|r0,2,2,0,1494178990,105,145.61801952063576,-145.61801952063576,0.1
AES,full_noise_campaign,es_stdp_teacher_off,2,881361926,ES+STDP teacher-free,poisson_mixed,25.0,0.0,128,0.6492981819901615,0.041015625,89.67500000000004,6.980790168822948,25,0.0244140625,0.8359375,False,False,False,,AES|m2|p2|r0,2,2,0,1299263921,105,145.61801952063576,-145.61801952063576,0.1
AES,full_noise_campaign,es_stdp_teacher_off,2,881361926,ES+STDP teacher-free,poisson_mixed,50.0,0.0,128,0.6492737140506506,0.0419921875,91.52375000000002,7.08914318922535,26,0.025390625,0.8046875,False,False,False,,AES|m2|p2|r0,2,2,0,1450036222,105,145.61801952063576,-145.61801952063576,0.1
AES,full_noise_campaign,es_stdp_teacher_off,2,881361926,ES+STDP teacher-free,poisson_mixed,100.0,0.0,128,0.6483336288947612,0.0498046875,95.07249999999999,7.288356439588702,31,0.0302734375,0.7734375,False,False,False,,AES|m2|p2|r0,2,2,0,1112191852,105,145.61801952063576,-145.61801952063576,0.1
AES,full_noise_campaign,es_stdp_teacher_off,2,1133491060,ES+STDP teacher-free,none,0.0,0.0,128,0.6553414470981807,0.0419921875,87.96624999999997,6.8798733829163385,23,0.0224609375,0.84375,False,False,False,,AES|m2|p2|r1,2,2,1,1878832279,105,145.61801952063576,-145.61801952063576,0.1
AES,full_noise_campaign,es_stdp_teacher_off,2,1133491060,ES+STDP teacher-free,poisson_excitatory,5.0,0.0,128,0.6491846549324691,0.0419921875,88.35187499999998,6.91439917493507,26,0.025390625,0.8125,False,False,False,,AES|m2|p2|r1,2,2,1,555563734,105,145.61801952063576,-145.61801952063576,0.1
AES,full_noise_campaign,es_stdp_teacher_off,2,1133491060,ES+STDP teacher-free,poisson_excitatory,10.0,0.0,128,0.6565739628858864,0.037109375,88.0575,6.911930640278503,24,0.0234375,0.8359375,False,False,False,,AES|m2|p2|r1,2,2,1,2028314292,105,145.61801952063576,-145.61801952063576,0.1
AES,full_noise_campaign,es_stdp_teacher_off,2,1133491060,ES+STDP teacher-free,poisson_excitatory,25.0,0.0,128,0.657627500128001,0.0498046875,91.09,7.1255507634456094,25,0.0244140625,0.8203125,False,False,False,,AES|m2|p2|r1,2,2,1,1822159799,105,145.61801952063576,-145.61801952063576,0.1
AES,full_noise_campaign,es_stdp_teacher_off,2,1133491060,ES+STDP teacher-free,poisson_excitatory,50.0,0.0,128,0.6463676420971751,0.1181640625,101.02937499999999,7.774238614543672,71,0.0693359375,0.5234375,False,False,False,,AES|m2|p2|r1,2,2,1,2005338632,105,145.61801952063576,-145.61801952063576,0.1
AES,full_noise_campaign,es_stdp_teacher_off,2,1133491060,ES+STDP teacher-free,poisson_excitatory,100.0,0.0,128,0.6475609031040221,0.25390625,123.90562499999993,9.151175035774559,152,0.1484375,0.2421875,False,False,False,,AES|m2|p2|r1,2,2,1,582922441,105,145.61801952063576,-145.61801952063576,0.1
AES,full_noise_campaign,es_stdp_teacher_off,2,1133491060,ES+STDP teacher-free,poisson_inhibitory,5.0,0.0,128,0.6469752169214189,0.0390625,88.59250000000003,6.8991033474442816,23,0.0224609375,0.828125,False,False,False,,AES|m2|p2|r1,2,2,1,2146444642,105,145.61801952063576,-145.61801952063576,0.1
AES,full_noise_campaign,es_stdp_teacher_off,2,1133491060,ES+STDP teacher-free,poisson_inhibitory,10.0,0.0,128,0.6478406700771302,0.0400390625,89.384375,6.934976450539066,25,0.0244140625,0.8359375,False,False,False,,AES|m2|p2|r1,2,2,1,289255827,105,145.61801952063576,-145.61801952063576,0.1
AES,full_noise_campaign,es_stdp_teacher_off,2,1133491060,ES+STDP teacher-free,poisson_inhibitory,25.0,0.0,128,0.6442068149335682,0.0498046875,91.51437500000002,7.022198902635598,29,0.0283203125,0.8046875,False,False,False,,AES|m2|p2|r1,2,2,1,88333464,105,145.61801952063576,-145.61801952063576,0.1
AES,full_noise_campaign,es_stdp_teacher_off,2,1133491060,ES+STDP teacher-free,poisson_inhibitory,50.0,0.0,128,0.6459014678839594,0.0537109375,94.89687500000002,7.215155310210489,31,0.0302734375,0.78125,False,False,False,,AES|m2|p2|r1,2,2,1,509552233,105,145.61801952063576,-145.61801952063576,0.1
AES,full_noise_campaign,es_stdp_teacher_off,2,1133491060,ES+STDP teacher-free,poisson_inhibitory,100.0,0.0,128,0.6485912010539323,0.1689453125,99.98187500000002,7.637792047668768,110,0.107421875,0.375,False,False,False,,AES|m2|p2|r1,2,2,1,1977268873,105,145.61801952063576,-145.61801952063576,0.1
AES,full_noise_campaign,es_stdp_teacher_off,2,1133491060,ES+STDP teacher-free,poisson_mixed,5.0,0.0,128,0.6493623980786651,0.0390625,88.72625,6.921654569244828,24,0.0234375,0.84375,False,False,False,,AES|m2|p2|r1,2,2,1,684262897,105,145.61801952063576,-145.61801952063576,0.1
AES,full_noise_campaign,es_stdp_teacher_off,2,1133491060,ES+STDP teacher-free,poisson_mixed,10.0,0.0,128,0.648812300991267,0.033203125,88.57312499999999,6.90943283556784,20,0.01953125,0.8671875,False,False,False,,AES|m2|p2|r1,2,2,1,1013475312,105,145.61801952063576,-145.61801952063576,0.1
AES,full_noise_campaign,es_stdp_teacher_off,2,1133491060,ES+STDP teacher-free,poisson_mixed,25.0,0.0,128,0.6436632720287889,0.0380859375,89.911875,6.987463358536708,22,0.021484375,0.859375,False,False,False,,AES|m2|p2|r1,2,2,1,672533227,105,145.61801952063576,-145.61801952063576,0.1
AES,full_noise_campaign,es_stdp_teacher_off,2,1133491060,ES+STDP teacher-free,poisson_mixed,50.0,0.0,128,0.649797011166811,0.0400390625,91.67312500000003,7.100180033888783,20,0.01953125,0.859375,False,False,False,,AES|m2|p2|r1,2,2,1,856355004,105,145.61801952063576,-145.61801952063576,0.1
AES,full_noise_campaign,es_stdp_teacher_off,2,1133491060,ES+STDP teacher-free,poisson_mixed,100.0,0.0,128,0.6507658120244741,0.0498046875,94.13687500000002,7.254958576216609,24,0.0234375,0.8203125,False,False,False,,AES|m2|p2|r1,2,2,1,1569730823,105,145.61801952063576,-145.61801952063576,0.1
AES,full_noise_campaign,es_stdp_teacher_off,2,894102037,ES+STDP teacher-free,none,0.0,0.0,128,0.6438373031560332,0.048828125,88.50250000000001,6.911102116555405,23,0.0224609375,0.8203125,False,False,False,,AES|m2|p3|r0,2,3,0,463180646,105,145.61801952063576,-145.61801952063576,0.1
AES,full_noise_campaign,es_stdp_teacher_off,2,894102037,ES+STDP teacher-free,poisson_excitatory,5.0,0.0,128,0.6450267450418323,0.0390625,88.22500000000002,6.909075132157868,22,0.021484375,0.828125,False,False,False,,AES|m2|p3|r0,2,3,0,1193670982,105,145.61801952063576,-145.61801952063576,0.1
AES,full_noise_campaign,es_stdp_teacher_off,2,894102037,ES+STDP teacher-free,poisson_excitatory,10.0,0.0,128,0.6451151119545102,0.0390625,88.28875,6.92572162125129,21,0.0205078125,0.8359375,False,False,False,,AES|m2|p3|r0,2,3,0,870454768,105,145.61801952063576,-145.61801952063576,0.1
AES,full_noise_campaign,es_stdp_teacher_off,2,894102037,ES+STDP teacher-free,poisson_excitatory,25.0,0.0,128,0.6553498718421906,0.048828125,91.56124999999999,7.150913174042753,26,0.025390625,0.8203125,False,False,False,,AES|m2|p3|r0,2,3,0,664565997,105,145.61801952063576,-145.61801952063576,0.1
AES,full_noise_campaign,es_stdp_teacher_off,2,894102037,ES+STDP teacher-free,poisson_excitatory,50.0,0.0,128,0.6461614349391311,0.10546875,99.60562499999997,7.675133076092832,60,0.05859375,0.6328125,False,False,False,,AES|m2|p3|r0,2,3,0,1015055036,105,145.61801952063576,-145.61801952063576,0.1
AES,full_noise_campaign,es_stdp_teacher_off,2,894102037,ES+STDP teacher-free,poisson_excitatory,100.0,0.0,128,0.6566165550611913,0.236328125,123.65749999999993,9.143745703103694,152,0.1484375,0.265625,False,False,False,,AES|m2|p3|r0,2,3,0,1142352702,105,145.61801952063576,-145.61801952063576,0.1
AES,full_noise_campaign,es_stdp_teacher_off,2,894102037,ES+STDP teacher-free,poisson_inhibitory,5.0,0.0,128,0.6602866279426962,0.044921875,89.21375,6.936103702773467,24,0.0234375,0.8125,False,False,False,,AES|m2|p3|r0,2,3,0,432596658,105,145.61801952063576,-145.61801952063576,0.1
AES,full_noise_campaign,es_stdp_teacher_off,2,894102037,ES+STDP teacher-free,poisson_inhibitory,10.0,0.0,128,0.6523125469684601,0.044921875,89.84562500000001,6.951312379690138,18,0.017578125,0.8671875,False,False,False,,AES|m2|p3|r0,2,3,0,1513765457,105,145.61801952063576,-145.61801952063576,0.1
AES,full_noise_campaign,es_stdp_teacher_off,2,894102037,ES+STDP teacher-free,poisson_inhibitory,25.0,0.0,128,0.6506388699635863,0.0478515625,92.165,7.049395407600752,23,0.0224609375,0.8203125,False,False,False,,AES|m2|p3|r0,2,3,0,1313101644,105,145.61801952063576,-145.61801952063576,0.1
AES,full_noise_campaign,es_stdp_teacher_off,2,894102037,ES+STDP teacher-free,poisson_inhibitory,50.0,0.0,128,0.6525845129508525,0.0546875,95.14375000000001,7.208267568805258,27,0.0263671875,0.8046875,False,False,False,,AES|m2|p3|r0,2,3,0,1431874971,105,145.61801952063576,-145.61801952063576,0.1
AES,full_noise_campaign,es_stdp_teacher_off,2,894102037,ES+STDP teacher-free,poisson_inhibitory,100.0,0.0,128,0.6563100281637162,0.1728515625,99.66437500000004,7.618484762228901,121,0.1181640625,0.34375,False,False,False,,AES|m2|p3|r0,2,3,0,326296064,105,145.61801952063576,-145.61801952063576,0.1
AES,full_noise_campaign,es_stdp_teacher_off,2,894102037,ES+STDP teacher-free,poisson_mixed,5.0,0.0,128,0.6529068530071527,0.0439453125,88.71687500000003,6.922129597032082,22,0.021484375,0.828125,False,False,False,,AES|m2|p3|r0,2,3,0,1626408491,105,145.61801952063576,-145.61801952063576,0.1
AES,full_noise_campaign,es_stdp_teacher_off,2,894102037,ES+STDP teacher-free,poisson_mixed,10.0,0.0,128,0.6560280411504209,0.0283203125,88.86062500000006,6.931369370964584,14,0.013671875,0.890625,False,False,False,,AES|m2|p3|r0,2,3,0,1311193198,105,145.61801952063576,-145.61801952063576,0.1
AES,full_noise_campaign,es_stdp_teacher_off,2,894102037,ES+STDP teacher-free,poisson_mixed,25.0,0.0,128,0.6533122640103102,0.03515625,89.99125000000006,6.985147862261263,15,0.0146484375,0.8828125,False,False,False,,AES|m2|p3|r0,2,3,0,1515804017,105,145.61801952063576,-145.61801952063576,0.1
AES,full_noise_campaign,es_stdp_teacher_off,2,894102037,ES+STDP teacher-free,poisson_mixed,50.0,0.0,128,0.6651938799768686,0.04296875,91.55750000000002,7.083086917336851,24,0.0234375,0.828125,False,False,False,,AES|m2|p3|r0,2,3,0,1095085886,105,145.61801952063576,-145.61801952063576,0.1
AES,full_noise_campaign,es_stdp_teacher_off,2,894102037,ES+STDP teacher-free,poisson_mixed,100.0,0.0,128,0.6684364508837461,0.052734375,94.27999999999999,7.2608611386055335,26,0.025390625,0.8046875,False,False,False,,AES|m2|p3|r0,2,3,0,1496930753,105,145.61801952063576,-145.61801952063576,0.1
AES,full_noise_campaign,es_stdp_teacher_off,2,1112398247,ES+STDP teacher-free,none,0.0,0.0,128,0.6471234150230885,0.048828125,88.50250000000001,6.911102116555405,23,0.0224609375,0.8203125,False,False,False,,AES|m2|p3|r1,2,3,1,1952053293,105,145.61801952063576,-145.61801952063576,0.1
AES,full_noise_campaign,es_stdp_teacher_off,2,1112398247,ES+STDP teacher-free,poisson_excitatory,5.0,0.0,128,0.6485430530738086,0.0400390625,88.103125,6.899886046947746,22,0.021484375,0.828125,False,False,False,,AES|m2|p3|r1,2,3,1,1174445158,105,145.61801952063576,-145.61801952063576,0.1
AES,full_noise_campaign,es_stdp_teacher_off,2,1112398247,ES+STDP teacher-free,poisson_excitatory,10.0,0.0,128,0.646513830171898,0.0390625,89.07125000000005,6.972453421119917,21,0.0205078125,0.8359375,False,False,False,,AES|m2|p3|r1,2,3,1,376014323,105,145.61801952063576,-145.61801952063576,0.1
AES,full_noise_campaign,es_stdp_teacher_off,2,1112398247,ES+STDP teacher-free,poisson_excitatory,25.0,0.0,128,0.6441838049795479,0.04296875,90.48687499999996,7.096264309992211,17,0.0166015625,0.8671875,False,False,False,,AES|m2|p3|r1,2,3,1,35121400,105,145.61801952063576,-145.61801952063576,0.1
AES,full_noise_campaign,es_stdp_teacher_off,2,1112398247,ES+STDP teacher-free,poisson_excitatory,50.0,0.0,128,0.6430983820464462,0.1005859375,101.37437499999999,7.808617069987731,69,0.0673828125,0.5625,False,False,False,,AES|m2|p3|r1,2,3,1,420156105,105,145.61801952063576,-145.61801952063576,0.1
AES,full_noise_campaign,es_stdp_teacher_off,2,1112398247,ES+STDP teacher-free,poisson_excitatory,100.0,0.0,128,0.6494144848547876,0.263671875,124.04687499999993,9.134854776481559,147,0.1435546875,0.3359375,False,False,False,,AES|m2|p3|r1,2,3,1,587943342,105,145.61801952063576,-145.61801952063576,0.1
AES,full_noise_campaign,es_stdp_teacher_off,2,1112398247,ES+STDP teacher-free,poisson_inhibitory,5.0,0.0,128,0.6540010550525039,0.041015625,89.13125000000002,6.929739688391743,18,0.017578125,0.859375,False,False,False,,AES|m2|p3|r1,2,3,1,418218970,105,145.61801952063576,-145.61801952063576,0.1
AES,full_noise_campaign,es_stdp_teacher_off,2,1112398247,ES+STDP teacher-free,poisson_inhibitory,10.0,0.0,128,0.6583966098260134,0.046875,89.64750000000002,6.947216262124873,23,0.0224609375,0.8203125,False,False,False,,AES|m2|p3|r1,2,3,1,2142349908,105,145.61801952063576,-145.61801952063576,0.1
AES,full_noise_campaign,es_stdp_teacher_off,2,1112398247,ES+STDP teacher-free,poisson_inhibitory,25.0,0.0,128,0.647355595137924,0.044921875,91.90437500000002,7.034342654998783,20,0.01953125,0.859375,False,False,False,,AES|m2|p3|r1,2,3,1,1808779095,105,145.61801952063576,-145.61801952063576,0.1
AES,full_noise_campaign,es_stdp_teacher_off,2,1112398247,ES+STDP teacher-free,poisson_inhibitory,50.0,0.0,128,0.6434041550382972,0.0556640625,95.25500000000004,7.219043591013737,30,0.029296875,0.8046875,False,False,False,,AES|m2|p3|r1,2,3,1,1892892072,105,145.61801952063576,-145.61801952063576,0.1
AES,full_noise_campaign,es_stdp_teacher_off,2,1112398247,ES+STDP teacher-free,poisson_inhibitory,100.0,0.0,128,0.6466277511790395,0.1630859375,100.20437499999994,7.637885185424509,113,0.1103515625,0.375,False,False,False,,AES|m2|p3|r1,2,3,1,1953449836,105,145.61801952063576,-145.61801952063576,0.1
AES,full_noise_campaign,es_stdp_teacher_off,2,1112398247,ES+STDP teacher-free,poisson_mixed,5.0,0.0,128,0.6454793789889663,0.0390625,88.64937500000005,6.914474960150059,19,0.0185546875,0.8515625,False,False,False,,AES|m2|p3|r1,2,3,1,924026500,105,145.61801952063576,-145.61801952063576,0.1
AES,full_noise_campaign,es_stdp_teacher_off,2,1112398247,ES+STDP teacher-free,poisson_mixed,10.0,0.0,128,0.6471168380230665,0.0400390625,88.97374999999997,6.931010500509622,19,0.0185546875,0.8515625,False,False,False,,AES|m2|p3|r1,2,3,1,725615408,105,145.61801952063576,-145.61801952063576,0.1
AES,full_noise_campaign,es_stdp_teacher_off,2,1112398247,ES+STDP teacher-free,poisson_mixed,25.0,0.0,128,0.6457166990730911,0.0263671875,89.73124999999997,6.974767406741591,12,0.01171875,0.90625,False,False,False,,AES|m2|p3|r1,2,3,1,1061056043,105,145.61801952063576,-145.61801952063576,0.1
AES,full_noise_campaign,es_stdp_teacher_off,2,1112398247,ES+STDP teacher-free,poisson_mixed,50.0,0.0,128,0.6467118568252772,0.0390625,91.16687499999998,7.0573220924631475,20,0.01953125,0.84375,False,False,False,,AES|m2|p3|r1,2,3,1,606246012,105,145.61801952063576,-145.61801952063576,0.1
AES,full_noise_campaign,es_stdp_teacher_off,2,1112398247,ES+STDP teacher-free,poisson_mixed,100.0,0.0,128,0.6483756578527391,0.046875,95.324375,7.315660961980047,25,0.0244140625,0.8203125,False,False,False,,AES|m2|p3|r1,2,3,1,1189337650,105,145.61801952063576,-145.61801952063576,0.1
ChaCha20,full_noise_campaign,es_stdp_teacher_off,0,2114134027,ES+STDP teacher-free,none,0.0,0.0,117,0.6004114230163395,0.045940170940170943,80.43687500000004,6.554939642668655,29,0.030982905982905984,0.7863247863247863,False,True,False,0.00952380952380949,ChaCha20|m0|p0|r0,0,0,0,920548198,105,145.61801952063576,-145.61801952063576,0.1
ChaCha20,full_noise_campaign,es_stdp_teacher_off,0,2114134027,ES+STDP teacher-free,poisson_excitatory,5.0,0.0,117,0.6018265627790242,0.0438034188034188,80.91562500000003,6.597504415958363,26,0.027777777777777776,0.811965811965812,False,True,False,0.0,ChaCha20|m0|p0|r0,0,0,0,509123432,105,145.61801952063576,-145.61801952063576,0.1
ChaCha20,full_noise_campaign,es_stdp_teacher_off,0,2114134027,ES+STDP teacher-free,poisson_excitatory,10.0,0.0,117,0.6051130469422787,0.03952991452991453,80.89437500000007,6.610133084263904,21,0.022435897435897436,0.8461538461538461,False,True,False,0.00952380952380949,ChaCha20|m0|p0|r0,0,0,0,1639378308,105,145.61801952063576,-145.61801952063576,0.1
ChaCha20,full_noise_campaign,es_stdp_teacher_off,0,2114134027,ES+STDP teacher-free,poisson_excitatory,25.0,0.0,117,0.591127451043576,0.05128205128205128,83.64500000000001,6.8360743396319865,28,0.029914529914529916,0.7692307692307692,False,True,False,0.00952380952380949,ChaCha20|m0|p0|r0,0,0,0,1976074375,105,145.61801952063576,-145.61801952063576,0.1
ChaCha20,full_noise_campaign,es_stdp_teacher_off,0,2114134027,ES+STDP teacher-free,poisson_excitatory,50.0,0.0,117,0.5919637039769441,0.09508547008547008,91.53562500000001,7.391336320865538,45,0.04807692307692308,0.6837606837606838,False,True,False,0.0,ChaCha20|m0|p0|r0,0,0,0,1859418680,105,145.61801952063576,-145.61801952063576,0.1
ChaCha20,full_noise_campaign,es_stdp_teacher_off,0,2114134027,ES+STDP teacher-free,poisson_excitatory,100.0,0.0,117,0.5886269730981439,0.2702991452991453,114.81687499999995,8.83419976050248,161,0.172008547008547,0.17948717948717952,False,True,False,0.0,ChaCha20|m0|p0|r0,0,0,0,611594595,105,145.61801952063576,-145.61801952063576,0.1
ChaCha20,full_noise_campaign,es_stdp_teacher_off,0,2114134027,ES+STDP teacher-free,poisson_inhibitory,5.0,0.0,117,0.5901537269819528,0.05128205128205128,81.75437500000004,6.61671580870769,27,0.028846153846153848,0.8034188034188035,False,True,False,0.00952380952380949,ChaCha20|m0|p0|r0,0,0,0,1085637848,105,145.61801952063576,-145.61801952063576,0.1
ChaCha20,full_noise_campaign,es_stdp_teacher_off,0,2114134027,ES+STDP teacher-free,poisson_inhibitory,10.0,0.0,117,0.5903714790474623,0.041666666666666664,82.10437500000003,6.6283268614743776,22,0.023504273504273504,0.829059829059829,False,True,False,0.00952380952380949,ChaCha20|m0|p0|r0,0,0,0,141476579,105,145.61801952063576,-145.61801952063576,0.1
ChaCha20,full_noise_campaign,es_stdp_teacher_off,0,2114134027,ES+STDP teacher-free,poisson_inhibitory,25.0,0.0,117,0.5953684221021831,0.04807692307692308,84.17125000000006,6.713818017276495,25,0.026709401709401708,0.811965811965812,False,True,False,0.00952380952380949,ChaCha20|m0|p0|r0,0,0,0,470855656,105,145.61801952063576,-145.61801952063576,0.1
ChaCha20,full_noise_campaign,es_stdp_teacher_off,0,2114134027,ES+STDP teacher-free,poisson_inhibitory,50.0,0.0,117,0.5903141589369625,0.06944444444444445,87.59812500000002,6.915819184430167,39,0.041666666666666664,0.7264957264957265,False,True,False,0.0,ChaCha20|m0|p0|r0,0,0,0,118248985,105,145.61801952063576,-145.61801952063576,0.1
ChaCha20,full_noise_campaign,es_stdp_teacher_off,0,2114134027,ES+STDP teacher-free,poisson_inhibitory,100.0,0.0,117,0.590081328060478,0.19017094017094016,91.713125,7.324986511926767,123,0.13141025641025642,0.32478632478632474,False,True,False,0.01904761904761909,ChaCha20|m0|p0|r0,0,0,0,1930443811,105,145.61801952063576,-145.61801952063576,0.1
ChaCha20,full_noise_campaign,es_stdp_teacher_off,0,2114134027,ES+STDP teacher-free,poisson_mixed,5.0,0.0,117,0.6043626151513308,0.04700854700854701,81.18437500000002,6.600373802636144,25,0.026709401709401708,0.8205128205128205,False,True,False,0.00952380952380949,ChaCha20|m0|p0|r0,0,0,0,888215153,105,145.61801952063576,-145.61801952063576,0.1
ChaCha20,full_noise_campaign,es_stdp_teacher_off,0,2114134027,ES+STDP teacher-free,poisson_mixed,10.0,0.0,117,0.5938609500881284,0.03739316239316239,81.475625,6.61919513890598,19,0.0202991452991453,0.8547008547008547,False,True,False,0.8380952380952381,ChaCha20|m0|p0|r0,0,0,0,1372380448,105,145.61801952063576,-145.61801952063576,0.1
ChaCha20,full_noise_campaign,es_stdp_teacher_off,0,2114134027,ES+STDP teacher-free,poisson_mixed,25.0,0.0,117,0.5903671451378614,0.03632478632478633,82.22875000000003,6.663815656081152,15,0.016025641025641024,0.8974358974358975,False,True,False,0.00952380952380949,ChaCha20|m0|p0|r0,0,0,0,1169338909,105,145.61801952063576,-145.61801952063576,0.1
ChaCha20,full_noise_campaign,es_stdp_teacher_off,0,2114134027,ES+STDP teacher-free,poisson_mixed,50.0,0.0,117,0.5981188139412552,0.04487179487179487,83.95500000000001,6.775952730937118,26,0.027777777777777776,0.7863247863247863,False,True,False,0.0,ChaCha20|m0|p0|r0,0,0,0,1588480972,105,145.61801952063576,-145.61801952063576,0.1
ChaCha20,full_noise_campaign,es_stdp_teacher_off,0,2114134027,ES+STDP teacher-free,poisson_mixed,100.0,0.0,117,0.5934511029627174,0.08012820512820513,88.02875000000003,7.031091365050381,36,0.038461538461538464,0.7264957264957265,False,True,False,0.0,ChaCha20|m0|p0|r0,0,0,0,1655567771,105,145.61801952063576,-145.61801952063576,0.1
ChaCha20,full_noise_campaign,es_stdp_teacher_off,0,151269281,ES+STDP teacher-free,none,0.0,0.0,117,0.5894382970873266,0.045940170940170943,80.43687500000004,6.554939642668655,29,0.030982905982905984,0.7863247863247863,False,True,False,0.00952380952380949,ChaCha20|m0|p0|r1,0,0,1,1495013423,105,145.61801952063576,-145.61801952063576,0.1
ChaCha20,full_noise_campaign,es_stdp_teacher_off,0,151269281,ES+STDP teacher-free,poisson_excitatory,5.0,0.0,117,0.594345681136474,0.0405982905982906,80.35562500000006,6.573929855949594,20,0.021367521367521368,0.8547008547008547,False,True,False,0.00952380952380949,ChaCha20|m0|p0|r1,0,0,1,528350788,105,145.61801952063576,-145.61801952063576,0.1
ChaCha20,full_noise_campaign,es_stdp_teacher_off,0,151269281,ES+STDP teacher-free,poisson_excitatory,10.0,0.0,117,0.5895428769290447,0.04700854700854701,80.90437500000002,6.617111127906139,26,0.027777777777777776,0.8034188034188035,False,True,False,0.0,ChaCha20|m0|p0|r1,0,0,1,1144880513,105,145.61801952063576,-145.61801952063576,0.1
ChaCha20,full_noise_campaign,es_stdp_teacher_off,0,151269281,ES+STDP teacher-free,poisson_excitatory,25.0,0.0,117,0.5904622699599713,0.053418803418803416,83.93000000000002,6.865355091716459,23,0.024572649572649572,0.811965811965812,False,True,False,0.00952380952380949,ChaCha20|m0|p0|r1,0,0,1,1346572412,105,145.61801952063576,-145.61801952063576,0.1
ChaCha20,full_noise_campaign,es_stdp_teacher_off,0,151269281,ES+STDP teacher-free,poisson_excitatory,50.0,0.0,117,0.5895066331140697,0.08440170940170941,90.35062500000004,7.319064417841885,39,0.041666666666666664,0.7264957264957265,False,True,False,0.0,ChaCha20|m0|p0|r1,0,0,1,1264577067,105,145.61801952063576,-145.61801952063576,0.1
ChaCha20,full_noise_campaign,es_stdp_teacher_off,0,151269281,ES+STDP teacher-free,poisson_excitatory,100.0,0.0,117,0.5985669419169426,0.2553418803418803,112.76749999999997,8.706922977845327,136,0.1452991452991453,0.18803418803418803,False,True,False,0.0,ChaCha20|m0|p0|r1,0,0,1,1130993625,105,145.61801952063576,-145.61801952063576,0.1
ChaCha20,full_noise_campaign,es_stdp_teacher_off,0,151269281,ES+STDP teacher-free,poisson_inhibitory,5.0,0.0,117,0.5939160219859332,0.04700854700854701,81.261875,6.5911355443958595,26,0.027777777777777776,0.811965811965812,False,True,False,0.0,ChaCha20|m0|p0|r1,0,0,1,1100014004,105,145.61801952063576,-145.61801952063576,0.1
ChaCha20,full_noise_campaign,es_stdp_teacher_off,0,151269281,ES+STDP teacher-free,poisson_inhibitory,10.0,0.0,117,0.6033839581068605,0.0438034188034188,81.984375,6.617550866527267,24,0.02564102564102564,0.8205128205128205,False,True,False,0.0,ChaCha20|m0|p0|r1,0,0,1,770003680,105,145.61801952063576,-145.61801952063576,0.1
ChaCha20,full_noise_campaign,es_stdp_teacher_off,0,151269281,ES+STDP teacher-free,poisson_inhibitory,25.0,0.0,117,0.5885359661187977,0.050213675213675216,84.28312500000001,6.729417618917978,24,0.02564102564102564,0.8205128205128205,False,True,False,0.0,ChaCha20|m0|p0|r1,0,0,1,966475741,105,145.61801952063576,-145.61801952063576,0.1
ChaCha20,full_noise_campaign,es_stdp_teacher_off,0,151269281,ES+STDP teacher-free,poisson_inhibitory,50.0,0.0,117,0.5900332499295473,0.056623931623931624,87.69375000000005,6.908390532500026,34,0.03632478632478633,0.7350427350427351,False,True,False,0.0,ChaCha20|m0|p0|r1,0,0,1,579323404,105,145.61801952063576,-145.61801952063576,0.1
ChaCha20,full_noise_campaign,es_stdp_teacher_off,0,151269281,ES+STDP teacher-free,poisson_inhibitory,100.0,0.0,117,0.5948624240700155,0.17841880341880342,92.513125,7.328983675407152,125,0.13354700854700854,0.32478632478632474,False,True,False,0.0,ChaCha20|m0|p0|r1,0,0,1,336436633,105,145.61801952063576,-145.61801952063576,0.1
ChaCha20,full_noise_campaign,es_stdp_teacher_off,0,151269281,ES+STDP teacher-free,poisson_mixed,5.0,0.0,117,0.5925908130593598,0.0405982905982906,80.97125,6.585698115967309,23,0.024572649572649572,0.8205128205128205,False,True,False,0.00952380952380949,ChaCha20|m0|p0|r1,0,0,1,1662228042,105,145.61801952063576,-145.61801952063576,0.1
ChaCha20,full_noise_campaign,es_stdp_teacher_off,0,151269281,ES+STDP teacher-free,poisson_mixed,10.0,0.0,117,0.5877502311486751,0.04807692307692308,81.49937500000006,6.621341498482757,26,0.027777777777777776,0.8034188034188035,False,True,False,0.00952380952380949,ChaCha20|m0|p0|r1,0,0,1,883681242,105,145.61801952063576,-145.61801952063576,0.1
ChaCha20,full_noise_campaign,es_stdp_teacher_off,0,151269281,ES+STDP teacher-free,poisson_mixed,25.0,0.0,117,0.5900304310489446,0.035256410256410256,82.116875,6.6597112726295045,21,0.022435897435897436,0.8461538461538461,False,True,False,0.00952380952380949,ChaCha20|m0|p0|r1,0,0,1,550865631,105,145.61801952063576,-145.61801952063576,0.1
ChaCha20,full_noise_campaign,es_stdp_teacher_off,0,151269281,ES+STDP teacher-free,poisson_mixed,50.0,0.0,117,0.591154120862484,0.03952991452991453,82.90812500000004,6.710961516393042,23,0.024572649572649572,0.829059829059829,False,True,False,0.0,ChaCha20|m0|p0|r1,0,0,1,1003057426,105,145.61801952063576,-145.61801952063576,0.1
ChaCha20,full_noise_campaign,es_stdp_teacher_off,0,151269281,ES+STDP teacher-free,poisson_mixed,100.0,0.0,117,0.5909252618439496,0.056623931623931624,86.65062500000005,6.952212604203769,33,0.035256410256410256,0.7606837606837606,False,True,False,0.02857142857142858,ChaCha20|m0|p0|r1,0,0,1,2104981274,105,145.61801952063576,-145.61801952063576,0.1
ChaCha20,full_noise_campaign,es_stdp_teacher_off,0,2143385088,ES+STDP teacher-free,none,0.0,0.0,117,0.611650510923937,0.04700854700854701,80.2775,6.566307446952643,29,0.030982905982905984,0.7777777777777778,False,True,False,0.0,ChaCha20|m0|p1|r0,0,1,0,763051902,105,145.61801952063576,-145.61801952063576,0.1
ChaCha20,full_noise_campaign,es_stdp_teacher_off,0,2143385088,ES+STDP teacher-free,poisson_excitatory,5.0,0.0,117,0.6016142959706485,0.0405982905982906,80.34312500000001,6.583782538052522,25,0.026709401709401708,0.811965811965812,False,True,False,0.0,ChaCha20|m0|p1|r0,0,1,0,2034580948,105,145.61801952063576,-145.61801952063576,0.1
ChaCha20,full_noise_campaign,es_stdp_teacher_off,0,2143385088,ES+STDP teacher-free,poisson_excitatory,10.0,0.0,117,0.5904450439848006,0.027777777777777776,80.42125000000004,6.600034568976829,15,0.016025641025641024,0.8803418803418803,False,True,False,0.0,ChaCha20|m0|p1|r0,0,1,0,255522371,105,145.61801952063576,-145.61801952063576,0.1
ChaCha20,full_noise_campaign,es_stdp_teacher_off,0,2143385088,ES+STDP teacher-free,poisson_excitatory,25.0,0.0,117,0.5952749960124493,0.056623931623931624,84.355625,6.8871260649518025,23,0.024572649572649572,0.829059829059829,False,True,False,0.01904761904761909,ChaCha20|m0|p1|r0,0,1,0,457481032,105,145.61801952063576,-145.61801952063576,0.1
ChaCha20,full_noise_campaign,es_stdp_teacher_off,0,2143385088,ES+STDP teacher-free,poisson_excitatory,50.0,0.0,117,0.5933507711160928,0.09188034188034189,90.65625000000001,7.3206688431045555,50,0.053418803418803416,0.6666666666666667,False,True,False,0.01904761904761909,ChaCha20|m0|p1|r0,0,1,0,5792121,105,145.61801952063576,-145.61801952063576,0.1
ChaCha20,full_noise_campaign,es_stdp_teacher_off,0,2143385088,ES+STDP teacher-free,poisson_excitatory,100.0,0.0,117,0.5985510749742389,0.266025641025641,113.79374999999995,8.745334558318746,142,0.1517094017094017,0.27350427350427353,False,True,False,0.00952380952380949,ChaCha20|m0|p1|r0,0,1,0,633457742,105,145.61801952063576,-145.61801952063576,0.1
ChaCha20,full_noise_campaign,es_stdp_teacher_off,0,2143385088,ES+STDP teacher-free,poisson_inhibitory,5.0,0.0,117,0.5983095660340041,0.04700854700854701,80.83062499999998,6.580729789899161,29,0.030982905982905984,0.7777777777777778,False,True,False,0.0,ChaCha20|m0|p1|r0,0,1,0,665330276,105,145.61801952063576,-145.61801952063576,0.1
ChaCha20,full_noise_campaign,es_stdp_teacher_off,0,2143385088,ES+STDP teacher-free,poisson_inhibitory,10.0,0.0,117,0.5963879751507193,0.04807692307692308,81.69187499999998,6.618503692732224,27,0.028846153846153848,0.7863247863247863,False,True,False,0.0,ChaCha20|m0|p1|r0,0,1,0,1726143012,105,145.61801952063576,-145.61801952063576,0.1
ChaCha20,full_noise_campaign,es_stdp_teacher_off,0,2143385088,ES+STDP teacher-free,poisson_inhibitory,25.0,0.0,117,0.5975048411637545,0.050213675213675216,83.79,6.7113798481284865,26,0.027777777777777776,0.7948717948717949,False,True,False,0.0,ChaCha20|m0|p1|r0,0,1,0,1922872615,105,145.61801952063576,-145.61801952063576,0.1
ChaCha20,full_noise_campaign,es_stdp_teacher_off,0,2143385088,ES+STDP teacher-free,poisson_inhibitory,50.0,0.0,117,0.5961392750032246,0.045940170940170943,86.75187500000001,6.876099718169801,27,0.028846153846153848,0.7948717948717949,False,True,False,0.0,ChaCha20|m0|p1|r0,0,1,0,1770016472,105,145.61801952063576,-145.61801952063576,0.1
ChaCha20,full_noise_campaign,es_stdp_teacher_off,0,2143385088,ES+STDP teacher-free,poisson_inhibitory,100.0,0.0,117,0.6002166389953345,0.17307692307692307,91.32937500000001,7.2789369222798275,99,0.10576923076923077,0.45299145299145294,False,True,False,0.00952380952380949,ChaCha20|m0|p1|r0,0,1,0,1923467024,105,145.61801952063576,-145.61801952063576,0.1
ChaCha20,full_noise_campaign,es_stdp_teacher_off,0,2143385088,ES+STDP teacher-free,poisson_mixed,5.0,0.0,117,0.5943625119980425,0.045940170940170943,80.50874999999998,6.579526165141169,26,0.027777777777777776,0.7948717948717949,False,True,False,0.0,ChaCha20|m0|p1|r0,0,1,0,724276740,105,145.61801952063576,-145.61801952063576,0.1
ChaCha20,full_noise_campaign,es_stdp_teacher_off,0,2143385088,ES+STDP teacher-free,poisson_mixed,10.0,0.0,117,0.5955974368844181,0.041666666666666664,80.67125000000001,6.591741874915426,23,0.024572649572649572,0.8205128205128205,False,True,False,0.00952380952380949,ChaCha20|m0|p1|r0,0,1,0,1189394528,105,145.61801952063576,-145.61801952063576,0.1
ChaCha20,full_noise_campaign,es_stdp_teacher_off,0,2143385088,ES+STDP teacher-free,poisson_mixed,25.0,0.0,117,0.5981911299750209,0.03952991452991453,81.56562500000001,6.645861298099899,17,0.018162393162393164,0.8547008547008547,False,True,False,0.0,ChaCha20|m0|p1|r0,0,1,0,1385878877,105,145.61801952063576,-145.61801952063576,0.1
ChaCha20,full_noise_campaign,es_stdp_teacher_off,0,2143385088,ES+STDP teacher-free,poisson_mixed,50.0,0.0,117,0.5971740658860654,0.05235042735042735,83.28812500000001,6.746154808995551,19,0.0202991452991453,0.8461538461538461,False,True,False,0.0,ChaCha20|m0|p1|r0,0,1,0,1233530764,105,145.61801952063576,-145.61801952063576,0.1
ChaCha20,full_noise_campaign,es_stdp_teacher_off,0,2143385088,ES+STDP teacher-free,poisson_mixed,100.0,0.0,117,0.599227329948917,0.053418803418803416,87.08562500000005,6.980826410196381,21,0.022435897435897436,0.829059829059829,False,True,False,0.0,ChaCha20|m0|p1|r0,0,1,0,2044600272,105,145.61801952063576,-145.61801952063576,0.1
ChaCha20,full_noise_campaign,es_stdp_teacher_off,0,147211626,ES+STDP teacher-free,none,0.0,0.0,117,0.5907331691123545,0.04700854700854701,80.2775,6.566307446952643,29,0.030982905982905984,0.7777777777777778,False,True,False,0.0,ChaCha20|m0|p1|r1,0,1,1,1119442069,105,145.61801952063576,-145.61801952063576,0.1
ChaCha20,full_noise_campaign,es_stdp_teacher_off,0,147211626,ES+STDP teacher-free,poisson_excitatory,5.0,0.0,117,0.5926057579927146,0.03952991452991453,80.56312500000001,6.595086053299797,23,0.024572649572649572,0.8205128205128205,False,True,False,0.0,ChaCha20|m0|p1|r1,0,1,1,2019580088,105,145.61801952063576,-145.61801952063576,0.1
ChaCha20,full_noise_campaign,es_stdp_teacher_off,0,147211626,ES+STDP teacher-free,poisson_excitatory,10.0,0.0,117,0.6011956389993429,0.03311965811965812,80.154375,6.583084008124557,13,0.013888888888888888,0.905982905982906,False,True,False,0.8952380952380953,ChaCha20|m0|p1|r1,0,1,1,716269120,105,145.61801952063576,-145.61801952063576,0.1
ChaCha20,full_noise_campaign,es_stdp_teacher_off,0,147211626,ES+STDP teacher-free,poisson_excitatory,25.0,0.0,117,0.5942485339473933,0.05555555555555555,83.36499999999998,6.830336677999114,24,0.02564102564102564,0.8034188034188035,False,True,False,0.0,ChaCha20|m0|p1|r1,0,1,1,1053756221,105,145.61801952063576,-145.61801952063576,0.1
ChaCha20,full_noise_campaign,es_stdp_teacher_off,0,147211626,ES+STDP teacher-free,poisson_excitatory,50.0,0.0,117,0.5983863228466362,0.08974358974358974,90.2525,7.291557423804015,44,0.04700854700854701,0.6666666666666667,False,True,False,0.0,ChaCha20|m0|p1|r1,0,1,1,634646892,105,145.61801952063576,-145.61801952063576,0.1
ChaCha20,full_noise_campaign,es_stdp_teacher_off,0,147211626,ES+STDP teacher-free,poisson_excitatory,100.0,0.0,117,0.6058921238873154,0.24572649572649571,112.25062499999994,8.682037732846112,125,0.13354700854700854,0.32478632478632474,False,True,False,0.0,ChaCha20|m0|p1|r1,0,1,1,1121741534,105,145.61801952063576,-145.61801952063576,0.1
ChaCha20,full_noise_campaign,es_stdp_teacher_off,0,147211626,ES+STDP teacher-free,poisson_inhibitory,5.0,0.0,117,0.6048746600281447,0.0438034188034188,80.95249999999999,6.589618822446414,24,0.02564102564102564,0.811965811965812,False,True,False,0.0,ChaCha20|m0|p1|r1,0,1,1,646793032,105,145.61801952063576,-145.61801952063576,0.1
ChaCha20,full_noise_campaign,es_stdp_teacher_off,0,147211626,ES+STDP teacher-free,poisson_inhibitory,10.0,0.0,117,0.5951652138028294,0.04487179487179487,81.24937500000001,6.591263541478576,23,0.024572649572649572,0.811965811965812,False,True,False,0.00952380952380949,ChaCha20|m0|p1|r1,0,1,1,1130973729,105,145.61801952063576,-145.61801952063576,0.1
ChaCha20,full_noise_campaign,es_stdp_teacher_off,0,147211626,ES+STDP teacher-free,poisson_inhibitory,25.0,0.0,117,0.5932838569860905,0.045940170940170943,83.58187500000004,6.7036533510322185,21,0.022435897435897436,0.8376068376068376,False,True,False,0.00952380952380949,ChaCha20|m0|p1|r1,0,1,1,1461134620,105,145.61801952063576,-145.61801952063576,0.1
ChaCha20,full_noise_campaign,es_stdp_teacher_off,0,147211626,ES+STDP teacher-free,poisson_inhibitory,50.0,0.0,117,0.5925163431093097,0.05876068376068376,87.14062500000003,6.890325265136921,32,0.03418803418803419,0.7521367521367521,False,True,False,0.0,ChaCha20|m0|p1|r1,0,1,1,1275846347,105,145.61801952063576,-145.61801952063576,0.1
ChaCha20,full_noise_campaign,es_stdp_teacher_off,0,147211626,ES+STDP teacher-free,poisson_inhibitory,100.0,0.0,117,0.5979593719821423,0.17094017094017094,91.02437499999992,7.2626017556634945,106,0.11324786324786325,0.3846153846153846,False,True,False,0.00952380952380949,ChaCha20|m0|p1|r1,0,1,1,364404892,105,145.61801952063576,-145.61801952063576,0.1
ChaCha20,full_noise_campaign,es_stdp_teacher_off,0,147211626,ES+STDP teacher-free,poisson_mixed,5.0,0.0,117,0.593799291877076,0.041666666666666664,80.62812499999998,6.582729607336521,24,0.02564102564102564,0.8205128205128205,False,True,False,0.0,ChaCha20|m0|p1|r1,0,1,1,2093553067,105,145.61801952063576,-145.61801952063576,0.1
ChaCha20,full_noise_campaign,es_stdp_teacher_off,0,147211626,ES+STDP teacher-free,poisson_mixed,10.0,0.0,117,0.5940463989973068,0.03952991452991453,80.93062499999999,6.601444138792871,26,0.027777777777777776,0.7948717948717949,False,True,False,0.0,ChaCha20|m0|p1|r1,0,1,1,595821466,105,145.61801952063576,-145.61801952063576,0.1
ChaCha20,full_noise_campaign,es_stdp_teacher_off,0,147211626,ES+STDP teacher-free,poisson_mixed,25.0,0.0,117,0.5950456019490957,0.03739316239316239,81.53250000000004,6.650952181270338,17,0.018162393162393164,0.8803418803418803,False,True,False,0.0,ChaCha20|m0|p1|r1,0,1,1,939388575,105,145.61801952063576,-145.61801952063576,0.1
ChaCha20,full_noise_campaign,es_stdp_teacher_off,0,147211626,ES+STDP teacher-free,poisson_mixed,50.0,0.0,117,0.5962975041475147,0.035256410256410256,82.81437500000001,6.715540866831137,14,0.014957264957264958,0.8888888888888888,False,True,False,0.00952380952380949,ChaCha20|m0|p1|r1,0,1,1,752948306,105,145.61801952063576,-145.61801952063576,0.1
ChaCha20,full_noise_campaign,es_stdp_teacher_off,0,147211626,ES+STDP teacher-free,poisson_mixed,100.0,0.0,117,0.6078716309275478,0.041666666666666664,86.505,6.9513885571345035,21,0.022435897435897436,0.8376068376068376,False,True,False,0.00952380952380949,ChaCha20|m0|p1|r1,0,1,1,1711578213,105,145.61801952063576,-145.61801952063576,0.1
ChaCha20,full_noise_campaign,es_stdp_teacher_off,0,2106051513,ES+STDP teacher-free,none,0.0,0.0,117,0.6041408008895814,0.04807692307692308,80.858125,6.596690566987169,23,0.024572649572649572,0.811965811965812,False,True,False,0.00952380952380949,ChaCha20|m0|p2|r0,0,2,0,1525018062,105,145.61801952063576,-145.61801952063576,0.1
ChaCha20,full_noise_campaign,es_stdp_teacher_off,0,2106051513,ES+STDP teacher-free,poisson_excitatory,5.0,0.0,117,0.594020064920187,0.04487179487179487,80.74312499999999,6.602706288813404,20,0.021367521367521368,0.829059829059829,False,True,False,0.0,ChaCha20|m0|p2|r0,0,2,0,185782397,105,145.61801952063576,-145.61801952063576,0.1
ChaCha20,full_noise_campaign,es_stdp_teacher_off,0,2106051513,ES+STDP teacher-free,poisson_excitatory,10.0,0.0,117,0.5967399189248681,0.0438034188034188,81.42812500000008,6.665482549158577,17,0.018162393162393164,0.8547008547008547,False,True,False,0.8380952380952381,ChaCha20|m0|p2|r0,0,2,0,1018092549,105,145.61801952063576,-145.61801952063576,0.1
ChaCha20,full_noise_campaign,es_stdp_teacher_off,0,2106051513,ES+STDP teacher-free,poisson_excitatory,25.0,0.0,117,0.596064941957593,0.053418803418803416,83.59875000000002,6.832036344428424,24,0.02564102564102564,0.811965811965812,False,True,False,0.0,ChaCha20|m0|p2|r0,0,2,0,684766984,105,145.61801952063576,-145.61801952063576,0.1
ChaCha20,full_noise_campaign,es_stdp_teacher_off,0,2106051513,ES+STDP teacher-free,poisson_excitatory,50.0,0.0,117,0.5962290330789983,0.10576923076923077,91.71687499999999,7.377034034694242,53,0.056623931623931624,0.5982905982905983,False,True,False,0.0,ChaCha20|m0|p2|r0,0,2,0,869026999,105,145.61801952063576,-145.61801952063576,0.1
ChaCha20,full_noise_campaign,es_stdp_teacher_off,0,2106051513,ES+STDP teacher-free,poisson_excitatory,100.0,0.0,117,0.5999350431375206,0.2724358974358974,112.89749999999991,8.715541814758067,151,0.16132478632478633,0.2222222222222222,False,True,False,0.01904761904761909,ChaCha20|m0|p2|r0,0,2,0,656395053,105,145.61801952063576,-145.61801952063576,0.1
ChaCha20,full_noise_campaign,es_stdp_teacher_off,0,2106051513,ES+STDP teacher-free,poisson_inhibitory,5.0,0.0,117,0.5991186881437898,0.050213675213675216,81.68562500000004,6.630885854976203,21,0.022435897435897436,0.829059829059829,False,True,False,0.0,ChaCha20|m0|p2|r0,0,2,0,1442828267,105,145.61801952063576,-145.61801952063576,0.1
ChaCha20,full_noise_campaign,es_stdp_teacher_off,0,2106051513,ES+STDP teacher-free,poisson_inhibitory,10.0,0.0,117,0.5933320228941739,0.04807692307692308,82.47000000000003,6.6641165714035955,19,0.0202991452991453,0.8461538461538461,False,True,False,0.0,ChaCha20|m0|p2|r0,0,2,0,1433859172,105,145.61801952063576,-145.61801952063576,0.1
ChaCha20,full_noise_campaign,es_stdp_teacher_off,0,2106051513,ES+STDP teacher-free,poisson_inhibitory,25.0,0.0,117,0.5926982059609145,0.04807692307692308,83.97874999999999,6.719187512648457,20,0.021367521367521368,0.829059829059829,False,True,False,0.00952380952380949,ChaCha20|m0|p2|r0,0,2,0,1091082601,105,145.61801952063576,-145.61801952063576,0.1
ChaCha20,full_noise_campaign,es_stdp_teacher_off,0,2106051513,ES+STDP teacher-free,poisson_inhibitory,50.0,0.0,117,0.6036867888178676,0.060897435897435896,87.64500000000002,6.915487025666517,28,0.029914529914529916,0.7692307692307692,False,True,False,0.0,ChaCha20|m0|p2|r0,0,2,0,1511285656,105,145.61801952063576,-145.61801952063576,0.1
ChaCha20,full_noise_campaign,es_stdp_teacher_off,0,2106051513,ES+STDP teacher-free,poisson_inhibitory,100.0,0.0,117,0.6073405370116234,0.18162393162393162,92.34624999999998,7.350903290437689,111,0.11858974358974358,0.3418803418803419,False,True,False,0.00952380952380949,ChaCha20|m0|p2|r0,0,2,0,1887158765,105,145.61801952063576,-145.61801952063576,0.1
ChaCha20,full_noise_campaign,es_stdp_teacher_off,0,2106051513,ES+STDP teacher-free,poisson_mixed,5.0,0.0,117,0.5944739750120789,0.04700854700854701,81.34375,6.62431469693005,20,0.021367521367521368,0.829059829059829,False,True,False,0.00952380952380949,ChaCha20|m0|p2|r0,0,2,0,1345656677,105,145.61801952063576,-145.61801952063576,0.1
ChaCha20,full_noise_campaign,es_stdp_teacher_off,0,2106051513,ES+STDP teacher-free,poisson_mixed,10.0,0.0,117,0.5956760970875621,0.0438034188034188,81.885625,6.657885228922023,14,0.014957264957264958,0.8888888888888888,False,True,False,0.0,ChaCha20|m0|p2|r0,0,2,0,2140935584,105,145.61801952063576,-145.61801952063576,0.1
ChaCha20,full_noise_campaign,es_stdp_teacher_off,0,2106051513,ES+STDP teacher-free,poisson_mixed,25.0,0.0,117,0.5957877901382744,0.04700854700854701,82.55187500000005,6.694910406376826,20,0.021367521367521368,0.8376068376068376,False,True,False,0.00952380952380949,ChaCha20|m0|p2|r0,0,2,0,1810004125,105,145.61801952063576,-145.61801952063576,0.1
ChaCha20,full_noise_campaign,es_stdp_teacher_off,0,2106051513,ES+STDP teacher-free,poisson_mixed,50.0,0.0,117,0.5958938498515636,0.04487179487179487,83.91500000000003,6.784844191231562,18,0.019230769230769232,0.8632478632478633,False,True,False,0.0,ChaCha20|m0|p2|r0,0,2,0,1895727692,105,145.61801952063576,-145.61801952063576,0.1
ChaCha20,full_noise_campaign,es_stdp_teacher_off,0,2106051513,ES+STDP teacher-free,poisson_mixed,100.0,0.0,117,0.5991908030118793,0.057692307692307696,86.43062500000002,6.934496984820452,29,0.030982905982905984,0.7606837606837606,False,True,False,0.0,ChaCha20|m0|p2|r0,0,2,0,255534787,105,145.61801952063576,-145.61801952063576,0.1
ChaCha20,full_noise_campaign,es_stdp_teacher_off,0,176225091,ES+STDP teacher-free,none,0.0,0.0,117,0.5941830789670348,0.04807692307692308,80.858125,6.596690566987169,23,0.024572649572649572,0.811965811965812,False,True,False,0.00952380952380949,ChaCha20|m0|p2|r1,0,2,1,891782853,105,145.61801952063576,-145.61801952063576,0.1
ChaCha20,full_noise_campaign,es_stdp_teacher_off,0,176225091,ES+STDP teacher-free,poisson_excitatory,5.0,0.0,117,0.5965005548205227,0.045940170940170943,80.73437500000004,6.60283765320751,19,0.0202991452991453,0.8461538461538461,False,True,False,0.0,ChaCha20|m0|p2|r1,0,2,1,171423135,105,145.61801952063576,-145.61801952063576,0.1
ChaCha20,full_noise_campaign,es_stdp_teacher_off,0,176225091,ES+STDP teacher-free,poisson_excitatory,10.0,0.0,117,0.5963611910119653,0.03952991452991453,81.23562500000003,6.644018186159624,16,0.017094017094017096,0.8717948717948718,False,True,False,0.00952380952380949,ChaCha20|m0|p2|r1,0,2,1,421874688,105,145.61801952063576,-145.61801952063576,0.1
ChaCha20,full_noise_campaign,es_stdp_teacher_off,0,176225091,ES+STDP teacher-free,poisson_excitatory,25.0,0.0,117,0.5910525328945369,0.05128205128205128,83.86625000000001,6.852404867016748,28,0.029914529914529916,0.7948717948717949,False,True,False,0.0,ChaCha20|m0|p2|r1,0,2,1,224077563,105,145.61801952063576,-145.61801952063576,0.1
ChaCha20,full_noise_campaign,es_stdp_teacher_off,0,176225091,ES+STDP teacher-free,poisson_excitatory,50.0,0.0,117,0.5969184348359704,0.09935897435897435,91.34874999999994,7.357021668572594,48,0.05128205128205128,0.6581196581196581,False,True,False,0.00952380952380949,ChaCha20|m0|p2|r1,0,2,1,373808300,105,145.61801952063576,-145.61801952063576,0.1
ChaCha20,full_noise_campaign,es_stdp_teacher_off,0,176225091,ES+STDP teacher-free,poisson_excitatory,100.0,0.0,117,0.6153481209184974,0.2702991452991453,114.05812499999996,8.76351883159209,148,0.1581196581196581,0.2649572649572649,False,True,False,0.0,ChaCha20|m0|p2|r1,0,2,1,1073900991,105,145.61801952063576,-145.61801952063576,0.1
ChaCha20,full_noise_campaign,es_stdp_teacher_off,0,176225091,ES+STDP teacher-free,poisson_inhibitory,5.0,0.0,117,0.5906000670511276,0.04807692307692308,81.87437500000003,6.637618853472194,17,0.018162393162393164,0.8547008547008547,False,True,False,0.0,ChaCha20|m0|p2|r1,0,2,1,1423616785,105,145.61801952063576,-145.61801952063576,0.1
ChaCha20,full_noise_campaign,es_stdp_teacher_off,0,176225091,ES+STDP teacher-free,poisson_inhibitory,10.0,0.0,117,0.5957137199584395,0.053418803418803416,82.26499999999999,6.651594873460136,22,0.023504273504273504,0.8205128205128205,False,True,False,0.0,ChaCha20|m0|p2|r1,0,2,1,1895654495,105,145.61801952063576,-145.61801952063576,0.1
ChaCha20,full_noise_campaign,es_stdp_teacher_off,0,176225091,ES+STDP teacher-free,poisson_inhibitory,25.0,0.0,117,0.5961315839085728,0.050213675213675216,84.46500000000003,6.742988486322985,22,0.023504273504273504,0.811965811965812,False,True,False,0.0,ChaCha20|m0|p2|r1,0,2,1,1686309212,105,145.61801952063576,-145.61801952063576,0.1
ChaCha20,full_noise_campaign,es_stdp_teacher_off,0,176225091,ES+STDP teacher-free,poisson_inhibitory,50.0,0.0,117,0.5941655959468335,0.06517094017094018,88.13250000000004,6.936124982466381,25,0.026709401709401708,0.8034188034188035,False,True,False,0.0,ChaCha20|m0|p2|r1,0,2,1,2141189005,105,145.61801952063576,-145.61801952063576,0.1
ChaCha20,full_noise_campaign,es_stdp_teacher_off,0,176225091,ES+STDP teacher-free,poisson_inhibitory,100.0,0.0,117,0.597022308036685,0.1517094017094017,92.03437500000001,7.2867253190755585,94,0.10042735042735043,0.4358974358974359,False,True,False,0.01904761904761909,ChaCha20|m0|p2|r1,0,2,1,392587135,105,145.61801952063576,-145.61801952063576,0.1
ChaCha20,full_noise_campaign,es_stdp_teacher_off,0,176225091,ES+STDP teacher-free,poisson_mixed,5.0,0.0,117,0.5957854031585157,0.04487179487179487,81.20062500000002,6.615131432312275,20,0.021367521367521368,0.829059829059829,False,True,False,0.00952380952380949,ChaCha20|m0|p2|r1,0,2,1,131569548,105,145.61801952063576,-145.61801952063576,0.1
ChaCha20,full_noise_campaign,es_stdp_teacher_off,0,176225091,ES+STDP teacher-free,poisson_mixed,10.0,0.0,117,0.5958034421782941,0.045940170940170943,81.70812500000002,6.643171174640293,13,0.013888888888888888,0.8888888888888888,False,True,False,0.0,ChaCha20|m0|p2|r1,0,2,1,452669018,105,145.61801952063576,-145.61801952063576,0.1
ChaCha20,full_noise_campaign,es_stdp_teacher_off,0,176225091,ES+STDP teacher-free,poisson_mixed,25.0,0.0,117,0.5973442839458585,0.038461538461538464,82.29375000000002,6.684125163864483,15,0.016025641025641024,0.8803418803418803,False,True,False,0.00952380952380949,ChaCha20|m0|p2|r1,0,2,1,243614559,105,145.61801952063576,-145.61801952063576,0.1
ChaCha20,full_noise_campaign,es_stdp_teacher_off,0,176225091,ES+STDP teacher-free,poisson_mixed,50.0,0.0,117,0.607690233970061,0.0405982905982906,83.53125000000004,6.752799706743488,16,0.017094017094017096,0.8632478632478633,False,True,False,0.00952380952380949,ChaCha20|m0|p2|r1,0,2,1,362396050,105,145.61801952063576,-145.61801952063576,0.1
ChaCha20,full_noise_campaign,es_stdp_teacher_off,0,176225091,ES+STDP teacher-free,poisson_mixed,100.0,0.0,117,0.6145676469895989,0.04487179487179487,86.89875,6.972081885694541,19,0.0202991452991453,0.8461538461538461,False,True,False,0.0,ChaCha20|m0|p2|r1,0,2,1,283223344,105,145.61801952063576,-145.61801952063576,0.1
ChaCha20,full_noise_campaign,es_stdp_teacher_off,0,2084938210,ES+STDP teacher-free,none,0.0,0.0,117,0.5943856569938362,0.03952991452991453,79.88437499999998,6.549795766711942,22,0.023504273504273504,0.8461538461538461,False,True,False,0.0,ChaCha20|m0|p3|r0,0,3,0,1094754806,105,145.61801952063576,-145.61801952063576,0.1
ChaCha20,full_noise_campaign,es_stdp_teacher_off,0,2084938210,ES+STDP teacher-free,poisson_excitatory,5.0,0.0,117,0.5957273088861257,0.03739316239316239,79.76750000000007,6.550813508081904,17,0.018162393162393164,0.8632478632478633,False,True,False,0.00952380952380949,ChaCha20|m0|p3|r0,0,3,0,1812952815,105,145.61801952063576,-145.61801952063576,0.1
ChaCha20,full_noise_campaign,es_stdp_teacher_off,0,2084938210,ES+STDP teacher-free,poisson_excitatory,10.0,0.0,117,0.5913604269735515,0.026709401709401708,80.36562500000005,6.600752966194863,12,0.01282051282051282,0.905982905982906,False,True,False,0.00952380952380949,ChaCha20|m0|p3|r0,0,3,0,1378009284,105,145.61801952063576,-145.61801952063576,0.1
ChaCha20,full_noise_campaign,es_stdp_teacher_off,0,2084938210,ES+STDP teacher-free,poisson_excitatory,25.0,0.0,117,0.5964921449776739,0.0405982905982906,82.75062500000001,6.788834435560687,14,0.014957264957264958,0.8888888888888888,False,True,False,0.8761904761904762,ChaCha20|m0|p3|r0,0,3,0,1180478921,105,145.61801952063576,-145.61801952063576,0.1
ChaCha20,full_noise_campaign,es_stdp_teacher_off,0,2084938210,ES+STDP teacher-free,poisson_excitatory,50.0,0.0,117,0.5992783841211349,0.10363247863247864,91.60312499999998,7.390229263645173,52,0.05555555555555555,0.6495726495726496,False,True,False,0.0,ChaCha20|m0|p3|r0,0,3,0,1564497912,105,145.61801952063576,-145.61801952063576,0.1
ChaCha20,full_noise_campaign,es_stdp_teacher_off,0,2084938210,ES+STDP teacher-free,poisson_excitatory,100.0,0.0,117,0.5944769489578903,0.2168803418803419,111.10999999999993,8.626489490396153,121,0.12927350427350429,0.32478632478632474,False,True,False,0.0,ChaCha20|m0|p3|r0,0,3,0,648689224,105,145.61801952063576,-145.61801952063576,0.1
ChaCha20,full_noise_campaign,es_stdp_teacher_off,0,2084938210,ES+STDP teacher-free,poisson_inhibitory,5.0,0.0,117,0.5980080091394484,0.038461538461538464,80.36124999999997,6.560884618388645,21,0.022435897435897436,0.8461538461538461,False,True,False,0.00952380952380949,ChaCha20|m0|p3|r0,0,3,0,853698945,105,145.61801952063576,-145.61801952063576,0.1
ChaCha20,full_noise_campaign,es_stdp_teacher_off,0,2084938210,ES+STDP teacher-free,poisson_inhibitory,10.0,0.0,117,0.5953215709887445,0.0405982905982906,81.31375000000004,6.603462702462613,20,0.021367521367521368,0.8547008547008547,False,True,False,0.00952380952380949,ChaCha20|m0|p3|r0,0,3,0,1006301093,105,145.61801952063576,-145.61801952063576,0.1
ChaCha20,full_noise_campaign,es_stdp_teacher_off,0,2084938210,ES+STDP teacher-free,poisson_inhibitory,25.0,0.0,117,0.6099810958839953,0.0438034188034188,83.24249999999999,6.687444337995147,23,0.024572649572649572,0.829059829059829,False,True,False,0.00952380952380949,ChaCha20|m0|p3|r0,0,3,0,797213352,105,145.61801952063576,-145.61801952063576,0.1
ChaCha20,full_noise_campaign,es_stdp_teacher_off,0,2084938210,ES+STDP teacher-free,poisson_inhibitory,50.0,0.0,117,0.5956133781000972,0.04807692307692308,86.29937500000004,6.862434976712315,26,0.027777777777777776,0.8205128205128205,False,True,False,0.0,ChaCha20|m0|p3|r0,0,3,0,882407511,105,145.61801952063576,-145.61801952063576,0.1
ChaCha20,full_noise_campaign,es_stdp_teacher_off,0,2084938210,ES+STDP teacher-free,poisson_inhibitory,100.0,0.0,117,0.6046860681381077,0.1581196581196581,89.97250000000003,7.204225198834646,102,0.10897435897435898,0.41880341880341876,False,True,False,0.00952380952380949,ChaCha20|m0|p3|r0,0,3,0,1909341450,105,145.61801952063576,-145.61801952063576,0.1
ChaCha20,full_noise_campaign,es_stdp_teacher_off,0,2084938210,ES+STDP teacher-free,poisson_mixed,5.0,0.0,117,0.5986675499007106,0.038461538461538464,80.03187499999999,6.5583647931797096,20,0.021367521367521368,0.8547008547008547,False,True,False,0.00952380952380949,ChaCha20|m0|p3|r0,0,3,0,1341101262,105,145.61801952063576,-145.61801952063576,0.1
ChaCha20,full_noise_campaign,es_stdp_teacher_off,0,2084938210,ES+STDP teacher-free,poisson_mixed,10.0,0.0,117,0.5950748468749225,0.038461538461538464,80.34749999999998,6.57660751695102,19,0.0202991452991453,0.8461538461538461,False,True,False,0.0,ChaCha20|m0|p3|r0,0,3,0,1756656096,105,145.61801952063576,-145.61801952063576,0.1
ChaCha20,full_noise_campaign,es_stdp_teacher_off,0,2084938210,ES+STDP teacher-free,poisson_mixed,25.0,0.0,117,0.6006833191495389,0.03311965811965812,81.07000000000004,6.617935548576922,16,0.017094017094017096,0.8717948717948718,False,True,False,0.00952380952380949,ChaCha20|m0|p3|r0,0,3,0,2093620445,105,145.61801952063576,-145.61801952063576,0.1
ChaCha20,full_noise_campaign,es_stdp_teacher_off,0,2084938210,ES+STDP teacher-free,poisson_mixed,50.0,0.0,117,0.5986571470275521,0.04700854700854701,82.77687500000005,6.728264513314893,22,0.023504273504273504,0.8376068376068376,False,True,False,0.0,ChaCha20|m0|p3|r0,0,3,0,1742137100,105,145.61801952063576,-145.61801952063576,0.1
ChaCha20,full_noise_campaign,es_stdp_teacher_off,0,2084938210,ES+STDP teacher-free,poisson_mixed,100.0,0.0,117,0.5978475289884955,0.050213675213675216,86.68312500000005,6.954204318418917,24,0.02564102564102564,0.8034188034188035,False,True,False,0.01904761904761909,ChaCha20|m0|p3|r0,0,3,0,340315254,105,145.61801952063576,-145.61801952063576,0.1
ChaCha20,full_noise_campaign,es_stdp_teacher_off,0,188911960,ES+STDP teacher-free,none,0.0,0.0,117,0.5945947738364339,0.03952991452991453,79.88437499999998,6.549795766711942,22,0.023504273504273504,0.8461538461538461,False,True,False,0.0,ChaCha20|m0|p3|r1,0,3,1,780323615,105,145.61801952063576,-145.61801952063576,0.1
ChaCha20,full_noise_campaign,es_stdp_teacher_off,0,188911960,ES+STDP teacher-free,poisson_excitatory,5.0,0.0,117,0.5925688878633082,0.035256410256410256,79.92125000000003,6.564951420486931,19,0.0202991452991453,0.8547008547008547,False,True,False,0.00952380952380949,ChaCha20|m0|p3|r1,0,3,1,1831474189,105,145.61801952063576,-145.61801952063576,0.1
ChaCha20,full_noise_campaign,es_stdp_teacher_off,0,188911960,ES+STDP teacher-free,poisson_excitatory,10.0,0.0,117,0.592290970031172,0.0405982905982906,80.34312500000004,6.599259035758642,19,0.0202991452991453,0.8547008547008547,False,True,False,0.0,ChaCha20|m0|p3|r1,0,3,1,2007584959,105,145.61801952063576,-145.61801952063576,0.1
ChaCha20,full_noise_campaign,es_stdp_teacher_off,0,188911960,ES+STDP teacher-free,poisson_excitatory,25.0,0.0,117,0.5967399710789323,0.03205128205128205,81.98187500000004,6.731556525221925,14,0.014957264957264958,0.8974358974358975,False,True,False,0.8857142857142857,ChaCha20|m0|p3|r1,0,3,1,1675050428,105,145.61801952063576,-145.61801952063576,0.1
ChaCha20,full_noise_campaign,es_stdp_teacher_off,0,188911960,ES+STDP teacher-free,poisson_excitatory,50.0,0.0,117,0.6026108560618013,0.11004273504273504,92.98062500000003,7.5030892142902355,51,0.05448717948717949,0.6495726495726496,False,True,False,0.00952380952380949,ChaCha20|m0|p3|r1,0,3,1,2026620909,105,145.61801952063576,-145.61801952063576,0.1
ChaCha20,full_noise_campaign,es_stdp_teacher_off,0,188911960,ES+STDP teacher-free,poisson_excitatory,100.0,0.0,117,0.598981702933088,0.23504273504273504,113.07,8.730830319669188,136,0.1452991452991453,0.2991452991452992,False,True,False,0.0,ChaCha20|m0|p3|r1,0,3,1,1102549172,105,145.61801952063576,-145.61801952063576,0.1
ChaCha20,full_noise_campaign,es_stdp_teacher_off,0,188911960,ES+STDP teacher-free,poisson_inhibitory,5.0,0.0,117,0.5979853430762887,0.042735042735042736,80.555625,6.572175140125144,23,0.024572649572649572,0.8461538461538461,False,True,False,0.0,ChaCha20|m0|p3|r1,0,3,1,868682907,105,145.61801952063576,-145.61801952063576,0.1
ChaCha20,full_noise_campaign,es_stdp_teacher_off,0,188911960,ES+STDP teacher-free,poisson_inhibitory,10.0,0.0,117,0.5965482329484075,0.03952991452991453,81.30312500000004,6.606241614352223,20,0.021367521367521368,0.8547008547008547,False,True,False,0.00952380952380949,ChaCha20|m0|p3|r1,0,3,1,510754720,105,145.61801952063576,-145.61801952063576,0.1
ChaCha20,full_noise_campaign,es_stdp_teacher_off,0,188911960,ES+STDP teacher-free,poisson_inhibitory,25.0,0.0,117,0.5921351709403098,0.042735042735042736,83.47812500000003,6.7012736841942875,20,0.021367521367521368,0.8461538461538461,False,True,False,0.0,ChaCha20|m0|p3|r1,0,3,1,168759963,105,145.61801952063576,-145.61801952063576,0.1
ChaCha20,full_noise_campaign,es_stdp_teacher_off,0,188911960,ES+STDP teacher-free,poisson_inhibitory,50.0,0.0,117,0.5947189629077911,0.05982905982905983,86.2843750000001,6.8646819212191375,28,0.029914529914529916,0.7948717948717949,False,True,False,0.00952380952380949,ChaCha20|m0|p3|r1,0,3,1,286517324,105,145.61801952063576,-145.61801952063576,0.1
ChaCha20,full_noise_campaign,es_stdp_teacher_off,0,188911960,ES+STDP teacher-free,poisson_inhibitory,100.0,0.0,117,0.5932388759683818,0.14423076923076922,89.61500000000001,7.214300388814375,87,0.09294871794871795,0.5042735042735043,False,True,False,0.0,ChaCha20|m0|p3|r1,0,3,1,382966386,105,145.61801952063576,-145.61801952063576,0.1
ChaCha20,full_noise_campaign,es_stdp_teacher_off,0,188911960,ES+STDP teacher-free,poisson_mixed,5.0,0.0,117,0.5961246520746499,0.03739316239316239,80.30937500000003,6.571089751322864,18,0.019230769230769232,0.8717948717948718,False,True,False,0.0,ChaCha20|m0|p3|r1,0,3,1,403510567,105,145.61801952063576,-145.61801952063576,0.1
ChaCha20,full_noise_campaign,es_stdp_teacher_off,0,188911960,ES+STDP teacher-free,poisson_mixed,10.0,0.0,117,0.594185977941379,0.03739316239316239,80.70000000000002,6.595184879016861,16,0.017094017094017096,0.8717948717948718,False,True,False,0.01904761904761909,ChaCha20|m0|p3|r1,0,3,1,231951130,105,145.61801952063576,-145.61801952063576,0.1
ChaCha20,full_noise_campaign,es_stdp_teacher_off,0,188911960,ES+STDP teacher-free,poisson_mixed,25.0,0.0,117,0.6029088669456542,0.03952991452991453,81.58562500000005,6.655968802105162,20,0.021367521367521368,0.8461538461538461,False,True,False,0.0,ChaCha20|m0|p3|r1,0,3,1,430778399,105,145.61801952063576,-145.61801952063576,0.1
ChaCha20,full_noise_campaign,es_stdp_teacher_off,0,188911960,ES+STDP teacher-free,poisson_mixed,50.0,0.0,117,0.6035837628878653,0.03632478632478633,82.09437500000004,6.685859162130205,18,0.019230769230769232,0.8461538461538461,False,True,False,0.8285714285714285,ChaCha20|m0|p3|r1,0,3,1,45211090,105,145.61801952063576,-145.61801952063576,0.1
ChaCha20,full_noise_campaign,es_stdp_teacher_off,0,188911960,ES+STDP teacher-free,poisson_mixed,100.0,0.0,117,0.606553384102881,0.050213675213675216,86.33000000000004,6.939304860020498,21,0.022435897435897436,0.829059829059829,False,True,False,0.00952380952380949,ChaCha20|m0|p3|r1,0,3,1,194138109,105,145.61801952063576,-145.61801952063576,0.1
ChaCha20,full_noise_campaign,es_stdp_teacher_off,1,1130575483,ES+STDP teacher-free,none,0.0,0.0,117,0.593048295006156,0.045940170940170943,80.43687500000004,6.554939642668655,29,0.030982905982905984,0.7863247863247863,False,True,False,0.00952380952380949,ChaCha20|m1|p0|r0,1,0,0,735154807,105,145.61801952063576,-145.61801952063576,0.1
ChaCha20,full_noise_campaign,es_stdp_teacher_off,1,1130575483,ES+STDP teacher-free,poisson_excitatory,5.0,0.0,117,0.5927148840855807,0.041666666666666664,80.42937500000002,6.567317374895647,24,0.02564102564102564,0.829059829059829,False,True,False,0.00952380952380949,ChaCha20|m1|p0|r0,1,0,0,535651915,105,145.61801952063576,-145.61801952063576,0.1
ChaCha20,full_noise_campaign,es_stdp_teacher_off,1,1130575483,ES+STDP teacher-free,poisson_excitatory,10.0,0.0,117,0.5927845828700811,0.038461538461538464,80.87562500000004,6.616300460230907,22,0.023504273504273504,0.829059829059829,False,True,False,0.00952380952380949,ChaCha20|m1|p0|r0,1,0,0,45167784,105,145.61801952063576,-145.61801952063576,0.1
ChaCha20,full_noise_campaign,es_stdp_teacher_off,1,1130575483,ES+STDP teacher-free,poisson_excitatory,25.0,0.0,117,0.5927351908758283,0.0438034188034188,83.55500000000002,6.81418488248646,22,0.023504273504273504,0.8205128205128205,False,True,False,0.8,ChaCha20|m1|p0|r0,1,0,0,382687651,105,145.61801952063576,-145.61801952063576,0.1
ChaCha20,full_noise_campaign,es_stdp_teacher_off,1,1130575483,ES+STDP teacher-free,poisson_excitatory,50.0,0.0,117,0.596351952990517,0.09081196581196581,91.280625,7.375269143403383,47,0.050213675213675216,0.6666666666666667,False,True,False,0.0,ChaCha20|m1|p0|r0,1,0,0,231973716,105,145.61801952063576,-145.61801952063576,0.1
ChaCha20,full_noise_campaign,es_stdp_teacher_off,1,1130575483,ES+STDP teacher-free,poisson_excitatory,100.0,0.0,117,0.5973905408754945,0.2553418803418803,113.81062499999999,8.75979167500751,144,0.15384615384615385,0.24786324786324787,False,True,False,0.0,ChaCha20|m1|p0|r0,1,0,0,404017755,105,145.61801952063576,-145.61801952063576,0.1
ChaCha20,full_noise_campaign,es_stdp_teacher_off,1,1130575483,ES+STDP teacher-free,poisson_inhibitory,5.0,0.0,117,0.5927789390552789,0.042735042735042736,81.08125000000003,6.583660595826183,24,0.02564102564102564,0.829059829059829,False,True,False,0.00952380952380949,ChaCha20|m1|p0|r0,1,0,0,1090550237,105,145.61801952063576,-145.61801952063576,0.1
ChaCha20,full_noise_campaign,es_stdp_teacher_off,1,1130575483,ES+STDP teacher-free,poisson_inhibitory,10.0,0.0,117,0.6020973150152713,0.049145299145299144,82.385,6.639747136249749,26,0.027777777777777776,0.811965811965812,False,True,False,0.0,ChaCha20|m1|p0|r0,1,0,0,1802050503,105,145.61801952063576,-145.61801952063576,0.1
ChaCha20,full_noise_campaign,es_stdp_teacher_off,1,1130575483,ES+STDP teacher-free,poisson_inhibitory,25.0,0.0,117,0.592937960056588,0.05128205128205128,84.17250000000004,6.7147815013966135,29,0.030982905982905984,0.7863247863247863,False,True,False,0.0,ChaCha20|m1|p0|r0,1,0,0,2132244164,105,145.61801952063576,-145.61801952063576,0.1
ChaCha20,full_noise_campaign,es_stdp_teacher_off,1,1130575483,ES+STDP teacher-free,poisson_inhibitory,50.0,0.0,117,0.5954041469376534,0.05982905982905983,87.32437500000006,6.896080199983481,30,0.03205128205128205,0.8034188034188035,False,True,False,0.780952380952381,ChaCha20|m1|p0|r0,1,0,0,1678478581,105,145.61801952063576,-145.61801952063576,0.1
ChaCha20,full_noise_campaign,es_stdp_teacher_off,1,1130575483,ES+STDP teacher-free,poisson_inhibitory,100.0,0.0,117,0.5981996620539576,0.17414529914529914,92.10312500000006,7.328091962928814,119,0.12713675213675213,0.33333333333333337,False,True,False,0.00952380952380949,ChaCha20|m1|p0|r0,1,0,0,1332795675,105,145.61801952063576,-145.61801952063576,0.1
ChaCha20,full_noise_campaign,es_stdp_teacher_off,1,1130575483,ES+STDP teacher-free,poisson_mixed,5.0,0.0,117,0.597014426952228,0.0438034188034188,80.98125000000002,6.591684189183353,26,0.027777777777777776,0.811965811965812,False,True,False,0.00952380952380949,ChaCha20|m1|p0|r0,1,0,0,797113534,105,145.61801952063576,-145.61801952063576,0.1
ChaCha20,full_noise_campaign,es_stdp_teacher_off,1,1130575483,ES+STDP teacher-free,poisson_mixed,10.0,0.0,117,0.5958424371201545,0.04807692307692308,81.85062500000008,6.6387824707822585,27,0.028846153846153848,0.7948717948717949,False,True,False,0.00952380952380949,ChaCha20|m1|p0|r0,1,0,0,1357494780,105,145.61801952063576,-145.61801952063576,0.1
ChaCha20,full_noise_campaign,es_stdp_teacher_off,1,1130575483,ES+STDP teacher-free,poisson_mixed,25.0,0.0,117,0.5932462129276246,0.042735042735042736,82.23562500000006,6.666719558198644,20,0.021367521367521368,0.8547008547008547,False,True,False,0.0,ChaCha20|m1|p0|r0,1,0,0,1150801151,105,145.61801952063576,-145.61801952063576,0.1
ChaCha20,full_noise_campaign,es_stdp_teacher_off,1,1130575483,ES+STDP teacher-free,poisson_mixed,50.0,0.0,117,0.5923258811235428,0.0405982905982906,83.11875000000002,6.7285567671072,19,0.0202991452991453,0.8547008547008547,False,True,False,0.00952380952380949,ChaCha20|m1|p0|r0,1,0,0,1602956976,105,145.61801952063576,-145.61801952063576,0.1
ChaCha20,full_noise_campaign,es_stdp_teacher_off,1,1130575483,ES+STDP teacher-free,poisson_mixed,100.0,0.0,117,0.5966615970246494,0.07585470085470085,87.85624999999999,7.0120908091289635,37,0.03952991452991453,0.7350427350427351,False,True,False,0.00952380952380949,ChaCha20|m1|p0|r0,1,0,0,1193698730,105,145.61801952063576,-145.61801952063576,0.1
ChaCha20,full_noise_campaign,es_stdp_teacher_off,1,878970609,ES+STDP teacher-free,none,0.0,0.0,117,0.5907563210930675,0.045940170940170943,80.43687500000004,6.554939642668655,29,0.030982905982905984,0.7863247863247863,False,True,False,0.00952380952380949,ChaCha20|m1|p0|r1,1,0,1,1142159774,105,145.61801952063576,-145.61801952063576,0.1
ChaCha20,full_noise_campaign,es_stdp_teacher_off,1,878970609,ES+STDP teacher-free,poisson_excitatory,5.0,0.0,117,0.6036082359496504,0.04700854700854701,80.81562500000008,6.593632855691866,26,0.027777777777777776,0.8034188034188035,False,True,False,0.00952380952380949,ChaCha20|m1|p0|r1,1,0,1,516424497,105,145.61801952063576,-145.61801952063576,0.1
ChaCha20,full_noise_campaign,es_stdp_teacher_off,1,878970609,ES+STDP teacher-free,poisson_excitatory,10.0,0.0,117,0.6002530490513891,0.042735042735042736,80.90687500000006,6.619976693530832,23,0.024572649572649572,0.8205128205128205,False,True,False,0.00952380952380949,ChaCha20|m1|p0|r1,1,0,1,658154653,105,145.61801952063576,-145.61801952063576,0.1
ChaCha20,full_noise_campaign,es_stdp_teacher_off,1,878970609,ES+STDP teacher-free,poisson_excitatory,25.0,0.0,117,0.6123943070415407,0.04807692307692308,83.54187500000002,6.82462016281344,19,0.0202991452991453,0.8632478632478633,False,True,False,0.00952380952380949,ChaCha20|m1|p0|r1,1,0,1,860146080,105,145.61801952063576,-145.61801952063576,0.1
ChaCha20,full_noise_campaign,es_stdp_teacher_off,1,878970609,ES+STDP teacher-free,poisson_excitatory,50.0,0.0,117,0.5992037400137633,0.11217948717948718,91.87375000000003,7.389200937422237,64,0.06837606837606838,0.5555555555555556,False,True,False,0.0,ChaCha20|m1|p0|r1,1,0,1,676868943,105,145.61801952063576,-145.61801952063576,0.1
ChaCha20,full_noise_campaign,es_stdp_teacher_off,1,878970609,ES+STDP teacher-free,poisson_excitatory,100.0,0.0,117,0.5903574111871421,0.2777777777777778,113.24249999999995,8.688207413874487,149,0.15918803418803418,0.2222222222222222,False,True,False,0.0,ChaCha20|m1|p0|r1,1,0,1,2131326161,105,145.61801952063576,-145.61801952063576,0.1
ChaCha20,full_noise_campaign,es_stdp_teacher_off,1,878970609,ES+STDP teacher-free,poisson_inhibitory,5.0,0.0,117,0.5948482290841639,0.04807692307692308,81.10124999999996,6.581534732743757,28,0.029914529914529916,0.7948717948717949,False,True,False,0.00952380952380949,ChaCha20|m1|p0|r1,1,0,1,1076174015,105,145.61801952063576,-145.61801952063576,0.1
ChaCha20,full_noise_campaign,es_stdp_teacher_off,1,878970609,ES+STDP teacher-free,poisson_inhibitory,10.0,0.0,117,0.5885505268815905,0.045940170940170943,81.89937499999999,6.621165326883496,27,0.028846153846153848,0.8034188034188035,False,True,False,0.0,ChaCha20|m1|p0|r1,1,0,1,1323469756,105,145.61801952063576,-145.61801952063576,0.1
ChaCha20,full_noise_campaign,es_stdp_teacher_off,1,878970609,ES+STDP teacher-free,poisson_inhibitory,25.0,0.0,117,0.5913875361438841,0.050213675213675216,84.53437500000003,6.738601417506986,27,0.028846153846153848,0.7948717948717949,False,True,False,0.00952380952380949,ChaCha20|m1|p0|r1,1,0,1,1520232129,105,145.61801952063576,-145.61801952063576,0.1
ChaCha20,full_noise_campaign,es_stdp_teacher_off,1,878970609,ES+STDP teacher-free,poisson_inhibitory,50.0,0.0,117,0.5894336581695825,0.05876068376068376,87.49312500000002,6.90436320855334,35,0.03739316239316239,0.7350427350427351,False,True,False,0.0,ChaCha20|m1|p0|r1,1,0,1,1098915056,105,145.61801952063576,-145.61801952063576,0.1
ChaCha20,full_noise_campaign,es_stdp_teacher_off,1,878970609,ES+STDP teacher-free,poisson_inhibitory,100.0,0.0,117,0.5937695391476154,0.18269230769230768,91.55187500000002,7.3009968906165295,115,0.12286324786324786,0.3418803418803419,False,True,False,0.0,ChaCha20|m1|p0|r1,1,0,1,678264465,105,145.61801952063576,-145.61801952063576,0.1
ChaCha20,full_noise_campaign,es_stdp_teacher_off,1,878970609,ES+STDP teacher-free,poisson_mixed,5.0,0.0,117,0.5901262399274856,0.04487179487179487,81.15000000000006,6.599171975305055,25,0.026709401709401708,0.811965811965812,False,True,False,0.00952380952380949,ChaCha20|m1|p0|r1,1,0,1,2019589365,105,145.61801952063576,-145.61801952063576,0.1
ChaCha20,full_noise_campaign,es_stdp_teacher_off,1,878970609,ES+STDP teacher-free,poisson_mixed,10.0,0.0,117,0.60184191679582,0.04700854700854701,81.3125,6.607717786545232,26,0.027777777777777776,0.8034188034188035,False,True,False,0.00952380952380949,ChaCha20|m1|p0|r1,1,0,1,898532034,105,145.61801952063576,-145.61801952063576,0.1
ChaCha20,full_noise_campaign,es_stdp_teacher_off,1,878970609,ES+STDP teacher-free,poisson_mixed,25.0,0.0,117,0.6070712241344154,0.03632478632478633,82.05062500000008,6.656358752457603,17,0.018162393162393164,0.8717948717948718,False,True,False,0.00952380952380949,ChaCha20|m1|p0|r1,1,0,1,569438141,105,145.61801952063576,-145.61801952063576,0.1
ChaCha20,full_noise_campaign,es_stdp_teacher_off,1,878970609,ES+STDP teacher-free,poisson_mixed,50.0,0.0,117,0.5955130439251661,0.03739316239316239,83.91062500000001,6.78205447654847,21,0.022435897435897436,0.8376068376068376,False,True,False,0.0,ChaCha20|m1|p0|r1,1,0,1,988550634,105,145.61801952063576,-145.61801952063576,0.1
ChaCha20,full_noise_campaign,es_stdp_teacher_off,1,878970609,ES+STDP teacher-free,poisson_mixed,100.0,0.0,117,0.5963930669240654,0.05876068376068376,86.88000000000008,6.97762333625529,29,0.030982905982905984,0.7777777777777778,False,True,False,0.7523809523809524,ChaCha20|m1|p0|r1,1,0,1,1492969227,105,145.61801952063576,-145.61801952063576,0.1
ChaCha20,full_noise_campaign,es_stdp_teacher_off,1,1117871248,ES+STDP teacher-free,none,0.0,0.0,117,0.5927945580333471,0.04700854700854701,80.2775,6.566307446952643,29,0.030982905982905984,0.7777777777777778,False,True,False,0.0,ChaCha20|m1|p1|r0,1,1,0,812965453,105,145.61801952063576,-145.61801952063576,0.1
ChaCha20,full_noise_campaign,es_stdp_teacher_off,1,1117871248,ES+STDP teacher-free,poisson_excitatory,5.0,0.0,117,0.5940823429264128,0.0405982905982906,79.92500000000003,6.560534707675421,25,0.026709401709401708,0.811965811965812,False,True,False,0.0,ChaCha20|m1|p1|r0,1,1,0,2029043937,105,145.61801952063576,-145.61801952063576,0.1
ChaCha20,full_noise_campaign,es_stdp_teacher_off,1,1117871248,ES+STDP teacher-free,poisson_excitatory,10.0,0.0,117,0.5964136268012226,0.03205128205128205,79.95062500000004,6.574713131107739,16,0.017094017094017096,0.8717948717948718,False,True,False,0.8571428571428572,ChaCha20|m1|p1|r0,1,1,0,1815949159,105,145.61801952063576,-145.61801952063576,0.1
ChaCha20,full_noise_campaign,es_stdp_teacher_off,1,1117871248,ES+STDP teacher-free,poisson_excitatory,25.0,0.0,117,0.5940042368602008,0.029914529914529916,82.515,6.768522282717315,10,0.010683760683760684,0.9145299145299145,False,True,False,0.0,ChaCha20|m1|p1|r0,1,1,0,2017673828,105,145.61801952063576,-145.61801952063576,0.1
ChaCha20,full_noise_campaign,es_stdp_teacher_off,1,1117871248,ES+STDP teacher-free,poisson_excitatory,50.0,0.0,117,0.5955187710933387,0.09935897435897435,90.40999999999997,7.3070666287066945,60,0.0641025641025641,0.5897435897435898,False,True,False,0.0,ChaCha20|m1|p1|r0,1,1,0,1667217557,105,145.61801952063576,-145.61801952063576,0.1
ChaCha20,full_noise_campaign,es_stdp_teacher_off,1,1117871248,ES+STDP teacher-free,poisson_excitatory,100.0,0.0,117,0.5975559789221734,0.24252136752136752,112.95062499999996,8.717640210873796,145,0.15491452991452992,0.3076923076923077,False,True,False,0.00952380952380949,ChaCha20|m1|p1|r0,1,1,0,429993814,105,145.61801952063576,-145.61801952063576,0.1
ChaCha20,full_noise_campaign,es_stdp_teacher_off,1,1117871248,ES+STDP teacher-free,poisson_inhibitory,5.0,0.0,117,0.6016825740225613,0.045940170940170943,81.10000000000004,6.5965666165881975,27,0.028846153846153848,0.7777777777777778,False,True,False,0.0,ChaCha20|m1|p1|r0,1,1,0,639491919,105,145.61801952063576,-145.61801952063576,0.1
ChaCha20,full_noise_campaign,es_stdp_teacher_off,1,1117871248,ES+STDP teacher-free,poisson_inhibitory,10.0,0.0,117,0.5938209670130163,0.04700854700854701,81.56312500000004,6.611290821377878,26,0.027777777777777776,0.7948717948717949,False,True,False,0.0,ChaCha20|m1|p1|r0,1,1,0,98894088,105,145.61801952063576,-145.61801952063576,0.1
ChaCha20,full_noise_campaign,es_stdp_teacher_off,1,1117871248,ES+STDP teacher-free,poisson_inhibitory,25.0,0.0,117,0.5941093310248107,0.04700854700854701,83.31562500000001,6.684343382397815,27,0.028846153846153848,0.7863247863247863,False,True,False,0.0,ChaCha20|m1|p1|r0,1,1,0,295398915,105,145.61801952063576,-145.61801952063576,0.1
ChaCha20,full_noise_campaign,es_stdp_teacher_off,1,1117871248,ES+STDP teacher-free,poisson_inhibitory,50.0,0.0,117,0.597282248083502,0.050213675213675216,86.839375,6.879279347625035,25,0.026709401709401708,0.7948717948717949,False,True,False,0.0,ChaCha20|m1|p1|r0,1,1,0,176658356,105,145.61801952063576,-145.61801952063576,0.1
ChaCha20,full_noise_campaign,es_stdp_teacher_off,1,1117871248,ES+STDP teacher-free,poisson_inhibitory,100.0,0.0,117,0.600613001966849,0.16452991452991453,91.00874999999999,7.269924591378961,118,0.12606837606837606,0.3162393162393162,False,True,False,0.0,ChaCha20|m1|p1|r0,1,1,0,1321543192,105,145.61801952063576,-145.61801952063576,0.1
ChaCha20,full_noise_campaign,es_stdp_teacher_off,1,1117871248,ES+STDP teacher-free,poisson_mixed,5.0,0.0,117,0.5992169049568474,0.03952991452991453,80.59312500000001,6.582039680005372,23,0.024572649572649572,0.8205128205128205,False,True,False,0.0,ChaCha20|m1|p1|r0,1,1,0,811106103,105,145.61801952063576,-145.61801952063576,0.1
ChaCha20,full_noise_campaign,es_stdp_teacher_off,1,1117871248,ES+STDP teacher-free,poisson_mixed,10.0,0.0,117,0.5926756579428911,0.0405982905982906,80.60562500000003,6.583998934366999,20,0.021367521367521368,0.8376068376068376,False,True,False,0.00952380952380949,ChaCha20|m1|p1|r0,1,1,0,1203887420,105,145.61801952063576,-145.61801952063576,0.1
ChaCha20,full_noise_campaign,es_stdp_teacher_off,1,1117871248,ES+STDP teacher-free,poisson_mixed,25.0,0.0,117,0.5949169870000333,0.042735042735042736,81.90937500000001,6.663322859374187,23,0.024572649572649572,0.8205128205128205,False,True,False,0.0,ChaCha20|m1|p1|r0,1,1,0,1405071423,105,145.61801952063576,-145.61801952063576,0.1
ChaCha20,full_noise_campaign,es_stdp_teacher_off,1,1117871248,ES+STDP teacher-free,poisson_mixed,50.0,0.0,117,0.6008603449445218,0.045940170940170943,83.08375000000008,6.736208891369913,20,0.021367521367521368,0.829059829059829,False,True,False,0.0,ChaCha20|m1|p1|r0,1,1,0,1218660976,105,145.61801952063576,-145.61801952063576,0.1
ChaCha20,full_noise_campaign,es_stdp_teacher_off,1,1117871248,ES+STDP teacher-free,poisson_mixed,100.0,0.0,117,0.5983826138544828,0.053418803418803416,86.30687500000002,6.936557112638508,25,0.026709401709401708,0.7948717948717949,False,True,False,0.0,ChaCha20|m1|p1|r0,1,1,0,1549111253,105,145.61801952063576,-145.61801952063576,0.1
ChaCha20,full_noise_campaign,es_stdp_teacher_off,1,900099354,ES+STDP teacher-free,none,0.0,0.0,117,0.5969402641057968,0.04700854700854701,80.2775,6.566307446952643,29,0.030982905982905984,0.7777777777777778,False,True,False,0.0,ChaCha20|m1|p1|r1,1,1,1,1605809478,105,145.61801952063576,-145.61801952063576,0.1
ChaCha20,full_noise_campaign,es_stdp_teacher_off,1,900099354,ES+STDP teacher-free,poisson_excitatory,5.0,0.0,117,0.5943102589808404,0.0405982905982906,79.90937499999998,6.5565154107001575,26,0.027777777777777776,0.7948717948717949,False,True,False,0.0,ChaCha20|m1|p1|r1,1,1,1,2044044731,105,145.61801952063576,-145.61801952063576,0.1
ChaCha20,full_noise_campaign,es_stdp_teacher_off,1,900099354,ES+STDP teacher-free,poisson_excitatory,10.0,0.0,117,0.6006671010982245,0.042735042735042736,80.71375000000003,6.6108507136606764,23,0.024572649572649572,0.8376068376068376,False,True,False,0.0,ChaCha20|m1|p1|r1,1,1,1,1236713308,105,145.61801952063576,-145.61801952063576,0.1
ChaCha20,full_noise_campaign,es_stdp_teacher_off,1,900099354,ES+STDP teacher-free,poisson_excitatory,25.0,0.0,117,0.5973905541468412,0.04700854700854701,83.070625,6.804860321671851,23,0.024572649572649572,0.811965811965812,False,True,False,0.0,ChaCha20|m1|p1|r1,1,1,1,1573442145,105,145.61801952063576,-145.61801952063576,0.1
ChaCha20,full_noise_campaign,es_stdp_teacher_off,1,900099354,ES+STDP teacher-free,poisson_excitatory,50.0,0.0,117,0.6034714470151812,0.10363247863247864,92.033125,7.402203227814429,57,0.060897435897435896,0.5982905982905983,False,True,False,0.0,ChaCha20|m1|p1|r1,1,1,1,1188309136,105,145.61801952063576,-145.61801952063576,0.1
ChaCha20,full_noise_campaign,es_stdp_teacher_off,1,900099354,ES+STDP teacher-free,poisson_excitatory,100.0,0.0,117,0.593721057055518,0.2532051282051282,114.43312499999996,8.814727057036704,139,0.1485042735042735,0.29059829059829057,False,True,False,0.0,ChaCha20|m1|p1|r1,1,1,1,2126285286,105,145.61801952063576,-145.61801952063576,0.1
ChaCha20,full_noise_campaign,es_stdp_teacher_off,1,900099354,ES+STDP teacher-free,poisson_inhibitory,5.0,0.0,117,0.5918303430080414,0.045940170940170943,81.05812499999999,6.595083905957674,26,0.027777777777777776,0.7863247863247863,False,True,False,0.0,ChaCha20|m1|p1|r1,1,1,1,658029101,105,145.61801952063576,-145.61801952063576,0.1
ChaCha20,full_noise_campaign,es_stdp_teacher_off,1,900099354,ES+STDP teacher-free,poisson_inhibitory,10.0,0.0,117,0.5917884041555226,0.041666666666666664,81.4025,6.595805838703125,24,0.02564102564102564,0.811965811965812,False,True,False,0.0,ChaCha20|m1|p1|r1,1,1,1,544116989,105,145.61801952063576,-145.61801952063576,0.1
ChaCha20,full_noise_campaign,es_stdp_teacher_off,1,900099354,ES+STDP teacher-free,poisson_inhibitory,25.0,0.0,117,0.5967898720409721,0.053418803418803416,83.63500000000002,6.704157497655551,29,0.030982905982905984,0.7777777777777778,False,True,False,0.0,ChaCha20|m1|p1|r1,1,1,1,873528832,105,145.61801952063576,-145.61801952063576,0.1
ChaCha20,full_noise_campaign,es_stdp_teacher_off,1,900099354,ES+STDP teacher-free,poisson_inhibitory,50.0,0.0,117,0.5990354211535305,0.05555555555555555,86.88250000000002,6.889316219133215,31,0.03311965811965812,0.7777777777777778,False,True,False,0.01904761904761909,ChaCha20|m1|p1|r1,1,1,1,789317551,105,145.61801952063576,-145.61801952063576,0.1
ChaCha20,full_noise_campaign,es_stdp_teacher_off,1,900099354,ES+STDP teacher-free,poisson_inhibitory,100.0,0.0,117,0.5936408408451825,0.18269230769230768,90.82687499999997,7.260627776030262,112,0.11965811965811966,0.3589743589743589,False,True,False,0.0,ChaCha20|m1|p1|r1,1,1,1,702055332,105,145.61801952063576,-145.61801952063576,0.1
ChaCha20,full_noise_campaign,es_stdp_teacher_off,1,900099354,ES+STDP teacher-free,poisson_mixed,5.0,0.0,117,0.6039943299256265,0.042735042735042736,80.30312499999998,6.565419352263756,25,0.026709401709401708,0.7948717948717949,False,True,False,0.0,ChaCha20|m1|p1|r1,1,1,1,1740308352,105,145.61801952063576,-145.61801952063576,0.1
ChaCha20,full_noise_campaign,es_stdp_teacher_off,1,900099354,ES+STDP teacher-free,poisson_mixed,10.0,0.0,117,0.6039923948701471,0.038461538461538464,80.46125000000004,6.579251934930008,21,0.022435897435897436,0.829059829059829,False,True,False,0.0,ChaCha20|m1|p1|r1,1,1,1,581363330,105,145.61801952063576,-145.61801952063576,0.1
ChaCha20,full_noise_campaign,es_stdp_teacher_off,1,900099354,ES+STDP teacher-free,poisson_mixed,25.0,0.0,117,0.5917561750393361,0.03952991452991453,81.90187500000002,6.6568324661436815,21,0.022435897435897436,0.8461538461538461,False,True,False,0.0,ChaCha20|m1|p1|r1,1,1,1,920161149,105,145.61801952063576,-145.61801952063576,0.1
ChaCha20,full_noise_campaign,es_stdp_teacher_off,1,900099354,ES+STDP teacher-free,poisson_mixed,50.0,0.0,117,0.5926648299209774,0.03311965811965812,82.95000000000003,6.7361335218758756,17,0.018162393162393164,0.8632478632478633,False,True,False,0.00952380952380949,ChaCha20|m1|p1|r1,1,1,1,767848746,105,145.61801952063576,-145.61801952063576,0.1
ChaCha20,full_noise_campaign,es_stdp_teacher_off,1,900099354,ES+STDP teacher-free,poisson_mixed,100.0,0.0,117,0.5951725118793547,0.05876068376068376,87.19937500000003,6.981088194100396,26,0.027777777777777776,0.8034188034188035,False,True,False,0.0,ChaCha20|m1|p1|r1,1,1,1,1133448288,105,145.61801952063576,-145.61801952063576,0.1
ChaCha20,full_noise_campaign,es_stdp_teacher_off,1,1088938601,ES+STDP teacher-free,none,0.0,0.0,117,0.595183587167412,0.04807692307692308,80.858125,6.596690566987169,23,0.024572649572649572,0.811965811965812,False,True,False,0.00952380952380949,ChaCha20|m1|p2|r0,1,2,0,1206521085,105,145.61801952063576,-145.61801952063576,0.1
ChaCha20,full_noise_campaign,es_stdp_teacher_off,1,1088938601,ES+STDP teacher-free,poisson_excitatory,5.0,0.0,117,0.5954078789800406,0.0405982905982906,80.820625,6.608122636698696,16,0.017094017094017096,0.8632478632478633,False,True,False,0.0,ChaCha20|m1|p2|r0,1,2,0,178728314,105,145.61801952063576,-145.61801952063576,0.1
ChaCha20,full_noise_campaign,es_stdp_teacher_off,1,1088938601,ES+STDP teacher-free,poisson_excitatory,10.0,0.0,117,0.5937779559753835,0.0405982905982906,81.158125,6.640692589049735,15,0.016025641025641024,0.8803418803418803,False,True,False,0.8666666666666667,ChaCha20|m1|p2|r0,1,2,0,1604911913,105,145.61801952063576,-145.61801952063576,0.1
ChaCha20,full_noise_campaign,es_stdp_teacher_off,1,1088938601,ES+STDP teacher-free,poisson_excitatory,25.0,0.0,117,0.5956275181379169,0.03311965811965812,82.82999999999998,6.786633754089614,16,0.017094017094017096,0.8888888888888888,False,True,False,0.0,ChaCha20|m1|p2|r0,1,2,0,1272410148,105,145.61801952063576,-145.61801952063576,0.1
ChaCha20,full_noise_campaign,es_stdp_teacher_off,1,1088938601,ES+STDP teacher-free,poisson_excitatory,50.0,0.0,117,0.5987427411600947,0.08547008547008547,90.41062499999998,7.314641058840595,41,0.0438034188034188,0.6837606837606838,False,True,False,0.00952380952380949,ChaCha20|m1|p2|r0,1,2,0,1355519443,105,145.61801952063576,-145.61801952063576,0.1
ChaCha20,full_noise_campaign,es_stdp_teacher_off,1,1088938601,ES+STDP teacher-free,poisson_excitatory,100.0,0.0,117,0.6070701398421079,0.2532051282051282,113.33249999999997,8.744198858675826,133,0.1420940170940171,0.2649572649572649,False,True,False,0.0,ChaCha20|m1|p2|r0,1,2,0,461318197,105,145.61801952063576,-145.61801952063576,0.1
ChaCha20,full_noise_campaign,es_stdp_teacher_off,1,1088938601,ES+STDP teacher-free,poisson_inhibitory,5.0,0.0,117,0.6053287349641323,0.049145299145299144,81.77187499999998,6.630961522461998,19,0.0202991452991453,0.8376068376068376,False,True,False,0.0,ChaCha20|m1|p2|r0,1,2,0,1414148870,105,145.61801952063576,-145.61801952063576,0.1
ChaCha20,full_noise_campaign,es_stdp_teacher_off,1,1088938601,ES+STDP teacher-free,poisson_inhibitory,10.0,0.0,117,0.5920095259789377,0.05448717948717949,82.40687499999999,6.65242899067386,22,0.023504273504273504,0.811965811965812,False,True,False,0.0,ChaCha20|m1|p2|r0,1,2,0,913386824,105,145.61801952063576,-145.61801952063576,0.1
ChaCha20,full_noise_campaign,es_stdp_teacher_off,1,1088938601,ES+STDP teacher-free,poisson_inhibitory,25.0,0.0,117,0.5964647268410772,0.0438034188034188,84.1325,6.719447080429962,19,0.0202991452991453,0.8376068376068376,False,True,False,0.0,ChaCha20|m1|p2|r0,1,2,0,571424837,105,145.61801952063576,-145.61801952063576,0.1
ChaCha20,full_noise_campaign,es_stdp_teacher_off,1,1088938601,ES+STDP teacher-free,poisson_inhibitory,50.0,0.0,117,0.6077108839526772,0.06944444444444445,88.03125000000004,6.955354629543774,30,0.03205128205128205,0.7692307692307692,False,True,False,0.0,ChaCha20|m1|p2|r0,1,2,0,957594228,105,145.61801952063576,-145.61801952063576,0.1
ChaCha20,full_noise_campaign,es_stdp_teacher_off,1,1088938601,ES+STDP teacher-free,poisson_inhibitory,100.0,0.0,117,0.5958481011912227,0.18269230769230768,91.875625,7.3256347420800765,112,0.11965811965811966,0.3162393162393162,False,True,False,0.00952380952380949,ChaCha20|m1|p2|r0,1,2,0,1276846837,105,145.61801952063576,-145.61801952063576,0.1
ChaCha20,full_noise_campaign,es_stdp_teacher_off,1,1088938601,ES+STDP teacher-free,poisson_mixed,5.0,0.0,117,0.5949442251585424,0.049145299145299144,81.32750000000001,6.621300763492439,21,0.022435897435897436,0.8205128205128205,False,True,False,0.0,ChaCha20|m1|p2|r0,1,2,0,1262943768,105,145.61801952063576,-145.61801952063576,0.1
ChaCha20,full_noise_campaign,es_stdp_teacher_off,1,1088938601,ES+STDP teacher-free,poisson_mixed,10.0,0.0,117,0.592011597007513,0.042735042735042736,81.56437500000006,6.637135279761781,15,0.016025641025641024,0.8717948717948718,False,True,False,0.00952380952380949,ChaCha20|m1|p2|r0,1,2,0,2126082172,105,145.61801952063576,-145.61801952063576,0.1
ChaCha20,full_noise_campaign,es_stdp_teacher_off,1,1088938601,ES+STDP teacher-free,poisson_mixed,25.0,0.0,117,0.5965331930201501,0.03205128205128205,82.43812499999999,6.688927215814616,13,0.013888888888888888,0.8888888888888888,False,True,False,0.01904761904761909,ChaCha20|m1|p2|r0,1,2,0,1791434111,105,145.61801952063576,-145.61801952063576,0.1
ChaCha20,full_noise_campaign,es_stdp_teacher_off,1,1088938601,ES+STDP teacher-free,poisson_mixed,50.0,0.0,117,0.5913830609060824,0.04700854700854701,84.31250000000003,6.8033591297855125,17,0.018162393162393164,0.8632478632478633,False,True,False,0.01904761904761909,ChaCha20|m1|p2|r0,1,2,0,1910236976,105,145.61801952063576,-145.61801952063576,0.1
ChaCha20,full_noise_campaign,es_stdp_teacher_off,1,1088938601,ES+STDP teacher-free,poisson_mixed,100.0,0.0,117,0.604184053838253,0.06196581196581197,87.20250000000004,6.993451114763375,27,0.028846153846153848,0.8034188034188035,False,True,False,0.0,ChaCha20|m1|p2|r0,1,2,0,716224192,105,145.61801952063576,-145.61801952063576,0.1
ChaCha20,full_noise_campaign,es_stdp_teacher_off,1,937480915,ES+STDP teacher-free,none,0.0,0.0,117,0.5932205419521779,0.04807692307692308,80.858125,6.596690566987169,23,0.024572649572649572,0.811965811965812,False,True,False,0.00952380952380949,ChaCha20|m1|p2|r1,1,2,1,673736726,105,145.61801952063576,-145.61801952063576,0.1
ChaCha20,full_noise_campaign,es_stdp_teacher_off,1,937480915,ES+STDP teacher-free,poisson_excitatory,5.0,0.0,117,0.5886183208785951,0.03739316239316239,80.59812500000001,6.595461879296625,18,0.019230769230769232,0.8461538461538461,False,True,False,0.0,ChaCha20|m1|p2|r1,1,2,1,193087634,105,145.61801952063576,-145.61801952063576,0.1
ChaCha20,full_noise_campaign,es_stdp_teacher_off,1,937480915,ES+STDP teacher-free,poisson_excitatory,10.0,0.0,117,0.5934650860726833,0.041666666666666664,80.90125000000002,6.6306795340991815,16,0.017094017094017096,0.8632478632478633,False,True,False,0.00952380952380949,ChaCha20|m1|p2|r1,1,2,1,2049086236,105,145.61801952063576,-145.61801952063576,0.1
ChaCha20,full_noise_campaign,es_stdp_teacher_off,1,937480915,ES+STDP teacher-free,poisson_excitatory,25.0,0.0,117,0.590205789078027,0.045940170940170943,83.70312500000004,6.846504667700405,18,0.019230769230769232,0.8632478632478633,False,True,False,0.00952380952380949,ChaCha20|m1|p2|r1,1,2,1,1851588639,105,145.61801952063576,-145.61801952063576,0.1
ChaCha20,full_noise_campaign,es_stdp_teacher_off,1,937480915,ES+STDP teacher-free,poisson_excitatory,50.0,0.0,117,0.5929683621507138,0.09829059829059829,90.77812499999996,7.322606341566628,52,0.05555555555555555,0.6239316239316239,False,True,False,0.0,ChaCha20|m1|p2|r1,1,2,1,1967130064,105,145.61801952063576,-145.61801952063576,0.1
ChaCha20,full_noise_campaign,es_stdp_teacher_off,1,937480915,ES+STDP teacher-free,poisson_excitatory,100.0,0.0,117,0.5928862888831645,0.2692307692307692,114.23874999999992,8.779925788158568,145,0.15491452991452992,0.33333333333333337,False,True,False,0.0,ChaCha20|m1|p2|r1,1,2,1,2086833863,105,145.61801952063576,-145.61801952063576,0.1
ChaCha20,full_noise_campaign,es_stdp_teacher_off,1,937480915,ES+STDP teacher-free,poisson_inhibitory,5.0,0.0,117,0.5890983080025762,0.050213675213675216,81.72500000000002,6.6319311852241345,19,0.0202991452991453,0.8376068376068376,False,True,False,0.00952380952380949,ChaCha20|m1|p2|r1,1,2,1,1433360422,105,145.61801952063576,-145.61801952063576,0.1
ChaCha20,full_noise_campaign,es_stdp_teacher_off,1,937480915,ES+STDP teacher-free,poisson_inhibitory,10.0,0.0,117,0.5895979898050427,0.05555555555555555,82.45874999999998,6.659569832006863,23,0.024572649572649572,0.8034188034188035,False,True,False,0.00952380952380949,ChaCha20|m1|p2|r1,1,2,1,335199547,105,145.61801952063576,-145.61801952063576,0.1
ChaCha20,full_noise_campaign,es_stdp_teacher_off,1,937480915,ES+STDP teacher-free,poisson_inhibitory,25.0,0.0,117,0.6018089819699526,0.04807692307692308,84.3425,6.736495045329771,20,0.021367521367521368,0.8376068376068376,False,True,False,0.0,ChaCha20|m1|p2|r1,1,2,1,126144576,105,145.61801952063576,-145.61801952063576,0.1
ChaCha20,full_noise_campaign,es_stdp_teacher_off,1,937480915,ES+STDP teacher-free,poisson_inhibitory,50.0,0.0,117,0.5879779749084264,0.060897435897435896,87.49375000000003,6.907001314227491,30,0.03205128205128205,0.7692307692307692,False,True,False,0.00952380952380949,ChaCha20|m1|p2|r1,1,2,1,479734385,105,145.61801952063576,-145.61801952063576,0.1
ChaCha20,full_noise_campaign,es_stdp_teacher_off,1,937480915,ES+STDP teacher-free,poisson_inhibitory,100.0,0.0,117,0.6001793970353901,0.172008547008547,92.20000000000002,7.332119463199236,107,0.11431623931623931,0.3076923076923077,False,True,False,0.0,ChaCha20|m1|p2|r1,1,2,1,721847431,105,145.61801952063576,-145.61801952063576,0.1
ChaCha20,full_noise_campaign,es_stdp_teacher_off,1,937480915,ES+STDP teacher-free,poisson_mixed,5.0,0.0,117,0.6084270009305328,0.05128205128205128,81.12250000000003,6.609371703224191,22,0.023504273504273504,0.8205128205128205,False,True,False,0.00952380952380949,ChaCha20|m1|p2|r1,1,2,1,480542177,105,145.61801952063576,-145.61801952063576,0.1
ChaCha20,full_noise_campaign,es_stdp_teacher_off,1,937480915,ES+STDP teacher-free,poisson_mixed,10.0,0.0,117,0.5932687630411237,0.0405982905982906,81.44500000000002,6.62897952461384,14,0.014957264957264958,0.8803418803418803,False,True,False,0.00952380952380949,ChaCha20|m1|p2|r1,1,2,1,467553090,105,145.61801952063576,-145.61801952063576,0.1
ChaCha20,full_noise_campaign,es_stdp_teacher_off,1,937480915,ES+STDP teacher-free,poisson_mixed,25.0,0.0,117,0.5962788229808211,0.041666666666666664,82.44687500000003,6.696398170992308,21,0.022435897435897436,0.8205128205128205,False,True,False,0.0,ChaCha20|m1|p2|r1,1,2,1,262153789,105,145.61801952063576,-145.61801952063576,0.1
ChaCha20,full_noise_campaign,es_stdp_teacher_off,1,937480915,ES+STDP teacher-free,poisson_mixed,50.0,0.0,117,0.6047239161562175,0.045940170940170943,83.86875000000006,6.7724918913383245,16,0.017094017094017096,0.8717948717948718,False,True,False,0.00952380952380949,ChaCha20|m1|p2|r1,1,2,1,347921514,105,145.61801952063576,-145.61801952063576,0.1
ChaCha20,full_noise_campaign,es_stdp_teacher_off,1,937480915,ES+STDP teacher-free,poisson_mixed,100.0,0.0,117,0.5966990429442376,0.05235042735042735,86.93250000000002,6.981526607621442,21,0.022435897435897436,0.8461538461538461,False,True,False,0.00952380952380949,ChaCha20|m1|p2|r1,1,2,1,896152883,105,145.61801952063576,-145.61801952063576,0.1
ChaCha20,full_noise_campaign,es_stdp_teacher_off,1,1092978738,ES+STDP teacher-free,none,0.0,0.0,117,0.5915745899546891,0.03952991452991453,79.88437499999998,6.549795766711942,22,0.023504273504273504,0.8461538461538461,False,True,False,0.0,ChaCha20|m1|p3|r0,1,3,0,1548697831,105,145.61801952063576,-145.61801952063576,0.1
ChaCha20,full_noise_campaign,es_stdp_teacher_off,1,1092978738,ES+STDP teacher-free,poisson_excitatory,5.0,0.0,117,0.5918055921792984,0.03739316239316239,79.89375000000001,6.566711424113644,20,0.021367521367521368,0.8376068376068376,False,True,False,0.0,ChaCha20|m1|p3|r0,1,3,0,1840942082,105,145.61801952063576,-145.61801952063576,0.1
ChaCha20,full_noise_campaign,es_stdp_teacher_off,1,1092978738,ES+STDP teacher-free,poisson_excitatory,10.0,0.0,117,0.5934317980427295,0.030982905982905984,80.16250000000005,6.593415854879535,10,0.010683760683760684,0.9145299145299145,False,True,False,0.9047619047619048,ChaCha20|m1|p3|r0,1,3,0,824515048,105,145.61801952063576,-145.61801952063576,0.1
ChaCha20,full_noise_campaign,es_stdp_teacher_off,1,1092978738,ES+STDP teacher-free,poisson_excitatory,25.0,0.0,117,0.5973507538437843,0.050213675213675216,83.42312500000003,6.834474052115503,24,0.02564102564102564,0.811965811965812,False,True,False,0.00952380952380949,ChaCha20|m1|p3|r0,1,3,0,626750693,105,145.61801952063576,-145.61801952063576,0.1
ChaCha20,full_noise_campaign,es_stdp_teacher_off,1,1092978738,ES+STDP teacher-free,poisson_excitatory,50.0,0.0,117,0.6025687670335174,0.09508547008547008,90.633125,7.335170255709279,56,0.05982905982905983,0.5897435897435898,False,True,False,0.0,ChaCha20|m1|p3|r0,1,3,0,1044877076,105,145.61801952063576,-145.61801952063576,0.1
ChaCha20,full_noise_campaign,es_stdp_teacher_off,1,1092978738,ES+STDP teacher-free,poisson_excitatory,100.0,0.0,117,0.6063048159703612,0.24252136752136752,112.886875,8.738515735455966,137,0.14636752136752137,0.2991452991452992,False,True,False,0.0,ChaCha20|m1|p3|r0,1,3,0,449500480,105,145.61801952063576,-145.61801952063576,0.1
ChaCha20,full_noise_campaign,es_stdp_teacher_off,1,1092978738,ES+STDP teacher-free,poisson_inhibitory,5.0,0.0,117,0.5928194629959762,0.041666666666666664,80.58999999999999,6.580914196791062,20,0.021367521367521368,0.8547008547008547,False,True,False,0.0,ChaCha20|m1|p3|r0,1,3,0,861377654,105,145.61801952063576,-145.61801952063576,0.1
ChaCha20,full_noise_campaign,es_stdp_teacher_off,1,1092978738,ES+STDP teacher-free,poisson_inhibitory,10.0,0.0,117,0.5951359721366316,0.038461538461538464,80.95750000000001,6.583632628816109,20,0.021367521367521368,0.8547008547008547,False,True,False,0.0,ChaCha20|m1|p3|r0,1,3,0,1492989577,105,145.61801952063576,-145.61801952063576,0.1
ChaCha20,full_noise_campaign,es_stdp_teacher_off,1,1092978738,ES+STDP teacher-free,poisson_inhibitory,25.0,0.0,117,0.593952339142561,0.045940170940170943,83.18750000000003,6.683667576113109,21,0.022435897435897436,0.8547008547008547,False,True,False,0.0,ChaCha20|m1|p3|r0,1,3,0,1283677060,105,145.61801952063576,-145.61801952063576,0.1
ChaCha20,full_noise_campaign,es_stdp_teacher_off,1,1092978738,ES+STDP teacher-free,poisson_inhibitory,50.0,0.0,117,0.6024345669429749,0.04807692307692308,86.07687500000009,6.837441854221079,26,0.027777777777777776,0.811965811965812,False,True,False,0.00952380952380949,ChaCha20|m1|p3|r0,1,3,0,1470079283,105,145.61801952063576,-145.61801952063576,0.1
ChaCha20,full_noise_campaign,es_stdp_teacher_off,1,1092978738,ES+STDP teacher-free,poisson_inhibitory,100.0,0.0,117,0.594392369966954,0.15598290598290598,90.79562500000003,7.246964727096375,93,0.09935897435897435,0.4273504273504274,False,True,False,0.0,ChaCha20|m1|p3|r0,1,3,0,1303306242,105,145.61801952063576,-145.61801952063576,0.1
ChaCha20,full_noise_campaign,es_stdp_teacher_off,1,1092978738,ES+STDP teacher-free,poisson_mixed,5.0,0.0,117,0.5937664059456438,0.03739316239316239,80.12062500000002,6.561872135794083,19,0.0202991452991453,0.8461538461538461,False,True,False,0.0,ChaCha20|m1|p3|r0,1,3,0,1419542171,105,145.61801952063576,-145.61801952063576,0.1
ChaCha20,full_noise_campaign,es_stdp_teacher_off,1,1092978738,ES+STDP teacher-free,poisson_mixed,10.0,0.0,117,0.5962200779467821,0.03418803418803419,80.47625000000001,6.58555595465049,16,0.017094017094017096,0.8888888888888888,False,True,False,0.00952380952380949,ChaCha20|m1|p3|r0,1,3,0,1771115708,105,145.61801952063576,-145.61801952063576,0.1
ChaCha20,full_noise_campaign,es_stdp_teacher_off,1,1092978738,ES+STDP teacher-free,poisson_mixed,25.0,0.0,117,0.5973939928226173,0.038461538461538464,81.67000000000004,6.65559010409861,18,0.019230769230769232,0.8547008547008547,False,True,False,0.01904761904761909,ChaCha20|m1|p3|r0,1,3,0,2112846271,105,145.61801952063576,-145.61801952063576,0.1
ChaCha20,full_noise_campaign,es_stdp_teacher_off,1,1092978738,ES+STDP teacher-free,poisson_mixed,50.0,0.0,117,0.6086158219259232,0.03739316239316239,83.33625000000008,6.764331172695899,13,0.013888888888888888,0.905982905982906,False,True,False,0.0,ChaCha20|m1|p3|r0,1,3,0,1727235056,105,145.61801952063576,-145.61801952063576,0.1
ChaCha20,full_noise_campaign,es_stdp_teacher_off,1,1092978738,ES+STDP teacher-free,poisson_mixed,100.0,0.0,117,0.5971995089203119,0.050213675213675216,86.65000000000003,6.968412317766752,27,0.028846153846153848,0.8034188034188035,False,True,False,0.0,ChaCha20|m1|p3|r0,1,3,0,834886765,105,145.61801952063576,-145.61801952063576,0.1
ChaCha20,full_noise_campaign,es_stdp_teacher_off,1,908245192,ES+STDP teacher-free,none,0.0,0.0,117,0.590395564911887,0.03952991452991453,79.88437499999998,6.549795766711942,22,0.023504273504273504,0.8461538461538461,False,True,False,0.0,ChaCha20|m1|p3|r1,1,3,1,864889774,105,145.61801952063576,-145.61801952063576,0.1
ChaCha20,full_noise_campaign,es_stdp_teacher_off,1,908245192,ES+STDP teacher-free,poisson_excitatory,5.0,0.0,117,0.5916997280437499,0.038461538461538464,80.18000000000006,6.579118920762326,18,0.019230769230769232,0.8717948717948718,False,True,False,0.00952380952380949,ChaCha20|m1|p3|r1,1,3,1,1822420778,105,145.61801952063576,-145.61801952063576,0.1
ChaCha20,full_noise_campaign,es_stdp_teacher_off,1,908245192,ES+STDP teacher-free,poisson_excitatory,10.0,0.0,117,0.5942914518527687,0.035256410256410256,80.48375000000001,6.61457623635114,16,0.017094017094017096,0.8803418803418803,False,True,False,0.0,ChaCha20|m1|p3|r1,1,3,1,346982875,105,145.61801952063576,-145.61801952063576,0.1
ChaCha20,full_noise_campaign,es_stdp_teacher_off,1,908245192,ES+STDP teacher-free,poisson_excitatory,25.0,0.0,117,0.5974309109151363,0.038461538461538464,82.61062500000007,6.785231462280101,18,0.019230769230769232,0.8547008547008547,False,True,False,0.8380952380952381,ChaCha20|m1|p3|r1,1,3,1,13690080,105,145.61801952063576,-145.61801952063576,0.1
ChaCha20,full_noise_campaign,es_stdp_teacher_off,1,908245192,ES+STDP teacher-free,poisson_excitatory,50.0,0.0,117,0.5906422568950802,0.10790598290598291,92.10062500000001,7.405645284362488,58,0.06196581196581197,0.5811965811965811,False,True,False,0.0,ChaCha20|m1|p3|r1,1,3,1,466362129,105,145.61801952063576,-145.61801952063576,0.1
ChaCha20,full_noise_campaign,es_stdp_teacher_off,1,908245192,ES+STDP teacher-free,poisson_excitatory,100.0,0.0,117,0.5948258340358734,0.23717948717948717,111.75562499999998,8.669616702305966,135,0.14423076923076922,0.3162393162393162,False,True,False,0.0,ChaCha20|m1|p3|r1,1,3,1,2111271852,105,145.61801952063576,-145.61801952063576,0.1
ChaCha20,full_noise_campaign,es_stdp_teacher_off,1,908245192,ES+STDP teacher-free,poisson_inhibitory,5.0,0.0,117,0.5903226940426975,0.0405982905982906,80.65187500000002,6.583187365773887,20,0.021367521367521368,0.8547008547008547,False,True,False,0.00952380952380949,ChaCha20|m1|p3|r1,1,3,1,846393750,105,145.61801952063576,-145.61801952063576,0.1
ChaCha20,full_noise_campaign,es_stdp_teacher_off,1,908245192,ES+STDP teacher-free,poisson_inhibitory,10.0,0.0,117,0.5888068040367216,0.03952991452991453,81.26437500000003,6.602540264695015,19,0.0202991452991453,0.8632478632478633,False,True,False,0.00952380952380949,ChaCha20|m1|p3|r1,1,3,1,2104927868,105,145.61801952063576,-145.61801952063576,0.1
ChaCha20,full_noise_campaign,es_stdp_teacher_off,1,908245192,ES+STDP teacher-free,poisson_inhibitory,25.0,0.0,117,0.5909625990316272,0.041666666666666664,83.0381250000001,6.670981387815983,20,0.021367521367521368,0.8376068376068376,False,True,False,0.0,ChaCha20|m1|p3|r1,1,3,1,1762184063,105,145.61801952063576,-145.61801952063576,0.1
ChaCha20,full_noise_campaign,es_stdp_teacher_off,1,908245192,ES+STDP teacher-free,poisson_inhibitory,50.0,0.0,117,0.5957628199830651,0.05982905982905983,86.26562500000003,6.863927975320294,32,0.03418803418803419,0.7521367521367521,False,True,False,0.0,ChaCha20|m1|p3|r1,1,3,1,1913925936,105,145.61801952063576,-145.61801952063576,0.1
ChaCha20,full_noise_campaign,es_stdp_teacher_off,1,908245192,ES+STDP teacher-free,poisson_inhibitory,100.0,0.0,117,0.6016776799224317,0.16773504273504272,90.97500000000004,7.265138832937174,100,0.10683760683760683,0.4273504273504274,False,True,False,0.0,ChaCha20|m1|p3|r1,1,3,1,716405098,105,145.61801952063576,-145.61801952063576,0.1
ChaCha20,full_noise_campaign,es_stdp_teacher_off,1,908245192,ES+STDP teacher-free,poisson_mixed,5.0,0.0,117,0.59322668495588,0.03739316239316239,80.13000000000002,6.562579957643095,19,0.0202991452991453,0.8632478632478633,False,True,False,0.00952380952380949,ChaCha20|m1|p3|r1,1,3,1,58654290,105,145.61801952063576,-145.61801952063576,0.1
ChaCha20,full_noise_campaign,es_stdp_teacher_off,1,908245192,ES+STDP teacher-free,poisson_mixed,10.0,0.0,117,0.5975366809871048,0.03632478632478633,80.415625,6.577179943969147,18,0.019230769230769232,0.8632478632478633,False,True,False,0.00952380952380949,ChaCha20|m1|p3|r1,1,3,1,217460738,105,145.61801952063576,-145.61801952063576,0.1
ChaCha20,full_noise_campaign,es_stdp_teacher_off,1,908245192,ES+STDP teacher-free,poisson_mixed,25.0,0.0,117,0.5936250379309058,0.03205128205128205,81.75500000000008,6.653676746954009,17,0.018162393162393164,0.8717948717948718,False,True,False,0.00952380952380949,ChaCha20|m1|p3|r1,1,3,1,411583229,105,145.61801952063576,-145.61801952063576,0.1
ChaCha20,full_noise_campaign,es_stdp_teacher_off,1,908245192,ES+STDP teacher-free,poisson_mixed,50.0,0.0,117,0.6038958388380706,0.029914529914529916,82.60500000000003,6.708684017168132,13,0.013888888888888888,0.8974358974358975,False,True,False,0.0,ChaCha20|m1|p3|r1,1,3,1,60078250,105,145.61801952063576,-145.61801952063576,0.1
ChaCha20,full_noise_campaign,es_stdp_teacher_off,1,908245192,ES+STDP teacher-free,poisson_mixed,100.0,0.0,117,0.5985555548686534,0.056623931623931624,86.86312500000003,6.981895452250228,28,0.029914529914529916,0.8034188034188035,False,True,False,0.0,ChaCha20|m1|p3|r1,1,3,1,773447686,105,145.61801952063576,-145.61801952063576,0.1
ChaCha20,full_noise_campaign,es_stdp_teacher_off,2,79908011,ES+STDP teacher-free,none,0.0,0.0,117,0.5914184148423374,0.045940170940170943,80.43687500000004,6.554939642668655,29,0.030982905982905984,0.7863247863247863,False,True,False,0.00952380952380949,ChaCha20|m2|p0|r0,2,0,0,1471199168,105,145.61801952063576,-145.61801952063576,0.1
ChaCha20,full_noise_campaign,es_stdp_teacher_off,2,79908011,ES+STDP teacher-free,poisson_excitatory,5.0,0.0,117,0.595514657208696,0.03632478632478633,80.53500000000005,6.577834687021481,20,0.021367521367521368,0.8547008547008547,False,True,False,0.00952380952380949,ChaCha20|m2|p0|r0,2,0,0,489906482,105,145.61801952063576,-145.61801952063576,0.1
ChaCha20,full_noise_campaign,es_stdp_teacher_off,2,79908011,ES+STDP teacher-free,poisson_excitatory,10.0,0.0,117,0.5923032339196652,0.04807692307692308,81.49187500000005,6.650313221719138,29,0.030982905982905984,0.7692307692307692,False,True,False,0.00952380952380949,ChaCha20|m2|p0|r0,2,0,0,666459963,105,145.61801952063576,-145.61801952063576,0.1
ChaCha20,full_noise_campaign,es_stdp_teacher_off,2,79908011,ES+STDP teacher-free,poisson_excitatory,25.0,0.0,117,0.6074027910362929,0.042735042735042736,83.6575,6.839847279159693,24,0.02564102564102564,0.811965811965812,False,True,False,0.00952380952380949,ChaCha20|m2|p0|r0,2,0,0,868692542,105,145.61801952063576,-145.61801952063576,0.1
ChaCha20,full_noise_campaign,es_stdp_teacher_off,2,79908011,ES+STDP teacher-free,poisson_excitatory,50.0,0.0,117,0.6079993399325758,0.10897435897435898,91.21875000000003,7.373929831268635,56,0.05982905982905983,0.6324786324786325,False,True,False,0.00952380952380949,ChaCha20|m2|p0|r0,2,0,0,685492337,105,145.61801952063576,-145.61801952063576,0.1
ChaCha20,full_noise_campaign,es_stdp_teacher_off,2,79908011,ES+STDP teacher-free,poisson_excitatory,100.0,0.0,117,0.594383689109236,0.2831196581196581,114.17999999999998,8.760603421674137,150,0.16025641025641027,0.2222222222222222,False,True,False,0.0,ChaCha20|m2|p0|r0,2,0,0,1555429203,105,145.61801952063576,-145.61801952063576,0.1
ChaCha20,full_noise_campaign,es_stdp_teacher_off,2,79908011,ES+STDP teacher-free,poisson_inhibitory,5.0,0.0,117,0.6010830230079591,0.04807692307692308,81.48125000000003,6.598415817551087,27,0.028846153846153848,0.8034188034188035,False,True,False,0.00952380952380949,ChaCha20|m2|p0|r0,2,0,0,1138654910,105,145.61801952063576,-145.61801952063576,0.1
ChaCha20,full_noise_campaign,es_stdp_teacher_off,2,79908011,ES+STDP teacher-free,poisson_inhibitory,10.0,0.0,117,0.5919143031351268,0.045940170940170943,82.25562500000001,6.634469018698772,25,0.026709401709401708,0.811965811965812,False,True,False,0.00952380952380949,ChaCha20|m2|p0|r0,2,0,0,1315008794,105,145.61801952063576,-145.61801952063576,0.1
ChaCha20,full_noise_campaign,es_stdp_teacher_off,2,79908011,ES+STDP teacher-free,poisson_inhibitory,25.0,0.0,117,0.5977364310529083,0.050213675213675216,84.24875000000006,6.7256798025498075,28,0.029914529914529916,0.7863247863247863,False,True,False,0.0,ChaCha20|m2|p0|r0,2,0,0,1511988767,105,145.61801952063576,-145.61801952063576,0.1
ChaCha20,full_noise_campaign,es_stdp_teacher_off,2,79908011,ES+STDP teacher-free,poisson_inhibitory,50.0,0.0,117,0.599923247937113,0.05982905982905983,87.311875,6.8952374903035665,35,0.03739316239316239,0.7521367521367521,False,True,False,0.0,ChaCha20|m2|p0|r0,2,0,0,1090774994,105,145.61801952063576,-145.61801952063576,0.1
ChaCha20,full_noise_campaign,es_stdp_teacher_off,2,79908011,ES+STDP teacher-free,poisson_inhibitory,100.0,0.0,117,0.5992084930185229,0.1794871794871795,91.91625,7.320987344632734,118,0.12606837606837606,0.28205128205128205,False,True,False,0.0,ChaCha20|m2|p0|r0,2,0,0,198311443,105,145.61801952063576,-145.61801952063576,0.1
ChaCha20,full_noise_campaign,es_stdp_teacher_off,2,79908011,ES+STDP teacher-free,poisson_mixed,5.0,0.0,117,0.596128610894084,0.042735042735042736,80.62500000000006,6.568446257641055,25,0.026709401709401708,0.8034188034188035,False,True,False,0.00952380952380949,ChaCha20|m2|p0|r0,2,0,0,1499973081,105,145.61801952063576,-145.61801952063576,0.1
ChaCha20,full_noise_campaign,es_stdp_teacher_off,2,79908011,ES+STDP teacher-free,poisson_mixed,10.0,0.0,117,0.5949079929850996,0.0438034188034188,81.39312500000005,6.610191779651057,21,0.022435897435897436,0.829059829059829,False,True,False,0.00952380952380949,ChaCha20|m2|p0|r0,2,0,0,150409508,105,145.61801952063576,-145.61801952063576,0.1
ChaCha20,full_noise_campaign,es_stdp_teacher_off,2,79908011,ES+STDP teacher-free,poisson_mixed,25.0,0.0,117,0.6092658860143274,0.03952991452991453,82.11625000000004,6.659974532266061,21,0.022435897435897436,0.8376068376068376,False,True,False,0.0,ChaCha20|m2|p0|r0,2,0,0,478772775,105,145.61801952063576,-145.61801952063576,0.1
ChaCha20,full_noise_campaign,es_stdp_teacher_off,2,79908011,ES+STDP teacher-free,poisson_mixed,50.0,0.0,117,0.604929150082171,0.05235042735042735,84.20249999999996,6.796994648643113,28,0.029914529914529916,0.7948717948717949,False,True,False,0.7714285714285715,ChaCha20|m2|p0|r0,2,0,0,127240152,105,145.61801952063576,-145.61801952063576,0.1
ChaCha20,full_noise_campaign,es_stdp_teacher_off,2,79908011,ES+STDP teacher-free,poisson_mixed,100.0,0.0,117,0.5961515950039029,0.05128205128205128,86.4425,6.9290801372297794,28,0.029914529914529916,0.7948717948717949,False,True,False,0.00952380952380949,ChaCha20|m2|p0|r0,2,0,0,1925960535,105,145.61801952063576,-145.61801952063576,0.1
ChaCha20,full_noise_campaign,es_stdp_teacher_off,2,1942256705,ES+STDP teacher-free,none,0.0,0.0,117,0.5952787378337234,0.045940170940170943,80.43687500000004,6.554939642668655,29,0.030982905982905984,0.7863247863247863,False,True,False,0.00952380952380949,ChaCha20|m2|p0|r1,2,0,1,947051731,105,145.61801952063576,-145.61801952063576,0.1
ChaCha20,full_noise_campaign,es_stdp_teacher_off,2,1942256705,ES+STDP teacher-free,poisson_excitatory,5.0,0.0,117,0.595572235994041,0.045940170940170943,80.76812500000004,6.591714043391548,24,0.02564102564102564,0.811965811965812,False,True,False,0.7904761904761904,ChaCha20|m2|p0|r1,2,0,1,471204938,105,145.61801952063576,-145.61801952063576,0.1
ChaCha20,full_noise_campaign,es_stdp_teacher_off,2,1942256705,ES+STDP teacher-free,poisson_excitatory,10.0,0.0,117,0.5977951360400766,0.038461538461538464,80.89187500000003,6.615036017334717,21,0.022435897435897436,0.829059829059829,False,True,False,0.00952380952380949,ChaCha20|m2|p0|r1,2,0,1,36884298,105,145.61801952063576,-145.61801952063576,0.1
ChaCha20,full_noise_campaign,es_stdp_teacher_off,2,1942256705,ES+STDP teacher-free,poisson_excitatory,25.0,0.0,117,0.60258778790012,0.05876068376068376,84.03312499999998,6.856046928670338,30,0.03205128205128205,0.7948717948717949,False,True,False,0.00952380952380949,ChaCha20|m2|p0|r1,2,0,1,374121029,105,145.61801952063576,-145.61801952063576,0.1
ChaCha20,full_noise_campaign,es_stdp_teacher_off,2,1942256705,ES+STDP teacher-free,poisson_excitatory,50.0,0.0,117,0.5948627309408039,0.0811965811965812,90.39000000000001,7.31616948224994,43,0.045940170940170943,0.6581196581196581,False,True,False,0.0,ChaCha20|m2|p0|r1,2,0,1,223369330,105,145.61801952063576,-145.61801952063576,0.1
ChaCha20,full_noise_campaign,es_stdp_teacher_off,2,1942256705,ES+STDP teacher-free,poisson_excitatory,100.0,0.0,117,0.5968821439892054,0.266025641025641,114.21187499999996,8.801056291336534,138,0.14743589743589744,0.2649572649572649,False,True,False,0.00952380952380949,ChaCha20|m2|p0|r1,2,0,1,1000886761,105,145.61801952063576,-145.61801952063576,0.1
ChaCha20,full_noise_campaign,es_stdp_teacher_off,2,1942256705,ES+STDP teacher-free,poisson_inhibitory,5.0,0.0,117,0.5947213200852275,0.049145299145299144,81.49312500000008,6.603142927619418,27,0.028846153846153848,0.8034188034188035,False,True,False,0.00952380952380949,ChaCha20|m2|p0|r1,2,0,1,1123752926,105,145.61801952063576,-145.61801952063576,0.1
ChaCha20,full_noise_campaign,es_stdp_teacher_off,2,1942256705,ES+STDP teacher-free,poisson_inhibitory,10.0,0.0,117,0.5934815239161253,0.042735042735042736,81.855625,6.615695232380553,23,0.024572649572649572,0.8205128205128205,False,True,False,0.00952380952380949,ChaCha20|m2|p0|r1,2,0,1,1810555177,105,145.61801952063576,-145.61801952063576,0.1
ChaCha20,full_noise_campaign,es_stdp_teacher_off,2,1942256705,ES+STDP teacher-free,poisson_inhibitory,25.0,0.0,117,0.5948540810495615,0.05128205128205128,83.99375000000006,6.713371180181722,27,0.028846153846153848,0.8034188034188035,False,True,False,0.00952380952380949,ChaCha20|m2|p0|r1,2,0,1,2140442150,105,145.61801952063576,-145.61801952063576,0.1
ChaCha20,full_noise_campaign,es_stdp_teacher_off,2,1942256705,ES+STDP teacher-free,poisson_inhibitory,50.0,0.0,117,0.596683147130534,0.060897435897435896,87.47250000000003,6.900518166404725,28,0.029914529914529916,0.7777777777777778,False,True,False,0.0,ChaCha20|m2|p0|r1,2,0,1,1686665171,105,145.61801952063576,-145.61801952063576,0.1
ChaCha20,full_noise_campaign,es_stdp_teacher_off,2,1942256705,ES+STDP teacher-free,poisson_inhibitory,100.0,0.0,117,0.5954377430025488,0.1794871794871795,92.13437499999999,7.323053102348561,112,0.11965811965811966,0.3589743589743589,False,True,False,0.0,ChaCha20|m2|p0|r1,2,0,1,1825332137,105,145.61801952063576,-145.61801952063576,0.1
ChaCha20,full_noise_campaign,es_stdp_teacher_off,2,1942256705,ES+STDP teacher-free,poisson_mixed,5.0,0.0,117,0.5937080311123282,0.0438034188034188,80.70562500000005,6.5678937551095995,24,0.02564102564102564,0.829059829059829,False,True,False,0.00952380952380949,ChaCha20|m2|p0|r1,2,0,1,243615264,105,145.61801952063576,-145.61801952063576,0.1
ChaCha20,full_noise_campaign,es_stdp_teacher_off,2,1942256705,ES+STDP teacher-free,poisson_mixed,10.0,0.0,117,0.5947549620177597,0.045940170940170943,81.68625000000003,6.631402851722618,24,0.02564102564102564,0.8034188034188035,False,True,False,0.00952380952380949,ChaCha20|m2|p0|r1,2,0,1,1838164970,105,145.61801952063576,-145.61801952063576,0.1
ChaCha20,full_noise_campaign,es_stdp_teacher_off,2,1942256705,ES+STDP teacher-free,poisson_mixed,25.0,0.0,117,0.5963196938391775,0.0438034188034188,82.56312500000004,6.686421413884954,24,0.02564102564102564,0.8205128205128205,False,True,False,0.00952380952380949,ChaCha20|m2|p0|r1,2,0,1,2045658853,105,145.61801952063576,-145.61801952063576,0.1
ChaCha20,full_noise_campaign,es_stdp_teacher_off,2,1942256705,ES+STDP teacher-free,poisson_mixed,50.0,0.0,117,0.6097201479133219,0.041666666666666664,83.44187500000004,6.7468085145715815,18,0.019230769230769232,0.8632478632478633,False,True,False,0.00952380952380949,ChaCha20|m2|p0|r1,2,0,1,1660075282,105,145.61801952063576,-145.61801952063576,0.1
ChaCha20,full_noise_campaign,es_stdp_teacher_off,2,1942256705,ES+STDP teacher-free,poisson_mixed,100.0,0.0,117,0.6020662980154157,0.049145299145299144,86.34187499999999,6.919163857570165,21,0.022435897435897436,0.829059829059829,False,True,False,0.01904761904761909,ChaCha20|m2|p0|r1,2,0,1,1829851356,105,145.61801952063576,-145.61801952063576,0.1
ChaCha20,full_noise_campaign,es_stdp_teacher_off,2,83961568,ES+STDP teacher-free,none,0.0,0.0,117,0.593532906845212,0.04700854700854701,80.2775,6.566307446952643,29,0.030982905982905984,0.7777777777777778,False,True,False,0.0,ChaCha20|m2|p1|r0,2,1,0,1276509220,105,145.61801952063576,-145.61801952063576,0.1
ChaCha20,full_noise_campaign,es_stdp_teacher_off,2,83961568,ES+STDP teacher-free,poisson_excitatory,5.0,0.0,117,0.5947304309811443,0.04700854700854701,80.46750000000003,6.590508304913463,25,0.026709401709401708,0.8034188034188035,False,True,False,0.0,ChaCha20|m2|p1|r0,2,1,0,2049886138,105,145.61801952063576,-145.61801952063576,0.1
ChaCha20,full_noise_campaign,es_stdp_teacher_off,2,83961568,ES+STDP teacher-free,poisson_excitatory,10.0,0.0,117,0.5935451849363744,0.0438034188034188,80.53250000000004,6.606252683916195,21,0.022435897435897436,0.829059829059829,False,True,False,0.0,ChaCha20|m2|p1|r0,2,1,0,1228227706,105,145.61801952063576,-145.61801952063576,0.1
ChaCha20,full_noise_campaign,es_stdp_teacher_off,2,83961568,ES+STDP teacher-free,poisson_excitatory,25.0,0.0,117,0.6056814631447196,0.049145299145299144,83.85312500000003,6.849332088007687,29,0.030982905982905984,0.7777777777777778,False,True,False,0.0,ChaCha20|m2|p1|r0,2,1,0,1565206911,105,145.61801952063576,-145.61801952063576,0.1
ChaCha20,full_noise_campaign,es_stdp_teacher_off,2,83961568,ES+STDP teacher-free,poisson_excitatory,50.0,0.0,117,0.5947835559491068,0.08974358974358974,91.37437500000004,7.355338500543921,56,0.05982905982905983,0.6239316239316239,False,True,False,0.0,ChaCha20|m2|p1|r0,2,1,0,1180160818,105,145.61801952063576,-145.61801952063576,0.1
ChaCha20,full_noise_campaign,es_stdp_teacher_off,2,83961568,ES+STDP teacher-free,poisson_excitatory,100.0,0.0,117,0.5976309608668089,0.2767094017094017,114.22625000000005,8.788272956009015,137,0.14636752136752137,0.29059829059829057,False,True,False,0.00952380952380949,ChaCha20|m2|p1|r0,2,1,0,1560283742,105,145.61801952063576,-145.61801952063576,0.1
ChaCha20,full_noise_campaign,es_stdp_teacher_off,2,83961568,ES+STDP teacher-free,poisson_inhibitory,5.0,0.0,117,0.5936922288965434,0.04487179487179487,80.81125000000003,6.5860296239561436,27,0.028846153846153848,0.7948717948717949,False,True,False,0.0,ChaCha20|m2|p1|r0,2,1,0,616814638,105,145.61801952063576,-145.61801952063576,0.1
ChaCha20,full_noise_campaign,es_stdp_teacher_off,2,83961568,ES+STDP teacher-free,poisson_inhibitory,10.0,0.0,117,0.5940965318586677,0.0438034188034188,81.36062499999997,6.600749465932341,22,0.023504273504273504,0.811965811965812,False,True,False,0.0,ChaCha20|m2|p1|r0,2,1,0,552430555,105,145.61801952063576,-145.61801952063576,0.1
ChaCha20,full_noise_campaign,es_stdp_teacher_off,2,83961568,ES+STDP teacher-free,poisson_inhibitory,25.0,0.0,117,0.6028935930225998,0.04807692307692308,83.81500000000003,6.7170587931365295,24,0.02564102564102564,0.811965811965812,False,True,False,0.0,ChaCha20|m2|p1|r0,2,1,0,882050782,105,145.61801952063576,-145.61801952063576,0.1
ChaCha20,full_noise_campaign,es_stdp_teacher_off,2,83961568,ES+STDP teacher-free,poisson_inhibitory,50.0,0.0,117,0.593631210969761,0.06303418803418803,87.35125000000002,6.9009137186999,34,0.03632478632478633,0.7264957264957265,False,True,False,0.0,ChaCha20|m2|p1|r0,2,1,0,797965585,105,145.61801952063576,-145.61801952063576,0.1
ChaCha20,full_noise_campaign,es_stdp_teacher_off,2,83961568,ES+STDP teacher-free,poisson_inhibitory,100.0,0.0,117,0.5976729490794241,0.19658119658119658,92.02999999999994,7.326912220833831,122,0.13034188034188035,0.3162393162393162,False,True,False,0.0,ChaCha20|m2|p1|r0,2,1,0,174326048,105,145.61801952063576,-145.61801952063576,0.1
ChaCha20,full_noise_campaign,es_stdp_teacher_off,2,83961568,ES+STDP teacher-free,poisson_mixed,5.0,0.0,117,0.5960893349256366,0.0438034188034188,80.36687500000001,6.571247623905171,25,0.026709401709401708,0.7948717948717949,False,True,False,0.0,ChaCha20|m2|p1|r0,2,1,0,1186809434,105,145.61801952063576,-145.61801952063576,0.1
ChaCha20,full_noise_campaign,es_stdp_teacher_off,2,83961568,ES+STDP teacher-free,poisson_mixed,10.0,0.0,117,0.6056749250274152,0.03739316239316239,80.83437500000002,6.5962819938210115,23,0.024572649572649572,0.8205128205128205,False,True,False,0.8,ChaCha20|m2|p1|r0,2,1,0,534738020,105,145.61801952063576,-145.61801952063576,0.1
ChaCha20,full_noise_campaign,es_stdp_teacher_off,2,83961568,ES+STDP teacher-free,poisson_mixed,25.0,0.0,117,0.6079338849522173,0.0405982905982906,81.889375,6.662220258346446,18,0.019230769230769232,0.8632478632478633,False,True,False,0.8476190476190476,ChaCha20|m2|p1|r0,2,1,0,195107175,105,145.61801952063576,-145.61801952063576,0.1
ChaCha20,full_noise_campaign,es_stdp_teacher_off,2,83961568,ES+STDP teacher-free,poisson_mixed,50.0,0.0,117,0.5939108410384506,0.04700854700854701,83.55625000000003,6.7697116974896225,21,0.022435897435897436,0.829059829059829,False,True,False,0.0,ChaCha20|m2|p1|r0,2,1,0,280880024,105,145.61801952063576,-145.61801952063576,0.1
ChaCha20,full_noise_campaign,es_stdp_teacher_off,2,83961568,ES+STDP teacher-free,poisson_mixed,100.0,0.0,117,0.5951623029541224,0.057692307692307696,86.56437500000003,6.959231911857534,33,0.035256410256410256,0.7435897435897436,False,True,False,0.0,ChaCha20|m2|p1|r0,2,1,0,1773681186,105,145.61801952063576,-145.61801952063576,0.1
ChaCha20,full_noise_campaign,es_stdp_teacher_off,2,1913001546,ES+STDP teacher-free,none,0.0,0.0,117,0.5930311649572104,0.04700854700854701,80.2775,6.566307446952643,29,0.030982905982905984,0.7777777777777778,False,True,False,0.0,ChaCha20|m2|p1|r1,2,1,1,601329905,105,145.61801952063576,-145.61801952063576,0.1
ChaCha20,full_noise_campaign,es_stdp_teacher_off,2,1913001546,ES+STDP teacher-free,poisson_excitatory,5.0,0.0,117,0.5956819399725646,0.041666666666666664,80.34750000000003,6.583735861529489,25,0.026709401709401708,0.8034188034188035,False,True,False,0.0,ChaCha20|m2|p1|r1,2,1,1,2064360162,105,145.61801952063576,-145.61801952063576,0.1
ChaCha20,full_noise_campaign,es_stdp_teacher_off,2,1913001546,ES+STDP teacher-free,poisson_excitatory,10.0,0.0,117,0.5955188039224595,0.03739316239316239,80.65562500000007,6.619079073182716,21,0.022435897435897436,0.829059829059829,False,True,False,0.00952380952380949,ChaCha20|m2|p1|r1,2,1,1,1824445577,105,145.61801952063576,-145.61801952063576,0.1
ChaCha20,full_noise_campaign,es_stdp_teacher_off,2,1913001546,ES+STDP teacher-free,poisson_excitatory,25.0,0.0,117,0.5944176788907498,0.056623931623931624,83.59750000000001,6.83681944363002,25,0.026709401709401708,0.7948717948717949,False,True,False,0.0,ChaCha20|m2|p1|r1,2,1,1,2025896326,105,145.61801952063576,-145.61801952063576,0.1
ChaCha20,full_noise_campaign,es_stdp_teacher_off,2,1913001546,ES+STDP teacher-free,poisson_excitatory,50.0,0.0,117,0.5943711940199137,0.11645299145299146,92.33312499999997,7.431442913168381,68,0.07264957264957266,0.5470085470085471,False,True,False,0.00952380952380949,ChaCha20|m2|p1|r1,2,1,1,1675379507,105,145.61801952063576,-145.61801952063576,0.1
ChaCha20,full_noise_campaign,es_stdp_teacher_off,2,1913001546,ES+STDP teacher-free,poisson_excitatory,100.0,0.0,117,0.6032322200480849,0.2670940170940171,113.805,8.762763934134783,143,0.1527777777777778,0.29059829059829057,False,True,False,0.0,ChaCha20|m2|p1|r1,2,1,1,975023310,105,145.61801952063576,-145.61801952063576,0.1
ChaCha20,full_noise_campaign,es_stdp_teacher_off,2,1913001546,ES+STDP teacher-free,poisson_inhibitory,5.0,0.0,117,0.602679428877309,0.042735042735042736,80.56437500000003,6.565399201333144,26,0.027777777777777776,0.7948717948717949,False,True,False,0.0,ChaCha20|m2|p1|r1,2,1,1,635878734,105,145.61801952063576,-145.61801952063576,0.1
ChaCha20,full_noise_campaign,es_stdp_teacher_off,2,1913001546,ES+STDP teacher-free,poisson_inhibitory,10.0,0.0,117,0.6028054519556463,0.050213675213675216,81.65624999999997,6.616903095610715,27,0.028846153846153848,0.7948717948717949,False,True,False,0.0,ChaCha20|m2|p1|r1,2,1,1,90635242,105,145.61801952063576,-145.61801952063576,0.1
ChaCha20,full_noise_campaign,es_stdp_teacher_off,2,1913001546,ES+STDP teacher-free,poisson_inhibitory,25.0,0.0,117,0.6063321069814265,0.05235042735042735,83.8425,6.7164413533040825,28,0.029914529914529916,0.7863247863247863,False,True,False,0.0,ChaCha20|m2|p1|r1,2,1,1,286824165,105,145.61801952063576,-145.61801952063576,0.1
ChaCha20,full_noise_campaign,es_stdp_teacher_off,2,1913001546,ES+STDP teacher-free,poisson_inhibitory,50.0,0.0,117,0.5940892200451344,0.05555555555555555,87.04500000000002,6.890488166964963,28,0.029914529914529916,0.7948717948717949,False,True,False,0.0,ChaCha20|m2|p1|r1,2,1,1,168062226,105,145.61801952063576,-145.61801952063576,0.1
ChaCha20,full_noise_campaign,es_stdp_teacher_off,2,1913001546,ES+STDP teacher-free,poisson_inhibitory,100.0,0.0,117,0.5969353429973125,0.15491452991452992,91.36374999999998,7.271569342285217,105,0.11217948717948718,0.4273504273504274,False,True,False,0.0,ChaCha20|m2|p1|r1,2,1,1,1836689036,105,145.61801952063576,-145.61801952063576,0.1
ChaCha20,full_noise_campaign,es_stdp_teacher_off,2,1913001546,ES+STDP teacher-free,poisson_mixed,5.0,0.0,117,0.5981559108477086,0.045940170940170943,80.47125000000001,6.572545758224765,26,0.027777777777777776,0.8034188034188035,False,True,False,0.0,ChaCha20|m2|p1|r1,2,1,1,291489427,105,145.61801952063576,-145.61801952063576,0.1
ChaCha20,full_noise_campaign,es_stdp_teacher_off,2,1913001546,ES+STDP teacher-free,poisson_mixed,10.0,0.0,117,0.5983667650725693,0.0405982905982906,80.22250000000004,6.564915956354169,24,0.02564102564102564,0.811965811965812,False,True,False,0.0,ChaCha20|m2|p1|r1,2,1,1,2058899370,105,145.61801952063576,-145.61801952063576,0.1
ChaCha20,full_noise_campaign,es_stdp_teacher_off,2,1913001546,ES+STDP teacher-free,poisson_mixed,25.0,0.0,117,0.6066455920226872,0.03952991452991453,81.94375000000005,6.6621677500395995,16,0.017094017094017096,0.8717948717948718,False,True,False,0.00952380952380949,ChaCha20|m2|p1|r1,2,1,1,1858478757,105,145.61801952063576,-145.61801952063576,0.1
ChaCha20,full_noise_campaign,es_stdp_teacher_off,2,1913001546,ES+STDP teacher-free,poisson_mixed,50.0,0.0,117,0.5951331898104399,0.0405982905982906,83.42750000000004,6.76003043500118,15,0.016025641025641024,0.8717948717948718,False,True,False,0.8571428571428572,ChaCha20|m2|p1|r1,2,1,1,1977276498,105,145.61801952063576,-145.61801952063576,0.1
ChaCha20,full_noise_campaign,es_stdp_teacher_off,2,1913001546,ES+STDP teacher-free,poisson_mixed,100.0,0.0,117,0.5949270708952099,0.053418803418803416,86.52812500000003,6.95252966519826,30,0.03205128205128205,0.7521367521367521,False,True,False,0.00952380952380949,ChaCha20|m2|p1|r1,2,1,1,1986181777,105,145.61801952063576,-145.61801952063576,0.1
ChaCha20,full_noise_campaign,es_stdp_teacher_off,2,122132761,ES+STDP teacher-free,none,0.0,0.0,117,0.5984079719055444,0.04807692307692308,80.858125,6.596690566987169,23,0.024572649572649572,0.811965811965812,False,True,False,0.00952380952380949,ChaCha20|m2|p2|r0,2,2,0,998975796,105,145.61801952063576,-145.61801952063576,0.1
ChaCha20,full_noise_campaign,es_stdp_teacher_off,2,122132761,ES+STDP teacher-free,poisson_excitatory,5.0,0.0,117,0.5954923641402274,0.03952991452991453,80.89687500000002,6.611373449307837,18,0.019230769230769232,0.8461538461538461,False,True,False,0.00952380952380949,ChaCha20|m2|p2|r0,2,2,0,142158483,105,145.61801952063576,-145.61801952063576,0.1
ChaCha20,full_noise_campaign,es_stdp_teacher_off,2,122132761,ES+STDP teacher-free,poisson_excitatory,10.0,0.0,117,0.5886968020349741,0.038461538461538464,81.37374999999997,6.658723199318219,17,0.018162393162393164,0.8547008547008547,False,True,False,0.0,ChaCha20|m2|p2|r0,2,2,0,2057398718,105,145.61801952063576,-145.61801952063576,0.1
ChaCha20,full_noise_campaign,es_stdp_teacher_off,2,122132761,ES+STDP teacher-free,poisson_excitatory,25.0,0.0,117,0.5905335790012032,0.0405982905982906,83.55812499999999,6.816405823920558,20,0.021367521367521368,0.8461538461538461,False,True,False,0.0,ChaCha20|m2|p2|r0,2,2,0,1860109505,105,145.61801952063576,-145.61801952063576,0.1
ChaCha20,full_noise_campaign,es_stdp_teacher_off,2,122132761,ES+STDP teacher-free,poisson_excitatory,50.0,0.0,117,0.5897077361587435,0.10897435897435898,91.36625000000002,7.37435058118053,63,0.0673076923076923,0.5555555555555556,False,True,False,0.0,ChaCha20|m2|p2|r0,2,2,0,1975779054,105,145.61801952063576,-145.61801952063576,0.1
ChaCha20,full_noise_campaign,es_stdp_teacher_off,2,122132761,ES+STDP teacher-free,poisson_excitatory,100.0,0.0,117,0.5911410690750927,0.266025641025641,114.78624999999997,8.816851320480076,151,0.16132478632478633,0.24786324786324787,False,True,False,0.0,ChaCha20|m2|p2|r0,2,2,0,1608387901,105,145.61801952063576,-145.61801952063576,0.1
ChaCha20,full_noise_campaign,es_stdp_teacher_off,2,122132761,ES+STDP teacher-free,poisson_inhibitory,5.0,0.0,117,0.589289803057909,0.0438034188034188,81.65687500000001,6.62525029455515,19,0.0202991452991453,0.8376068376068376,False,True,False,0.0,ChaCha20|m2|p2|r0,2,2,0,1452553765,105,145.61801952063576,-145.61801952063576,0.1
ChaCha20,full_noise_campaign,es_stdp_teacher_off,2,122132761,ES+STDP teacher-free,poisson_inhibitory,10.0,0.0,117,0.5890662109013647,0.045940170940170943,82.45000000000002,6.657294068619685,19,0.0202991452991453,0.8376068376068376,False,True,False,0.00952380952380949,ChaCha20|m2|p2|r0,2,2,0,326715037,105,145.61801952063576,-145.61801952063576,0.1
ChaCha20,full_noise_campaign,es_stdp_teacher_off,2,122132761,ES+STDP teacher-free,poisson_inhibitory,25.0,0.0,117,0.5933476740028709,0.05448717948717949,84.65437500000006,6.75812746197496,25,0.026709401709401708,0.7863247863247863,False,True,False,0.0,ChaCha20|m2|p2|r0,2,2,0,117910434,105,145.61801952063576,-145.61801952063576,0.1
ChaCha20,full_noise_campaign,es_stdp_teacher_off,2,122132761,ES+STDP teacher-free,poisson_inhibitory,50.0,0.0,117,0.5914449240081012,0.049145299145299144,87.136875,6.8851259255710096,26,0.027777777777777776,0.7948717948717949,False,True,False,0.0,ChaCha20|m2|p2|r0,2,2,0,471585103,105,145.61801952063576,-145.61801952063576,0.1
ChaCha20,full_noise_campaign,es_stdp_teacher_off,2,122132761,ES+STDP teacher-free,poisson_inhibitory,100.0,0.0,117,0.590242515085265,0.172008547008547,91.96687499999999,7.294538883176137,100,0.10683760683760683,0.4017094017094017,False,True,False,0.0,ChaCha20|m2|p2|r0,2,2,0,146409469,105,145.61801952063576,-145.61801952063576,0.1
ChaCha20,full_noise_campaign,es_stdp_teacher_off,2,122132761,ES+STDP teacher-free,poisson_mixed,5.0,0.0,117,0.5978837800212204,0.04807692307692308,81.29687500000004,6.6242163246189945,20,0.021367521367521368,0.8376068376068376,False,True,False,0.00952380952380949,ChaCha20|m2|p2|r0,2,2,0,1034142973,105,145.61801952063576,-145.61801952063576,0.1
ChaCha20,full_noise_campaign,es_stdp_teacher_off,2,122132761,ES+STDP teacher-free,poisson_mixed,10.0,0.0,117,0.6061513449531049,0.05448717948717949,82.14250000000001,6.672303704609977,21,0.022435897435897436,0.8205128205128205,False,True,False,0.0,ChaCha20|m2|p2|r0,2,2,0,648534436,105,145.61801952063576,-145.61801952063576,0.1
ChaCha20,full_noise_campaign,es_stdp_teacher_off,2,122132761,ES+STDP teacher-free,poisson_mixed,25.0,0.0,117,0.5915079398546368,0.03632478632478633,82.08562500000001,6.6747365533505185,15,0.016025641025641024,0.8717948717948718,False,True,False,0.00952380952380949,ChaCha20|m2|p2|r0,2,2,0,853128359,105,145.61801952063576,-145.61801952063576,0.1
ChaCha20,full_noise_campaign,es_stdp_teacher_off,2,122132761,ES+STDP teacher-free,poisson_mixed,50.0,0.0,117,0.5900614641141146,0.042735042735042736,84.27624999999999,6.802616718646101,17,0.018162393162393164,0.8632478632478633,False,True,False,0.00952380952380949,ChaCha20|m2|p2|r0,2,2,0,700796504,105,145.61801952063576,-145.61801952063576,0.1
ChaCha20,full_noise_campaign,es_stdp_teacher_off,2,122132761,ES+STDP teacher-free,poisson_mixed,100.0,0.0,117,0.5925696620251983,0.06623931623931624,87.15062500000002,6.978117977186443,30,0.03205128205128205,0.7777777777777778,False,True,False,0.0,ChaCha20|m2|p2|r0,2,2,0,526188783,105,145.61801952063576,-145.61801952063576,0.1
ChaCha20,full_noise_campaign,es_stdp_teacher_off,2,1883285667,ES+STDP teacher-free,none,0.0,0.0,117,0.5930947312153876,0.04807692307692308,80.858125,6.596690566987169,23,0.024572649572649572,0.811965811965812,False,True,False,0.00952380952380949,ChaCha20|m2|p2|r1,2,2,1,1414087265,105,145.61801952063576,-145.61801952063576,0.1
ChaCha20,full_noise_campaign,es_stdp_teacher_off,2,1883285667,ES+STDP teacher-free,poisson_excitatory,5.0,0.0,117,0.5881018058862537,0.0438034188034188,80.77374999999999,6.60528490312843,21,0.022435897435897436,0.829059829059829,False,True,False,0.0,ChaCha20|m2|p2|r1,2,2,1,157044601,105,145.61801952063576,-145.61801952063576,0.1
ChaCha20,full_noise_campaign,es_stdp_teacher_off,2,1883285667,ES+STDP teacher-free,poisson_excitatory,10.0,0.0,117,0.5967126761097461,0.0438034188034188,81.02937500000002,6.637592081857096,22,0.023504273504273504,0.8205128205128205,False,True,False,0.0,ChaCha20|m2|p2|r1,2,2,1,1596651975,105,145.61801952063576,-145.61801952063576,0.1
ChaCha20,full_noise_campaign,es_stdp_teacher_off,2,1883285667,ES+STDP teacher-free,poisson_excitatory,25.0,0.0,117,0.5951406678650528,0.05555555555555555,83.9775,6.8609426204894355,28,0.029914529914529916,0.7948717948717949,False,True,False,0.0,ChaCha20|m2|p2|r1,2,2,1,1263834306,105,145.61801952063576,-145.61801952063576,0.1
ChaCha20,full_noise_campaign,es_stdp_teacher_off,2,1883285667,ES+STDP teacher-free,poisson_excitatory,50.0,0.0,117,0.5938631258904934,0.08333333333333333,90.79937500000003,7.339795069449755,41,0.0438034188034188,0.7094017094017093,False,True,False,0.0,ChaCha20|m2|p2|r1,2,2,1,1346924277,105,145.61801952063576,-145.61801952063576,0.1
ChaCha20,full_noise_campaign,es_stdp_teacher_off,2,1883285667,ES+STDP teacher-free,poisson_excitatory,100.0,0.0,117,0.606644774088636,0.24893162393162394,112.87437499999997,8.700715243816752,129,0.13782051282051283,0.3076923076923077,False,True,False,0.02857142857142858,ChaCha20|m2|p2|r1,2,2,1,952347567,105,145.61801952063576,-145.61801952063576,0.1
ChaCha20,full_noise_campaign,es_stdp_teacher_off,2,1883285667,ES+STDP teacher-free,poisson_inhibitory,5.0,0.0,117,0.605970956152305,0.04700854700854701,81.585625,6.620263258199713,21,0.022435897435897436,0.829059829059829,False,True,False,0.00952380952380949,ChaCha20|m2|p2|r1,2,2,1,1471238407,105,145.61801952063576,-145.61801952063576,0.1
ChaCha20,full_noise_campaign,es_stdp_teacher_off,2,1883285667,ES+STDP teacher-free,poisson_inhibitory,10.0,0.0,117,0.5960331750102341,0.049145299145299144,82.31625,6.652228287565933,21,0.022435897435897436,0.829059829059829,False,True,False,0.0,ChaCha20|m2|p2|r1,2,2,1,921884326,105,145.61801952063576,-145.61801952063576,0.1
ChaCha20,full_noise_campaign,es_stdp_teacher_off,2,1883285667,ES+STDP teacher-free,poisson_inhibitory,25.0,0.0,117,0.5927361939102411,0.04807692307692308,84.30750000000005,6.727773942248966,18,0.019230769230769232,0.8461538461538461,False,True,False,0.0,ChaCha20|m2|p2|r1,2,2,1,579648419,105,145.61801952063576,-145.61801952063576,0.1
ChaCha20,full_noise_campaign,es_stdp_teacher_off,2,1883285667,ES+STDP teacher-free,poisson_inhibitory,50.0,0.0,117,0.5935939040500671,0.06623931623931624,88.00125000000006,6.947209250099717,31,0.03311965811965812,0.7606837606837606,False,True,False,0.01904761904761909,ChaCha20|m2|p2|r1,2,2,1,965755222,105,145.61801952063576,-145.61801952063576,0.1
ChaCha20,full_noise_campaign,es_stdp_teacher_off,2,1883285667,ES+STDP teacher-free,poisson_inhibitory,100.0,0.0,117,0.5971529639791697,0.18269230769230768,92.10624999999999,7.344813628241655,119,0.12713675213675213,0.2649572649572649,False,True,False,0.0,ChaCha20|m2|p2|r1,2,2,1,1873256815,105,145.61801952063576,-145.61801952063576,0.1
ChaCha20,full_noise_campaign,es_stdp_teacher_off,2,1883285667,ES+STDP teacher-free,poisson_mixed,5.0,0.0,117,0.5964586460031569,0.045940170940170943,80.85875000000001,6.595390287818001,22,0.023504273504273504,0.8205128205128205,False,True,False,0.0,ChaCha20|m2|p2|r1,2,2,1,1782662326,105,145.61801952063576,-145.61801952063576,0.1
ChaCha20,full_noise_campaign,es_stdp_teacher_off,2,1883285667,ES+STDP teacher-free,poisson_mixed,10.0,0.0,117,0.5954586560837924,0.04700854700854701,81.85375000000005,6.653443020427554,16,0.017094017094017096,0.8632478632478633,False,True,False,0.00952380952380949,ChaCha20|m2|p2|r1,2,2,1,1136714346,105,145.61801952063576,-145.61801952063576,0.1
ChaCha20,full_noise_campaign,es_stdp_teacher_off,2,1883285667,ES+STDP teacher-free,poisson_mixed,25.0,0.0,117,0.590940766967833,0.041666666666666664,82.1825,6.669743525815379,14,0.014957264957264958,0.8803418803418803,False,True,False,0.00952380952380949,ChaCha20|m2|p2|r1,2,2,1,1472106341,105,145.61801952063576,-145.61801952063576,0.1
ChaCha20,full_noise_campaign,es_stdp_teacher_off,2,1883285667,ES+STDP teacher-free,poisson_mixed,50.0,0.0,117,0.5920770950615406,0.050213675213675216,83.70687500000005,6.758167843484918,21,0.022435897435897436,0.8205128205128205,False,True,False,0.0,ChaCha20|m2|p2|r1,2,2,1,1285715346,105,145.61801952063576,-145.61801952063576,0.1
ChaCha20,full_noise_campaign,es_stdp_teacher_off,2,1883285667,ES+STDP teacher-free,poisson_mixed,100.0,0.0,117,0.6045061449985951,0.04700854700854701,85.8675,6.916442982743367,25,0.026709401709401708,0.8034188034188035,False,True,False,0.0,ChaCha20|m2|p2|r1,2,2,1,8881030,105,145.61801952063576,-145.61801952063576,0.1
ChaCha20,full_noise_campaign,es_stdp_teacher_off,2,109441794,ES+STDP teacher-free,none,0.0,0.0,117,0.5901420190930367,0.03952991452991453,79.88437499999998,6.549795766711942,22,0.023504273504273504,0.8461538461538461,False,True,False,0.0,ChaCha20|m2|p3|r0,2,3,0,539911568,105,145.61801952063576,-145.61801952063576,0.1
ChaCha20,full_noise_campaign,es_stdp_teacher_off,2,109441794,ES+STDP teacher-free,poisson_excitatory,5.0,0.0,117,0.5906221061013639,0.03739316239316239,79.94500000000005,6.564817268202383,21,0.022435897435897436,0.8547008547008547,False,True,False,0.0,ChaCha20|m2|p3|r0,2,3,0,1868860713,105,145.61801952063576,-145.61801952063576,0.1
ChaCha20,full_noise_campaign,es_stdp_teacher_off,2,109441794,ES+STDP teacher-free,poisson_excitatory,10.0,0.0,117,0.5920142401009798,0.030982905982905984,80.18187500000005,6.6009393889045995,13,0.013888888888888888,0.8888888888888888,False,True,False,0.0,ChaCha20|m2|p3|r0,2,3,0,338522877,105,145.61801952063576,-145.61801952063576,0.1
ChaCha20,full_noise_campaign,es_stdp_teacher_off,2,109441794,ES+STDP teacher-free,poisson_excitatory,25.0,0.0,117,0.591382599901408,0.050213675213675216,83.25812499999999,6.8167103471335695,21,0.022435897435897436,0.8376068376068376,False,True,False,0.819047619047619,ChaCha20|m2|p3|r0,2,3,0,5447682,105,145.61801952063576,-145.61801952063576,0.1
ChaCha20,full_noise_campaign,es_stdp_teacher_off,2,109441794,ES+STDP teacher-free,poisson_excitatory,50.0,0.0,117,0.5920419639442116,0.08867521367521368,91.56249999999997,7.39848756098141,51,0.05448717948717949,0.6495726495726496,False,True,False,0.0,ChaCha20|m2|p3|r0,2,3,0,458220975,105,145.61801952063576,-145.61801952063576,0.1
ChaCha20,full_noise_campaign,es_stdp_teacher_off,2,109441794,ES+STDP teacher-free,poisson_excitatory,100.0,0.0,117,0.5917774608824402,0.2329059829059829,113.28499999999997,8.727979853260617,145,0.15491452991452992,0.28205128205128205,False,True,False,0.01904761904761909,ChaCha20|m2|p3|r0,2,3,0,1584132152,105,145.61801952063576,-145.61801952063576,0.1
ChaCha20,full_noise_campaign,es_stdp_teacher_off,2,109441794,ES+STDP teacher-free,poisson_inhibitory,5.0,0.0,117,0.5918052240740508,0.041666666666666664,80.64437500000001,6.578214020972943,20,0.021367521367521368,0.8632478632478633,False,True,False,0.0,ChaCha20|m2|p3|r0,2,3,0,831099799,105,145.61801952063576,-145.61801952063576,0.1
ChaCha20,full_noise_campaign,es_stdp_teacher_off,2,109441794,ES+STDP teacher-free,poisson_inhibitory,10.0,0.0,117,0.5995394389610738,0.0405982905982906,81.36750000000004,6.613256005774189,19,0.0202991452991453,0.8547008547008547,False,True,False,0.00952380952380949,ChaCha20|m2|p3|r0,2,3,0,2113232222,105,145.61801952063576,-145.61801952063576,0.1
ChaCha20,full_noise_campaign,es_stdp_teacher_off,2,109441794,ES+STDP teacher-free,poisson_inhibitory,25.0,0.0,117,0.5892636689823121,0.0405982905982906,82.9606250000001,6.671802424775214,18,0.019230769230769232,0.8547008547008547,False,True,False,0.0,ChaCha20|m2|p3|r0,2,3,0,1770729569,105,145.61801952063576,-145.61801952063576,0.1
ChaCha20,full_noise_campaign,es_stdp_teacher_off,2,109441794,ES+STDP teacher-free,poisson_inhibitory,50.0,0.0,117,0.5916294909548014,0.04807692307692308,85.88312500000002,6.81676968274309,23,0.024572649572649572,0.8205128205128205,False,True,False,0.00952380952380949,ChaCha20|m2|p3|r0,2,3,0,1922550414,105,145.61801952063576,-145.61801952063576,0.1
ChaCha20,full_noise_campaign,es_stdp_teacher_off,2,109441794,ES+STDP teacher-free,poisson_inhibitory,100.0,0.0,117,0.5930022499524057,0.17307692307692307,90.66937499999999,7.269504827349628,112,0.11965811965811966,0.36752136752136755,False,True,False,0.0,ChaCha20|m2|p3|r0,2,3,0,152042234,105,145.61801952063576,-145.61801952063576,0.1
ChaCha20,full_noise_campaign,es_stdp_teacher_off,2,109441794,ES+STDP teacher-free,poisson_mixed,5.0,0.0,117,0.6003604158759117,0.03632478632478633,79.89125000000003,6.5471663760501695,18,0.019230769230769232,0.8717948717948718,False,True,False,0.00952380952380949,ChaCha20|m2|p3|r0,2,3,0,578373496,105,145.61801952063576,-145.61801952063576,0.1
ChaCha20,full_noise_campaign,es_stdp_teacher_off,2,109441794,ES+STDP teacher-free,poisson_mixed,10.0,0.0,117,0.5932810280937701,0.038461538461538464,80.33500000000004,6.572951412177563,18,0.019230769230769232,0.8717948717948718,False,True,False,0.0,ChaCha20|m2|p3|r0,2,3,0,831503844,105,145.61801952063576,-145.61801952063576,0.1
ChaCha20,full_noise_campaign,es_stdp_teacher_off,2,109441794,ES+STDP teacher-free,poisson_mixed,25.0,0.0,117,0.5937677761539817,0.041666666666666664,82.11250000000001,6.676991317759743,16,0.017094017094017096,0.8803418803418803,False,True,False,0.00952380952380949,ChaCha20|m2|p3|r0,2,3,0,636604647,105,145.61801952063576,-145.61801952063576,0.1
ChaCha20,full_noise_campaign,es_stdp_teacher_off,2,109441794,ES+STDP teacher-free,poisson_mixed,50.0,0.0,117,0.593606443144381,0.03739316239316239,83.15125000000009,6.748354924855534,17,0.018162393162393164,0.8632478632478633,False,True,False,0.0,ChaCha20|m2|p3|r0,2,3,0,1055730456,105,145.61801952063576,-145.61801952063576,0.1
ChaCha20,full_noise_campaign,es_stdp_teacher_off,2,109441794,ES+STDP teacher-free,poisson_mixed,100.0,0.0,117,0.59085279610008,0.049145299145299144,85.89187500000003,6.915535588369478,16,0.017094017094017096,0.8717948717948718,False,True,False,0.0,ChaCha20|m2|p3|r0,2,3,0,70183484,105,145.61801952063576,-145.61801952063576,0.1
ChaCha20,full_noise_campaign,es_stdp_teacher_off,2,1904394872,ES+STDP teacher-free,none,0.0,0.0,117,0.5908250929787755,0.03952991452991453,79.88437499999998,6.549795766711942,22,0.023504273504273504,0.8461538461538461,False,True,False,0.0,ChaCha20|m2|p3|r1,2,3,1,1340870275,105,145.61801952063576,-145.61801952063576,0.1
ChaCha20,full_noise_campaign,es_stdp_teacher_off,2,1904394872,ES+STDP teacher-free,poisson_excitatory,5.0,0.0,117,0.5883236818481237,0.03205128205128205,79.61562500000007,6.548762125551153,18,0.019230769230769232,0.8717948717948718,False,True,False,0.00952380952380949,ChaCha20|m2|p3|r1,2,3,1,1849813507,105,145.61801952063576,-145.61801952063576,0.1
ChaCha20,full_noise_campaign,es_stdp_teacher_off,2,1904394872,ES+STDP teacher-free,poisson_excitatory,10.0,0.0,117,0.5889096041209996,0.03205128205128205,79.958125,6.580963249950479,15,0.016025641025641024,0.8717948717948718,False,True,False,0.0,ChaCha20|m2|p3|r1,2,3,1,833020678,105,145.61801952063576,-145.61801952063576,0.1
ChaCha20,full_noise_campaign,es_stdp_teacher_off,2,1904394872,ES+STDP teacher-free,poisson_excitatory,25.0,0.0,117,0.5875861409585923,0.03739316239316239,83.2875,6.822045539786845,16,0.017094017094017096,0.8717948717948718,False,True,False,0.0,ChaCha20|m2|p3|r1,2,3,1,634949635,105,145.61801952063576,-145.61801952063576,0.1
ChaCha20,full_noise_campaign,es_stdp_teacher_off,2,1904394872,ES+STDP teacher-free,poisson_excitatory,50.0,0.0,117,0.5983639329206198,0.09508547008547008,91.82625,7.430343440090456,43,0.045940170940170943,0.717948717948718,False,True,False,0.00952380952380949,ChaCha20|m2|p3|r1,2,3,1,1053062582,105,145.61801952063576,-145.61801952063576,0.1
ChaCha20,full_noise_campaign,es_stdp_teacher_off,2,1904394872,ES+STDP teacher-free,poisson_excitatory,100.0,0.0,117,0.6029044608585536,0.26175213675213677,113.56374999999998,8.752760671645474,140,0.14957264957264957,0.2649572649572649,False,True,False,0.00952380952380949,ChaCha20|m2|p3|r1,2,3,1,964056772,105,145.61801952063576,-145.61801952063576,0.1
ChaCha20,full_noise_campaign,es_stdp_teacher_off,2,1904394872,ES+STDP teacher-free,poisson_inhibitory,5.0,0.0,117,0.5881939940154552,0.03952991452991453,80.46062500000001,6.573097475958829,21,0.022435897435897436,0.8547008547008547,False,True,False,0.0,ChaCha20|m2|p3|r1,2,3,1,816641653,105,145.61801952063576,-145.61801952063576,0.1
ChaCha20,full_noise_campaign,es_stdp_teacher_off,2,1904394872,ES+STDP teacher-free,poisson_inhibitory,10.0,0.0,117,0.5901483420748264,0.03952991452991453,80.90750000000003,6.582707429397488,17,0.018162393162393164,0.8717948717948718,False,True,False,0.0,ChaCha20|m2|p3|r1,2,3,1,1484705127,105,145.61801952063576,-145.61801952063576,0.1
ChaCha20,full_noise_campaign,es_stdp_teacher_off,2,1904394872,ES+STDP teacher-free,poisson_inhibitory,25.0,0.0,117,0.5895047918893397,0.04700854700854701,83.17187500000006,6.68586140878204,22,0.023504273504273504,0.8376068376068376,False,True,False,0.00952380952380949,ChaCha20|m2|p3|r1,2,3,1,1275109474,105,145.61801952063576,-145.61801952063576,0.1
ChaCha20,full_noise_campaign,es_stdp_teacher_off,2,1904394872,ES+STDP teacher-free,poisson_inhibitory,50.0,0.0,117,0.5915341628715396,0.04700854700854701,86.13000000000002,6.838107273641299,24,0.02564102564102564,0.829059829059829,False,True,False,0.00952380952380949,ChaCha20|m2|p3|r1,2,3,1,1461475989,105,145.61801952063576,-145.61801952063576,0.1
ChaCha20,full_noise_campaign,es_stdp_teacher_off,2,1904394872,ES+STDP teacher-free,poisson_inhibitory,100.0,0.0,117,0.5897379571106285,0.15705128205128205,91.17937500000002,7.277632626849943,99,0.10576923076923077,0.4444444444444444,False,True,False,0.00952380952380949,ChaCha20|m2|p3|r1,2,3,1,1846697090,105,145.61801952063576,-145.61801952063576,0.1
ChaCha20,full_noise_campaign,es_stdp_teacher_off,2,1904394872,ES+STDP teacher-free,poisson_mixed,5.0,0.0,117,0.604737828951329,0.038461538461538464,80.11312500000004,6.557929889328247,19,0.0202991452991453,0.8632478632478633,False,True,False,0.0,ChaCha20|m2|p3|r1,2,3,1,1973143359,105,145.61801952063576,-145.61801952063576,0.1
ChaCha20,full_noise_campaign,es_stdp_teacher_off,2,1904394872,ES+STDP teacher-free,poisson_mixed,10.0,0.0,117,0.5994825689122081,0.038461538461538464,80.42687500000005,6.582717836662237,17,0.018162393162393164,0.8717948717948718,False,True,False,0.0,ChaCha20|m2|p3|r1,2,3,1,1424525098,105,145.61801952063576,-145.61801952063576,0.1
ChaCha20,full_noise_campaign,es_stdp_teacher_off,2,1904394872,ES+STDP teacher-free,poisson_mixed,25.0,0.0,117,0.5939839240163565,0.0405982905982906,81.58562500000009,6.638671257251216,20,0.021367521367521368,0.8461538461538461,False,True,False,0.8285714285714285,ChaCha20|m2|p3|r1,2,3,1,1083632677,105,145.61801952063576,-145.61801952063576,0.1
ChaCha20,full_noise_campaign,es_stdp_teacher_off,2,1904394872,ES+STDP teacher-free,poisson_mixed,50.0,0.0,117,0.6011533378623426,0.03739316239316239,83.40875000000007,6.761343355806724,14,0.014957264957264958,0.8803418803418803,False,True,False,0.0,ChaCha20|m2|p3|r1,2,3,1,1535775186,105,145.61801952063576,-145.61801952063576,0.1
ChaCha20,full_noise_campaign,es_stdp_teacher_off,2,1904394872,ES+STDP teacher-free,poisson_mixed,100.0,0.0,117,0.6033507511019707,0.06303418803418803,87.2525,7.000267256735409,34,0.03632478632478633,0.7435897435897436,False,True,False,0.0,ChaCha20|m2|p3|r1,2,3,1,469002681,105,145.61801952063576,-145.61801952063576,0.1
RSA,full_noise_campaign,es_stdp_teacher_off,0,303353688,ES+STDP teacher-free,none,0.0,0.0,256,1.2797259408980608,0.0478515625,185.34687500000018,10.106919884486281,49,0.02392578125,0.8203125,False,False,False,,RSA|m0|p0|r0,0,0,0,413938110,105,145.61801952063576,-145.61801952063576,0.1
RSA,full_noise_campaign,es_stdp_teacher_off,0,303353688,ES+STDP teacher-free,poisson_excitatory,5.0,0.0,256,1.2885588491335511,0.04833984375,184.8050000000001,10.112592661697075,47,0.02294921875,0.828125,False,False,False,,RSA|m0|p0|r0,0,0,0,576490901,105,145.61801952063576,-145.61801952063576,0.1
RSA,full_noise_campaign,es_stdp_teacher_off,0,303353688,ES+STDP teacher-free,poisson_excitatory,10.0,0.0,256,1.2864781650714576,0.05078125,185.26625,10.149878832018766,47,0.02294921875,0.828125,False,False,False,,RSA|m0|p0|r0,0,0,0,1661083064,105,145.61801952063576,-145.61801952063576,0.1
RSA,full_noise_campaign,es_stdp_teacher_off,0,303353688,ES+STDP teacher-free,poisson_excitatory,25.0,0.0,256,1.3013202960137278,0.06787109375,190.74562500000005,10.449918941456078,73,0.03564453125,0.75390625,False,False,False,,RSA|m0|p0|r0,0,0,0,2004644021,105,145.61801952063576,-145.61801952063576,0.1
RSA,full_noise_campaign,es_stdp_teacher_off,0,303353688,ES+STDP teacher-free,poisson_excitatory,50.0,0.0,256,1.294510395033285,0.10400390625,205.88062500000012,11.200488221238672,112,0.0546875,0.640625,False,False,False,,RSA|m0|p0|r0,0,0,0,1818266372,105,145.61801952063576,-145.61801952063576,0.1
RSA,full_noise_campaign,es_stdp_teacher_off,0,303353688,ES+STDP teacher-free,poisson_excitatory,100.0,0.0,256,1.2975101699121296,0.24365234375,249.61249999999984,13.056104080280384,296,0.14453125,0.2890625,False,False,False,,RSA|m0|p0|r0,0,0,0,1010942696,105,145.61801952063576,-145.61801952063576,0.1
RSA,full_noise_campaign,es_stdp_teacher_off,0,303353688,ES+STDP teacher-free,poisson_inhibitory,5.0,0.0,256,1.2971275979653,0.0537109375,186.5587500000003,10.135182537417181,53,0.02587890625,0.8125,False,False,False,,RSA|m0|p0|r0,0,0,0,2092012323,105,145.61801952063576,-145.61801952063576,0.1
RSA,full_noise_campaign,es_stdp_teacher_off,0,303353688,ES+STDP teacher-free,poisson_inhibitory,10.0,0.0,256,1.2953353319317102,0.05224609375,187.9306250000001,10.179075901883415,52,0.025390625,0.80859375,False,False,False,,RSA|m0|p0|r0,0,0,0,182071961,105,145.61801952063576,-145.61801952063576,0.1
RSA,full_noise_campaign,es_stdp_teacher_off,0,303353688,ES+STDP teacher-free,poisson_inhibitory,25.0,0.0,256,1.286737723974511,0.0556640625,191.56749999999997,10.286837410130365,54,0.0263671875,0.8046875,False,False,False,,RSA|m0|p0|r0,0,0,0,514088852,105,145.61801952063576,-145.61801952063576,0.1
RSA,full_noise_campaign,es_stdp_teacher_off,0,303353688,ES+STDP teacher-free,poisson_inhibitory,50.0,0.0,256,1.2896294810343534,0.08056640625,198.69374999999997,10.553486807556402,81,0.03955078125,0.71875,False,False,False,,RSA|m0|p0|r0,0,0,0,95987043,105,145.61801952063576,-145.61801952063576,0.1
RSA,full_noise_campaign,es_stdp_teacher_off,0,303353688,ES+STDP teacher-free,poisson_inhibitory,100.0,0.0,256,1.3023080811835825,0.185546875,208.13624999999985,11.116852704835019,273,0.13330078125,0.34375,False,False,False,,RSA|m0|p0|r0,0,0,0,1797638314,105,145.61801952063576,-145.61801952063576,0.1
RSA,full_noise_campaign,es_stdp_teacher_off,0,303353688,ES+STDP teacher-free,poisson_mixed,5.0,0.0,256,1.299724084092304,0.05224609375,185.6918750000002,10.122188098314176,54,0.0263671875,0.80859375,False,False,False,,RSA|m0|p0|r0,0,0,0,1180980881,105,145.61801952063576,-145.61801952063576,0.1
RSA,full_noise_campaign,es_stdp_teacher_off,0,303353688,ES+STDP teacher-free,poisson_mixed,10.0,0.0,256,1.2899008130189031,0.05029296875,185.90000000000003,10.132150071566917,54,0.0263671875,0.80078125,False,False,False,,RSA|m0|p0|r0,0,0,0,1792043432,105,145.61801952063576,-145.61801952063576,0.1
RSA,full_noise_campaign,es_stdp_teacher_off,0,303353688,ES+STDP teacher-free,poisson_mixed,25.0,0.0,256,1.2891504568979144,0.05712890625,187.84499999999983,10.223382992556425,59,0.02880859375,0.79296875,False,False,False,,RSA|m0|p0|r0,0,0,0,2125333669,105,145.61801952063576,-145.61801952063576,0.1
RSA,full_noise_campaign,es_stdp_teacher_off,0,303353688,ES+STDP teacher-free,poisson_mixed,50.0,0.0,256,1.3035175409168005,0.064453125,192.59500000000003,10.41906281642856,73,0.03564453125,0.75,False,False,False,,RSA|m0|p0|r0,0,0,0,1706229332,105,145.61801952063576,-145.61801952063576,0.1
RSA,full_noise_campaign,es_stdp_teacher_off,0,303353688,ES+STDP teacher-free,poisson_mixed,100.0,0.0,256,1.2973993881605566,0.0859375,199.26624999999987,10.719189485863549,89,0.04345703125,0.703125,False,False,False,,RSA|m0|p0|r0,0,0,0,32891649,105,145.61801952063576,-145.61801952063576,0.1
RSA,full_noise_campaign,es_stdp_teacher_off,0,1695809510,ES+STDP teacher-free,none,0.0,0.0,256,1.289377121021971,0.0478515625,185.34687500000018,10.106919884486281,49,0.02392578125,0.8203125,False,False,False,,RSA|m0|p0|r1,0,0,1,2003720919,105,145.61801952063576,-145.61801952063576,0.1
RSA,full_noise_campaign,es_stdp_teacher_off,0,1695809510,ES+STDP teacher-free,poisson_excitatory,5.0,0.0,256,1.2875819790642709,0.0458984375,184.29874999999998,10.09284131153081,45,0.02197265625,0.83203125,False,False,False,,RSA|m0|p0|r1,0,0,1,595191927,105,145.61801952063576,-145.61801952063576,0.1
RSA,full_noise_campaign,es_stdp_teacher_off,0,1695809510,ES+STDP teacher-free,poisson_excitatory,10.0,0.0,256,1.3104011830873787,0.05517578125,185.83250000000015,10.178778686860479,54,0.0263671875,0.80859375,False,False,False,,RSA|m0|p0|r1,0,0,1,1183419819,105,145.61801952063576,-145.61801952063576,0.1
RSA,full_noise_campaign,es_stdp_teacher_off,0,1695809510,ES+STDP teacher-free,poisson_excitatory,25.0,0.0,256,1.2915502858813852,0.0703125,191.42062500000003,10.47081484212293,74,0.0361328125,0.7421875,False,False,False,,RSA|m0|p0|r1,0,0,1,1391976624,105,145.61801952063576,-145.61801952063576,0.1
RSA,full_noise_campaign,es_stdp_teacher_off,0,1695809510,ES+STDP teacher-free,poisson_excitatory,50.0,0.0,256,1.2935059589799494,0.099609375,204.43312500000002,11.13905386316581,118,0.0576171875,0.62109375,False,False,False,,RSA|m0|p0|r1,0,0,1,1240144641,105,145.61801952063576,-145.61801952063576,0.1
RSA,full_noise_campaign,es_stdp_teacher_off,0,1695809510,ES+STDP teacher-free,poisson_excitatory,100.0,0.0,256,1.2921898819040507,0.25390625,249.59624999999994,13.083222480293067,307,0.14990234375,0.26953125,False,False,False,,RSA|m0|p0|r1,0,0,1,1532781652,105,145.61801952063576,-145.61801952063576,0.1
RSA,full_noise_campaign,es_stdp_teacher_off,0,1695809510,ES+STDP teacher-free,poisson_inhibitory,5.0,0.0,256,1.2929058629088104,0.052734375,186.55875000000023,10.140714928142723,50,0.0244140625,0.81640625,False,False,False,,RSA|m0|p0|r1,0,0,1,2106914825,105,145.61801952063576,-145.61801952063576,0.1
RSA,full_noise_campaign,es_stdp_teacher_off,0,1695809510,ES+STDP teacher-free,poisson_inhibitory,10.0,0.0,256,1.288244524039328,0.0546875,187.75125000000008,10.172031590102886,56,0.02734375,0.80078125,False,False,False,,RSA|m0|p0|r1,0,0,1,793879180,105,145.61801952063576,-145.61801952063576,0.1
RSA,full_noise_campaign,es_stdp_teacher_off,0,1695809510,ES+STDP teacher-free,poisson_inhibitory,25.0,0.0,256,1.2920229381415993,0.05322265625,191.04000000000013,10.266651593006133,53,0.02587890625,0.80859375,False,False,False,,RSA|m0|p0|r1,0,0,1,992989071,105,145.61801952063576,-145.61801952063576,0.1
RSA,full_noise_campaign,es_stdp_teacher_off,0,1695809510,ES+STDP teacher-free,poisson_inhibitory,50.0,0.0,256,1.3089343598112464,0.07421875,198.43937499999996,10.559221131396043,81,0.03955078125,0.7421875,False,False,False,,RSA|m0|p0|r1,0,0,1,540226912,105,145.61801952063576,-145.61801952063576,0.1
RSA,full_noise_campaign,es_stdp_teacher_off,0,1695809510,ES+STDP teacher-free,poisson_inhibitory,100.0,0.0,256,1.2955752040725201,0.181640625,208.94749999999996,11.15972979685438,262,0.1279296875,0.33203125,False,False,False,,RSA|m0|p0|r1,0,0,1,205025042,105,145.61801952063576,-145.61801952063576,0.1
RSA,full_noise_campaign,es_stdp_teacher_off,0,1695809510,ES+STDP teacher-free,poisson_mixed,5.0,0.0,256,1.2967236991971731,0.04931640625,185.715,10.126439307902736,50,0.0244140625,0.8125,False,False,False,,RSA|m0|p0|r1,0,0,1,294049386,105,145.61801952063576,-145.61801952063576,0.1
RSA,full_noise_campaign,es_stdp_teacher_off,0,1695809510,ES+STDP teacher-free,poisson_mixed,10.0,0.0,256,1.2940064719878137,0.048828125,185.20062500000012,10.109401660255266,47,0.02294921875,0.83203125,False,False,False,,RSA|m0|p0|r1,0,0,1,263672418,105,145.61801952063576,-145.61801952063576,0.1
RSA,full_noise_campaign,es_stdp_teacher_off,0,1695809510,ES+STDP teacher-free,poisson_mixed,25.0,0.0,256,1.3096159200649709,0.05810546875,187.8468749999999,10.219750144576668,58,0.0283203125,0.80078125,False,False,False,,RSA|m0|p0|r1,0,0,1,466173799,105,145.61801952063576,-145.61801952063576,0.1
RSA,full_noise_campaign,es_stdp_teacher_off,0,1695809510,ES+STDP teacher-free,poisson_mixed,50.0,0.0,256,1.2929916819557548,0.06640625,193.10000000000008,10.451421813707654,64,0.03125,0.765625,False,False,False,,RSA|m0|p0|r1,0,0,1,14009754,105,145.61801952063576,-145.61801952063576,0.1
RSA,full_noise_campaign,es_stdp_teacher_off,0,1695809510,ES+STDP teacher-free,poisson_mixed,100.0,0.0,256,1.299759287852794,0.08203125,199.53062500000004,10.72023123026209,81,0.03955078125,0.7265625,False,False,False,,RSA|m0|p0|r1,0,0,1,506421618,105,145.61801952063576,-145.61801952063576,0.1
RSA,full_noise_campaign,es_stdp_teacher_off,0,332834117,ES+STDP teacher-free,none,0.0,0.0,256,1.2984119979664683,0.04541015625,185.035,10.103961749118564,44,0.021484375,0.83984375,False,False,False,,RSA|m0|p1|r0,0,1,0,50953766,105,145.61801952063576,-145.61801952063576,0.1
RSA,full_noise_campaign,es_stdp_teacher_off,0,332834117,ES+STDP teacher-free,poisson_excitatory,5.0,0.0,256,1.3190719920676202,0.0458984375,184.56625000000014,10.11089014773961,45,0.02197265625,0.83984375,False,False,False,,RSA|m0|p1|r0,0,1,0,1161899047,105,145.61801952063576,-145.61801952063576,0.1
RSA,full_noise_campaign,es_stdp_teacher_off,0,332834117,ES+STDP teacher-free,poisson_excitatory,10.0,0.0,256,1.2962509400676936,0.046875,184.76187499999997,10.144022239554907,48,0.0234375,0.8203125,False,False,False,,RSA|m0|p1|r0,0,1,0,227411705,105,145.61801952063576,-145.61801952063576,0.1
RSA,full_noise_campaign,es_stdp_teacher_off,0,332834117,ES+STDP teacher-free,poisson_excitatory,25.0,0.0,256,1.2955674559343606,0.078125,192.63062499999998,10.534561380939614,80,0.0390625,0.71484375,False,False,False,,RSA|m0|p1|r0,0,1,0,435186676,105,145.61801952063576,-145.61801952063576,0.1
RSA,full_noise_campaign,es_stdp_teacher_off,0,332834117,ES+STDP teacher-free,poisson_excitatory,50.0,0.0,256,1.2955727351363748,0.1171875,207.20312499999983,11.229000034269978,136,0.06640625,0.58203125,False,False,False,,RSA|m0|p1|r0,0,1,0,49058243,105,145.61801952063576,-145.61801952063576,0.1
RSA,full_noise_campaign,es_stdp_teacher_off,0,332834117,ES+STDP teacher-free,poisson_excitatory,100.0,0.0,256,1.3104823068715632,0.24755859375,249.8781249999999,13.103183031743104,304,0.1484375,0.28515625,False,False,False,,RSA|m0|p1|r0,0,1,0,1039417293,105,145.61801952063576,-145.61801952063576,0.1
RSA,full_noise_campaign,es_stdp_teacher_off,0,332834117,ES+STDP teacher-free,poisson_inhibitory,5.0,0.0,256,1.3069877170491964,0.052734375,187.020625,10.165641537266001,56,0.02734375,0.796875,False,False,False,,RSA|m0|p1|r0,0,1,0,464270489,105,145.61801952063576,-145.61801952063576,0.1
RSA,full_noise_campaign,es_stdp_teacher_off,0,332834117,ES+STDP teacher-free,poisson_inhibitory,10.0,0.0,256,1.2937063281424344,0.0546875,188.54374999999993,10.206321933410262,53,0.02587890625,0.8046875,False,False,False,,RSA|m0|p1|r0,0,1,0,1683368280,105,145.61801952063576,-145.61801952063576,0.1
RSA,full_noise_campaign,es_stdp_teacher_off,0,332834117,ES+STDP teacher-free,poisson_inhibitory,25.0,0.0,256,1.308463501976803,0.06005859375,192.5662500000001,10.33119914817478,63,0.03076171875,0.78125,False,False,False,,RSA|m0|p1|r0,0,1,0,1881687125,105,145.61801952063576,-145.61801952063576,0.1
RSA,full_noise_campaign,es_stdp_teacher_off,0,332834117,ES+STDP teacher-free,poisson_inhibitory,50.0,0.0,256,1.2938065179623663,0.07275390625,198.585625,10.54979336080875,81,0.03955078125,0.72265625,False,False,False,,RSA|m0|p1|r0,0,1,0,1798618788,105,145.61801952063576,-145.61801952063576,0.1
RSA,full_noise_campaign,es_stdp_teacher_off,0,332834117,ES+STDP teacher-free,poisson_inhibitory,100.0,0.0,256,1.293246763991192,0.1787109375,207.9706249999997,11.131417569143547,289,0.14111328125,0.26171875,False,False,False,,RSA|m0|p1|r0,0,1,0,1787835789,105,145.61801952063576,-145.61801952063576,0.1
RSA,full_noise_campaign,es_stdp_teacher_off,0,332834117,ES+STDP teacher-free,poisson_mixed,5.0,0.0,256,1.2938431648071855,0.052734375,185.67437500000005,10.135204890553393,52,0.025390625,0.8125,False,False,False,,RSA|m0|p1|r0,0,1,0,1505678884,105,145.61801952063576,-145.61801952063576,0.1
RSA,full_noise_campaign,es_stdp_teacher_off,0,332834117,ES+STDP teacher-free,poisson_mixed,10.0,0.0,256,1.3238080970477313,0.0498046875,185.830625,10.136828111776321,50,0.0244140625,0.8203125,False,False,False,,RSA|m0|p1|r0,0,1,0,2113408488,105,145.61801952063576,-145.61801952063576,0.1
RSA,full_noise_campaign,es_stdp_teacher_off,0,332834117,ES+STDP teacher-free,poisson_mixed,25.0,0.0,256,1.2982226880267262,0.05810546875,187.94562500000004,10.230460776199827,57,0.02783203125,0.79296875,False,False,False,,RSA|m0|p1|r0,0,1,0,1770414309,105,145.61801952063576,-145.61801952063576,0.1
RSA,full_noise_campaign,es_stdp_teacher_off,0,332834117,ES+STDP teacher-free,poisson_mixed,50.0,0.0,256,1.2911721398122609,0.06884765625,192.70187500000011,10.431924341566045,60,0.029296875,0.78515625,False,False,False,,RSA|m0|p1|r0,0,1,0,1922734868,105,145.61801952063576,-145.61801952063576,0.1
RSA,full_noise_campaign,es_stdp_teacher_off,0,332834117,ES+STDP teacher-free,poisson_mixed,100.0,0.0,256,1.2939003659412265,0.0810546875,199.99749999999992,10.745503773079959,87,0.04248046875,0.7109375,False,False,False,,RSA|m0|p1|r0,0,1,0,444991532,105,145.61801952063576,-145.61801952063576,0.1
RSA,full_noise_campaign,es_stdp_teacher_off,0,1691456951,ES+STDP teacher-free,none,0.0,0.0,256,1.3084268521051854,0.04541015625,185.035,10.103961749118564,44,0.021484375,0.83984375,False,False,False,,RSA|m0|p1|r1,0,1,1,1825249005,105,145.61801952063576,-145.61801952063576,0.1
RSA,full_noise_campaign,es_stdp_teacher_off,0,1691456951,ES+STDP teacher-free,poisson_excitatory,5.0,0.0,256,1.2913945231121033,0.04541015625,184.27625,10.100640813615335,45,0.02197265625,0.8359375,False,False,False,,RSA|m0|p1|r1,0,1,1,1147424517,105,145.61801952063576,-145.61801952063576,0.1
RSA,full_noise_campaign,es_stdp_teacher_off,0,1691456951,ES+STDP teacher-free,poisson_excitatory,10.0,0.0,256,1.287246735068038,0.04833984375,184.6193750000001,10.142666398338406,45,0.02197265625,0.84375,False,False,False,,RSA|m0|p1|r1,0,1,1,671454956,105,145.61801952063576,-145.61801952063576,0.1
RSA,full_noise_campaign,es_stdp_teacher_off,0,1691456951,ES+STDP teacher-free,poisson_excitatory,25.0,0.0,256,1.2968032469507307,0.07275390625,191.7750000000001,10.503873985597114,76,0.037109375,0.73828125,False,False,False,,RSA|m0|p1|r1,0,1,1,1014758383,105,145.61801952063576,-145.61801952063576,0.1
RSA,full_noise_campaign,es_stdp_teacher_off,0,1691456951,ES+STDP teacher-free,poisson_excitatory,50.0,0.0,256,1.2959925311151892,0.11962890625,206.95624999999987,11.229997669800342,146,0.0712890625,0.546875,False,False,False,,RSA|m0|p1|r1,0,1,1,661062080,105,145.61801952063576,-145.61801952063576,0.1
RSA,full_noise_campaign,es_stdp_teacher_off,0,1691456951,ES+STDP teacher-free,poisson_excitatory,100.0,0.0,256,1.2988574178889394,0.24853515625,251.26687500000006,13.152901684171173,311,0.15185546875,0.296875,False,False,False,,RSA|m0|p1|r1,0,1,1,1525258591,105,145.61801952063576,-145.61801952063576,0.1
RSA,full_noise_campaign,es_stdp_teacher_off,0,1691456951,ES+STDP teacher-free,poisson_inhibitory,5.0,0.0,256,1.2818422531709075,0.05126953125,186.48687500000008,10.142080630931817,53,0.02587890625,0.80859375,False,False,False,,RSA|m0|p1|r1,0,1,1,445206899,105,145.61801952063576,-145.61801952063576,0.1
RSA,full_noise_campaign,es_stdp_teacher_off,0,1691456951,ES+STDP teacher-free,poisson_inhibitory,10.0,0.0,256,1.2997950329445302,0.05615234375,188.20000000000002,10.197014527397528,56,0.02734375,0.80078125,False,False,False,,RSA|m0|p1|r1,0,1,1,1105049931,105,145.61801952063576,-145.61801952063576,0.1
RSA,full_noise_campaign,es_stdp_teacher_off,0,1691456951,ES+STDP teacher-free,poisson_inhibitory,25.0,0.0,256,1.2883956169243902,0.05810546875,191.95375,10.306793038482148,50,0.0244140625,0.8046875,False,False,False,,RSA|m0|p1|r1,0,1,1,1436800080,105,145.61801952063576,-145.61801952063576,0.1
RSA,full_noise_campaign,es_stdp_teacher_off,0,1691456951,ES+STDP teacher-free,poisson_inhibitory,50.0,0.0,256,1.295038596028462,0.078125,198.7181249999999,10.571800302154335,79,0.03857421875,0.72265625,False,False,False,,RSA|m0|p1|r1,0,1,1,1321152161,105,145.61801952063576,-145.61801952063576,0.1
RSA,full_noise_campaign,es_stdp_teacher_off,0,1691456951,ES+STDP teacher-free,poisson_inhibitory,100.0,0.0,256,1.2900888179428875,0.1787109375,208.81874999999988,11.128681184805977,235,0.11474609375,0.390625,False,False,False,,RSA|m0|p1|r1,0,1,1,227382303,105,145.61801952063576,-145.61801952063576,0.1
RSA,full_noise_campaign,es_stdp_teacher_off,0,1691456951,ES+STDP teacher-free,poisson_mixed,5.0,0.0,256,1.3031169581227005,0.044921875,184.7731249999999,10.096466993312756,46,0.0224609375,0.82421875,False,False,False,,RSA|m0|p1|r1,0,1,1,240932299,105,145.61801952063576,-145.61801952063576,0.1
RSA,full_noise_campaign,es_stdp_teacher_off,0,1691456951,ES+STDP teacher-free,poisson_mixed,10.0,0.0,256,1.291825121967122,0.04833984375,185.49124999999992,10.12807400774333,48,0.0234375,0.828125,False,False,False,,RSA|m0|p1|r1,0,1,1,413087522,105,145.61801952063576,-145.61801952063576,0.1
RSA,full_noise_campaign,es_stdp_teacher_off,0,1691456951,ES+STDP teacher-free,poisson_mixed,25.0,0.0,256,1.2917717429809272,0.05859375,188.3275,10.244170075749444,54,0.0263671875,0.8125,False,False,False,,RSA|m0|p1|r1,0,1,1,216095783,105,145.61801952063576,-145.61801952063576,0.1
RSA,full_noise_campaign,es_stdp_teacher_off,0,1691456951,ES+STDP teacher-free,poisson_mixed,50.0,0.0,256,1.2962113320827484,0.06494140625,192.2306250000001,10.417710891868209,69,0.03369140625,0.7421875,False,False,False,,RSA|m0|p1|r1,0,1,1,402498010,105,145.61801952063576,-145.61801952063576,0.1
RSA,full_noise_campaign,es_stdp_teacher_off,0,1691456951,ES+STDP teacher-free,poisson_mixed,100.0,0.0,256,1.301720401039347,0.08544921875,199.08125000000004,10.70998979322911,82,0.0400390625,0.72265625,False,False,False,,RSA|m0|p1|r1,0,1,1,89951175,105,145.61801952063576,-145.61801952063576,0.1
RSA,full_noise_campaign,es_stdp_teacher_off,0,294656878,ES+STDP teacher-free,none,0.0,0.0,256,1.2882899530231953,0.05712890625,186.263125,10.135967877280793,56,0.02734375,0.79296875,False,False,False,,RSA|m0|p2|r0,0,2,0,1956097846,105,145.61801952063576,-145.61801952063576,0.1
RSA,full_noise_campaign,es_stdp_teacher_off,0,294656878,ES+STDP teacher-free,poisson_excitatory,5.0,0.0,256,1.2888199831359088,0.05615234375,185.31500000000014,10.121221970054663,53,0.02587890625,0.8046875,False,False,False,,RSA|m0|p2|r0,0,2,0,924239406,105,145.61801952063576,-145.61801952063576,0.1
RSA,full_noise_campaign,es_stdp_teacher_off,0,294656878,ES+STDP teacher-free,poisson_excitatory,10.0,0.0,256,1.3128858599811792,0.05712890625,185.6150000000001,10.158649732274354,57,0.02783203125,0.78515625,False,False,False,,RSA|m0|p2|r0,0,2,0,1041902391,105,145.61801952063576,-145.61801952063576,0.1
RSA,full_noise_campaign,es_stdp_teacher_off,0,294656878,ES+STDP teacher-free,poisson_excitatory,25.0,0.0,256,1.304473842959851,0.07275390625,190.5943749999999,10.431342570323942,77,0.03759765625,0.71875,False,False,False,,RSA|m0|p2|r0,0,2,0,711214644,105,145.61801952063576,-145.61801952063576,0.1
RSA,full_noise_campaign,es_stdp_teacher_off,0,294656878,ES+STDP teacher-free,poisson_excitatory,50.0,0.0,256,1.297844004817307,0.11376953125,206.55687500000002,11.191450698441582,128,0.0625,0.60546875,False,False,False,,RSA|m0|p2|r0,0,2,0,829996165,105,145.61801952063576,-145.61801952063576,0.1
RSA,full_noise_campaign,es_stdp_teacher_off,0,294656878,ES+STDP teacher-free,poisson_excitatory,100.0,0.0,256,1.3032204329501837,0.25341796875,251.44437499999992,13.144952098079118,325,0.15869140625,0.28125,False,False,False,,RSA|m0|p2|r0,0,2,0,1059731630,105,145.61801952063576,-145.61801952063576,0.1
RSA,full_noise_campaign,es_stdp_teacher_off,0,294656878,ES+STDP teacher-free,poisson_inhibitory,5.0,0.0,256,1.3111931968014687,0.0634765625,188.02999999999997,10.192398429784673,67,0.03271484375,0.765625,False,False,False,,RSA|m0|p2|r0,0,2,0,1778112962,105,145.61801952063576,-145.61801952063576,0.1
RSA,full_noise_campaign,es_stdp_teacher_off,0,294656878,ES+STDP teacher-free,poisson_inhibitory,10.0,0.0,256,1.3030170190613717,0.064453125,188.85374999999993,10.209782281515443,67,0.03271484375,0.76953125,False,False,False,,RSA|m0|p2|r0,0,2,0,1472333080,105,145.61801952063576,-145.61801952063576,0.1
RSA,full_noise_campaign,es_stdp_teacher_off,0,294656878,ES+STDP teacher-free,poisson_inhibitory,25.0,0.0,256,1.2944640959613025,0.064453125,191.96625000000006,10.290871380023306,60,0.029296875,0.76953125,False,False,False,,RSA|m0|p2|r0,0,2,0,1136421395,105,145.61801952063576,-145.61801952063576,0.1
RSA,full_noise_campaign,es_stdp_teacher_off,0,294656878,ES+STDP teacher-free,poisson_inhibitory,50.0,0.0,256,1.2955710049718618,0.08642578125,199.61124999999987,10.596087045049217,93,0.04541015625,0.69140625,False,False,False,,RSA|m0|p2|r0,0,2,0,1486918628,105,145.61801952063576,-145.61801952063576,0.1
RSA,full_noise_campaign,es_stdp_teacher_off,0,294656878,ES+STDP teacher-free,poisson_inhibitory,100.0,0.0,256,1.3199588269926608,0.1884765625,209.12749999999988,11.14995075466764,275,0.13427734375,0.328125,False,False,False,,RSA|m0|p2|r0,0,2,0,1749955184,105,145.61801952063576,-145.61801952063576,0.1
RSA,full_noise_campaign,es_stdp_teacher_off,0,294656878,ES+STDP teacher-free,poisson_mixed,5.0,0.0,256,1.3086225111037493,0.0546875,186.19124999999997,10.140548184769056,54,0.0263671875,0.80078125,False,False,False,,RSA|m0|p2|r0,0,2,0,580933445,105,145.61801952063576,-145.61801952063576,0.1
RSA,full_noise_campaign,es_stdp_teacher_off,0,294656878,ES+STDP teacher-free,poisson_mixed,10.0,0.0,256,1.2990132181439549,0.05615234375,185.97187499999995,10.131640633098487,57,0.02783203125,0.7890625,False,False,False,,RSA|m0|p2|r0,0,2,0,1149280552,105,145.61801952063576,-145.61801952063576,0.1
RSA,full_noise_campaign,es_stdp_teacher_off,0,294656878,ES+STDP teacher-free,poisson_mixed,25.0,0.0,256,1.2970905741676688,0.06298828125,188.46875000000014,10.238361549586289,66,0.0322265625,0.76171875,False,False,False,,RSA|m0|p2|r0,0,2,0,1358876197,105,145.61801952063576,-145.61801952063576,0.1
RSA,full_noise_campaign,es_stdp_teacher_off,0,294656878,ES+STDP teacher-free,poisson_mixed,50.0,0.0,256,1.3033129379618913,0.07666015625,192.77437499999996,10.413745152055565,84,0.041015625,0.72265625,False,False,False,,RSA|m0|p2|r0,0,2,0,1273116628,105,145.61801952063576,-145.61801952063576,0.1
RSA,full_noise_campaign,es_stdp_teacher_off,0,294656878,ES+STDP teacher-free,poisson_mixed,100.0,0.0,256,1.3007637499831617,0.08935546875,198.51749999999996,10.672672710646317,97,0.04736328125,0.68359375,False,False,False,,RSA|m0|p2|r0,0,2,0,1818440041,105,145.61801952063576,-145.61801952063576,0.1
RSA,full_noise_campaign,es_stdp_teacher_off,0,1721183232,ES+STDP teacher-free,none,0.0,0.0,256,1.2956358389928937,0.05712890625,186.263125,10.135967877280793,56,0.02734375,0.79296875,False,False,False,,RSA|m0|p2|r1,0,2,1,458605661,105,145.61801952063576,-145.61801952063576,0.1
RSA,full_noise_campaign,es_stdp_teacher_off,0,1721183232,ES+STDP teacher-free,poisson_excitatory,5.0,0.0,256,1.3033017579000443,0.05615234375,185.42749999999995,10.128142809894515,54,0.0263671875,0.8046875,False,False,False,,RSA|m0|p2|r1,0,2,1,909353806,105,145.61801952063576,-145.61801952063576,0.1
RSA,full_noise_campaign,es_stdp_teacher_off,0,1721183232,ES+STDP teacher-free,poisson_excitatory,10.0,0.0,256,1.2963286449667066,0.060546875,185.74312499999994,10.16571720299425,57,0.02783203125,0.7890625,False,False,False,,RSA|m0|p2|r1,0,2,1,462535468,105,145.61801952063576,-145.61801952063576,0.1
RSA,full_noise_campaign,es_stdp_teacher_off,0,1721183232,ES+STDP teacher-free,poisson_excitatory,25.0,0.0,256,1.3039672279264778,0.072265625,191.015,10.465418497708924,73,0.03564453125,0.75390625,False,False,False,,RSA|m0|p2|r1,0,2,1,267376177,105,145.61801952063576,-145.61801952063576,0.1
RSA,full_noise_campaign,es_stdp_teacher_off,0,1721183232,ES+STDP teacher-free,poisson_excitatory,50.0,0.0,256,1.2961754710413516,0.11474609375,206.57874999999999,11.191523989371696,132,0.064453125,0.5703125,False,False,False,,RSA|m0|p2|r1,0,2,1,351480960,105,145.61801952063576,-145.61801952063576,0.1
RSA,full_noise_campaign,es_stdp_teacher_off,0,1721183232,ES+STDP teacher-free,poisson_excitatory,100.0,0.0,256,1.3114598370157182,0.26171875,251.38062500000015,13.123849058544454,312,0.15234375,0.25,False,False,False,,RSA|m0|p2|r1,0,2,1,1480039998,105,145.61801952063576,-145.61801952063576,0.1
RSA,full_noise_campaign,es_stdp_teacher_off,0,1721183232,ES+STDP teacher-free,poisson_inhibitory,5.0,0.0,256,1.3350530539173633,0.064453125,187.92562500000003,10.186313819924418,65,0.03173828125,0.76171875,False,False,False,,RSA|m0|p2|r1,0,2,1,1759427802,105,145.61801952063576,-145.61801952063576,0.1
RSA,full_noise_campaign,es_stdp_teacher_off,0,1721183232,ES+STDP teacher-free,poisson_inhibitory,10.0,0.0,256,1.2937632489483804,0.06396484375,189.10750000000002,10.217815115809138,64,0.03125,0.76171875,False,False,False,,RSA|m0|p2|r1,0,2,1,1917424909,105,145.61801952063576,-145.61801952063576,0.1
RSA,full_noise_campaign,es_stdp_teacher_off,0,1721183232,ES+STDP teacher-free,poisson_inhibitory,25.0,0.0,256,1.2869315890129656,0.06591796875,192.34812500000007,10.305767205792439,71,0.03466796875,0.75,False,False,False,,RSA|m0|p2|r1,0,2,1,1714944528,105,145.61801952063576,-145.61801952063576,0.1
RSA,full_noise_campaign,es_stdp_teacher_off,0,1721183232,ES+STDP teacher-free,poisson_inhibitory,50.0,0.0,256,1.3055384650360793,0.07958984375,199.07437499999992,10.561264269186326,91,0.04443359375,0.7109375,False,False,False,,RSA|m0|p2|r1,0,2,1,2099971039,105,145.61801952063576,-145.61801952063576,0.1
RSA,full_noise_campaign,es_stdp_teacher_off,0,1721183232,ES+STDP teacher-free,poisson_inhibitory,100.0,0.0,256,1.3013281889725477,0.18310546875,208.88874999999993,11.149435850915403,285,0.13916015625,0.296875,False,False,False,,RSA|m0|p2|r1,0,2,1,257135868,105,145.61801952063576,-145.61801952063576,0.1
RSA,full_noise_campaign,es_stdp_teacher_off,0,1721183232,ES+STDP teacher-free,poisson_mixed,5.0,0.0,256,1.3052467349916697,0.05810546875,186.41500000000008,10.143395682821126,59,0.02880859375,0.77734375,False,False,False,,RSA|m0|p2|r1,0,2,1,1967314796,105,145.61801952063576,-145.61801952063576,0.1
RSA,full_noise_campaign,es_stdp_teacher_off,0,1721183232,ES+STDP teacher-free,poisson_mixed,10.0,0.0,256,1.3026037130039185,0.0595703125,186.7018750000001,10.159747935589184,62,0.0302734375,0.7734375,False,False,False,,RSA|m0|p2|r1,0,2,1,568826850,105,145.61801952063576,-145.61801952063576,0.1
RSA,full_noise_campaign,es_stdp_teacher_off,0,1721183232,ES+STDP teacher-free,poisson_mixed,25.0,0.0,256,1.3014449591282755,0.0625,188.30187500000002,10.232567204587202,67,0.03271484375,0.7578125,False,False,False,,RSA|m0|p2|r1,0,2,1,899282663,105,145.61801952063576,-145.61801952063576,0.1
RSA,full_noise_campaign,es_stdp_teacher_off,0,1721183232,ES+STDP teacher-free,poisson_mixed,50.0,0.0,256,1.29538867296651,0.06884765625,192.04562499999997,10.396206312909019,73,0.03564453125,0.74609375,False,False,False,,RSA|m0|p2|r1,0,2,1,780471578,105,145.61801952063576,-145.61801952063576,0.1
RSA,full_noise_campaign,es_stdp_teacher_off,0,1721183232,ES+STDP teacher-free,poisson_mixed,100.0,0.0,256,1.2997211259789765,0.0947265625,199.70624999999978,10.71705010091722,97,0.04736328125,0.65625,False,False,False,,RSA|m0|p2|r1,0,2,1,1941549772,105,145.61801952063576,-145.61801952063576,0.1
RSA,full_noise_campaign,es_stdp_teacher_off,0,273838495,ES+STDP teacher-free,none,0.0,0.0,256,1.3081183468457311,0.05126953125,186.11375000000015,10.160150931550167,55,0.02685546875,0.80859375,False,False,False,,RSA|m0|p3|r0,0,3,0,1865606030,105,145.61801952063576,-145.61801952063576,0.1
RSA,full_noise_campaign,es_stdp_teacher_off,0,273838495,ES+STDP teacher-free,poisson_excitatory,5.0,0.0,256,1.2943077920936048,0.04931640625,184.92999999999998,10.132797383657845,50,0.0244140625,0.8203125,False,False,False,,RSA|m0|p3|r0,0,3,0,1342922942,105,145.61801952063576,-145.61801952063576,0.1
RSA,full_noise_campaign,es_stdp_teacher_off,0,273838495,ES+STDP teacher-free,poisson_excitatory,10.0,0.0,256,1.300439080921933,0.05126953125,185.01000000000005,10.15905657031065,54,0.0263671875,0.80078125,False,False,False,,RSA|m0|p3|r0,0,3,0,1352020088,105,145.61801952063576,-145.61801952063576,0.1
RSA,full_noise_campaign,es_stdp_teacher_off,0,273838495,ES+STDP teacher-free,poisson_excitatory,25.0,0.0,256,1.296618646942079,0.07373046875,192.02437499999994,10.506248850448877,79,0.03857421875,0.7421875,False,False,False,,RSA|m0|p3|r0,0,3,0,1156078963,105,145.61801952063576,-145.61801952063576,0.1
RSA,full_noise_campaign,es_stdp_teacher_off,0,273838495,ES+STDP teacher-free,poisson_excitatory,50.0,0.0,256,1.3095989210996777,0.115234375,208.4700000000001,11.297696296860467,122,0.0595703125,0.59375,False,False,False,,RSA|m0|p3|r0,0,3,0,1609869124,105,145.61801952063576,-145.61801952063576,0.1
RSA,full_noise_campaign,es_stdp_teacher_off,0,273838495,ES+STDP teacher-free,poisson_excitatory,100.0,0.0,256,1.3037422781344503,0.244140625,251.051875,13.087057369920938,306,0.1494140625,0.26171875,False,False,False,,RSA|m0|p3|r0,0,3,0,1050658243,105,145.61801952063576,-145.61801952063576,0.1
RSA,full_noise_campaign,es_stdp_teacher_off,0,273838495,ES+STDP teacher-free,poisson_inhibitory,5.0,0.0,256,1.295055489987135,0.05322265625,186.79750000000004,10.166326559772696,55,0.02685546875,0.8046875,False,False,False,,RSA|m0|p3|r0,0,3,0,249986858,105,145.61801952063576,-145.61801952063576,0.1
RSA,full_noise_campaign,es_stdp_teacher_off,0,273838495,ES+STDP teacher-free,poisson_inhibitory,10.0,0.0,256,1.302979642059654,0.05859375,188.61500000000012,10.217661049319783,65,0.03173828125,0.7734375,False,False,False,,RSA|m0|p3|r0,0,3,0,961421271,105,145.61801952063576,-145.61801952063576,0.1
RSA,full_noise_campaign,es_stdp_teacher_off,0,273838495,ES+STDP teacher-free,poisson_inhibitory,25.0,0.0,256,1.2995076889637858,0.05859375,191.68687500000007,10.304131164279902,63,0.03076171875,0.77734375,False,False,False,,RSA|m0|p3|r0,0,3,0,758149844,105,145.61801952063576,-145.61801952063576,0.1
RSA,full_noise_campaign,es_stdp_teacher_off,0,273838495,ES+STDP teacher-free,poisson_inhibitory,50.0,0.0,256,1.3064990278799087,0.0771484375,198.0449999999999,10.544571889639275,87,0.04248046875,0.70703125,False,False,False,,RSA|m0|p3|r0,0,3,0,908888357,105,145.61801952063576,-145.61801952063576,0.1
RSA,full_noise_campaign,es_stdp_teacher_off,0,273838495,ES+STDP teacher-free,poisson_inhibitory,100.0,0.0,256,1.3016744148917496,0.18603515625,207.39499999999987,11.11898222499038,266,0.1298828125,0.34375,False,False,False,,RSA|m0|p3|r0,0,3,0,1778110339,105,145.61801952063576,-145.61801952063576,0.1
RSA,full_noise_campaign,es_stdp_teacher_off,0,273838495,ES+STDP teacher-free,poisson_mixed,5.0,0.0,256,1.3122379172127694,0.0537109375,186.04937500000005,10.157882734891711,56,0.02734375,0.8046875,False,False,False,,RSA|m0|p3|r0,0,3,0,1031460014,105,145.61801952063576,-145.61801952063576,0.1
RSA,full_noise_campaign,es_stdp_teacher_off,0,273838495,ES+STDP teacher-free,poisson_mixed,10.0,0.0,256,1.3073210220318288,0.05126953125,185.72062500000015,10.146208245266497,58,0.0283203125,0.79296875,False,False,False,,RSA|m0|p3|r0,0,3,0,1403569256,105,145.61801952063576,-145.61801952063576,0.1
RSA,full_noise_campaign,es_stdp_teacher_off,0,273838495,ES+STDP teacher-free,poisson_mixed,25.0,0.0,256,1.3112729431595653,0.05908203125,187.43312500000002,10.214713384405293,58,0.0283203125,0.7890625,False,False,False,,RSA|m0|p3|r0,0,3,0,1205250405,105,145.61801952063576,-145.61801952063576,0.1
RSA,full_noise_campaign,es_stdp_teacher_off,0,273838495,ES+STDP teacher-free,poisson_mixed,50.0,0.0,256,1.3027692788746208,0.0712890625,191.88375000000013,10.398965798920877,82,0.0400390625,0.71875,False,False,False,,RSA|m0|p3|r0,0,3,0,1556763540,105,145.61801952063576,-145.61801952063576,0.1
RSA,full_noise_campaign,es_stdp_teacher_off,0,273838495,ES+STDP teacher-free,poisson_mixed,100.0,0.0,256,1.322827637894079,0.08642578125,198.63750000000005,10.705714536017979,100,0.048828125,0.671875,False,False,False,,RSA|m0|p3|r0,0,3,0,1997593622,105,145.61801952063576,-145.61801952063576,0.1
RSA,full_noise_campaign,es_stdp_teacher_off,0,1733640717,ES+STDP teacher-free,none,0.0,0.0,256,1.2957880950998515,0.05126953125,186.11375000000015,10.160150931550167,55,0.02685546875,0.80859375,False,False,False,,RSA|m0|p3|r1,0,3,1,15763591,105,145.61801952063576,-145.61801952063576,0.1
RSA,full_noise_campaign,es_stdp_teacher_off,0,1733640717,ES+STDP teacher-free,poisson_excitatory,5.0,0.0,256,1.3018530721310526,0.0498046875,184.6531250000001,10.119812619876889,50,0.0244140625,0.82421875,False,False,False,,RSA|m0|p3|r1,0,3,1,1361970654,105,145.61801952063576,-145.61801952063576,0.1
RSA,full_noise_campaign,es_stdp_teacher_off,0,1733640717,ES+STDP teacher-free,poisson_excitatory,10.0,0.0,256,1.2959158401936293,0.052734375,185.17750000000012,10.170934947374635,53,0.02587890625,0.8046875,False,False,False,,RSA|m0|p3|r1,0,3,1,1964875885,105,145.61801952063576,-145.61801952063576,0.1
RSA,full_noise_campaign,es_stdp_teacher_off,0,1733640717,ES+STDP teacher-free,poisson_excitatory,25.0,0.0,256,1.308315685018897,0.06640625,190.46500000000012,10.464183350439589,76,0.037109375,0.7265625,False,False,False,,RSA|m0|p3|r1,0,3,1,1633930608,105,145.61801952063576,-145.61801952063576,0.1
RSA,full_noise_campaign,es_stdp_teacher_off,0,1733640717,ES+STDP teacher-free,poisson_excitatory,50.0,0.0,256,1.2996170909609646,0.11279296875,206.26062500000006,11.199389067940858,131,0.06396484375,0.6171875,False,False,False,,RSA|m0|p3|r1,0,3,1,2055157567,105,145.61801952063576,-145.61801952063576,0.1
RSA,full_noise_campaign,es_stdp_teacher_off,0,1733640717,ES+STDP teacher-free,poisson_excitatory,100.0,0.0,256,1.3001683908514678,0.24755859375,252.18500000000003,13.171349235024469,317,0.15478515625,0.25,False,False,False,,RSA|m0|p3|r1,0,3,1,1501717305,105,145.61801952063576,-145.61801952063576,0.1
RSA,full_noise_campaign,es_stdp_teacher_off,0,1733640717,ES+STDP teacher-free,poisson_inhibitory,5.0,0.0,256,1.34250876493752,0.05908203125,187.5093750000001,10.192047710496457,62,0.0302734375,0.78515625,False,False,False,,RSA|m0|p3|r1,0,3,1,264444498,105,145.61801952063576,-145.61801952063576,0.1
RSA,full_noise_campaign,es_stdp_teacher_off,0,1733640717,ES+STDP teacher-free,poisson_inhibitory,10.0,0.0,256,1.2964968888554722,0.05859375,188.16750000000008,10.204027460910225,62,0.0302734375,0.7734375,False,False,False,,RSA|m0|p3|r1,0,3,1,482709452,105,145.61801952063576,-145.61801952063576,0.1
RSA,full_noise_campaign,es_stdp_teacher_off,0,1733640717,ES+STDP teacher-free,poisson_inhibitory,25.0,0.0,256,1.308287221007049,0.06298828125,192.19812500000015,10.329707436602272,67,0.03271484375,0.77734375,False,False,False,,RSA|m0|p3|r1,0,3,1,146531025,105,145.61801952063576,-145.61801952063576,0.1
RSA,full_noise_campaign,es_stdp_teacher_off,0,1733640717,ES+STDP teacher-free,poisson_inhibitory,50.0,0.0,256,1.297895013121888,0.0810546875,198.6825,10.581832387288223,98,0.0478515625,0.69140625,False,False,False,,RSA|m0|p3|r1,0,3,1,329718048,105,145.61801952063576,-145.61801952063576,0.1
RSA,full_noise_campaign,es_stdp_teacher_off,0,1733640717,ES+STDP teacher-free,poisson_inhibitory,100.0,0.0,256,1.3211011250969023,0.18310546875,208.61749999999992,11.14955830502096,270,0.1318359375,0.328125,False,False,False,,RSA|m0|p3|r1,0,3,1,249981433,105,145.61801952063576,-145.61801952063576,0.1
RSA,full_noise_campaign,es_stdp_teacher_off,0,1733640717,ES+STDP teacher-free,poisson_mixed,5.0,0.0,256,1.3092582109384239,0.05126953125,185.65937500000004,10.14602702568142,53,0.02587890625,0.80859375,False,False,False,,RSA|m0|p3|r1,0,3,1,1788368135,105,145.61801952063576,-145.61801952063576,0.1
RSA,full_noise_campaign,es_stdp_teacher_off,0,1733640717,ES+STDP teacher-free,poisson_mixed,10.0,0.0,256,1.3059463000390679,0.05517578125,186.155625,10.15835449724886,58,0.0283203125,0.78515625,False,False,False,,RSA|m0|p3|r1,0,3,1,919601058,105,145.61801952063576,-145.61801952063576,0.1
RSA,full_noise_campaign,es_stdp_teacher_off,0,1733640717,ES+STDP teacher-free,poisson_mixed,25.0,0.0,256,1.315762239973992,0.06103515625,187.59000000000003,10.224312071205269,66,0.0322265625,0.76953125,False,False,False,,RSA|m0|p3|r1,0,3,1,582062759,105,145.61801952063576,-145.61801952063576,0.1
RSA,full_noise_campaign,es_stdp_teacher_off,0,1733640717,ES+STDP teacher-free,poisson_mixed,50.0,0.0,256,1.3135671829804778,0.06396484375,191.20249999999993,10.385309205081738,66,0.0322265625,0.7734375,False,False,False,,RSA|m0|p3|r1,0,3,1,967665754,105,145.61801952063576,-145.61801952063576,0.1
RSA,full_noise_campaign,es_stdp_teacher_off,0,1733640717,ES+STDP teacher-free,poisson_mixed,100.0,0.0,256,1.3037130839657038,0.0947265625,200.47999999999996,10.76681974058991,106,0.0517578125,0.65625,False,False,False,,RSA|m0|p3|r1,0,3,1,1758091423,105,145.61801952063576,-145.61801952063576,0.1
RSA,full_noise_campaign,es_stdp_teacher_off,1,796190408,ES+STDP teacher-free,none,0.0,0.0,256,1.3060029291082174,0.0478515625,185.34687500000018,10.106919884486281,49,0.02392578125,0.8203125,False,False,False,,RSA|m1|p0|r0,1,0,0,94621967,105,145.61801952063576,-145.61801952063576,0.1
RSA,full_noise_campaign,es_stdp_teacher_off,1,796190408,ES+STDP teacher-free,poisson_excitatory,5.0,0.0,256,1.3066949369385839,0.04833984375,184.60375000000005,10.105007360203157,48,0.0234375,0.8203125,False,False,False,,RSA|m1|p0|r0,1,0,0,602501280,105,145.61801952063576,-145.61801952063576,0.1
RSA,full_noise_campaign,es_stdp_teacher_off,1,796190408,ES+STDP teacher-free,poisson_excitatory,10.0,0.0,256,1.300566378980875,0.05078125,185.61250000000004,10.173679734502885,48,0.0234375,0.8203125,False,False,False,,RSA|m1|p0|r0,1,0,0,378068,105,145.61801952063576,-145.61801952063576,0.1
RSA,full_noise_campaign,es_stdp_teacher_off,1,796190408,ES+STDP teacher-free,poisson_excitatory,25.0,0.0,256,1.2968709550332278,0.0703125,191.51375000000013,10.479473802200422,66,0.0322265625,0.76953125,False,False,False,,RSA|m1|p0|r0,1,0,0,343648729,105,145.61801952063576,-145.61801952063576,0.1
RSA,full_noise_campaign,es_stdp_teacher_off,1,796190408,ES+STDP teacher-free,poisson_excitatory,50.0,0.0,256,1.308469875017181,0.11572265625,207.92000000000007,11.250354274050594,138,0.0673828125,0.5703125,False,False,False,,RSA|m1|p0|r0,1,0,0,258429992,105,145.61801952063576,-145.61801952063576,0.1
RSA,full_noise_campaign,es_stdp_teacher_off,1,796190408,ES+STDP teacher-free,poisson_excitatory,100.0,0.0,256,1.3176150058861822,0.25537109375,251.25312500000004,13.106590120192575,298,0.1455078125,0.28515625,False,False,False,,RSA|m1|p0|r0,1,0,0,2171360,105,145.61801952063576,-145.61801952063576,0.1
RSA,full_noise_campaign,es_stdp_teacher_off,1,796190408,ES+STDP teacher-free,poisson_inhibitory,5.0,0.0,256,1.2976262469310313,0.052734375,186.4443750000001,10.138115444860148,53,0.02587890625,0.8046875,False,False,False,,RSA|m1|p0|r0,1,0,0,2097442832,105,145.61801952063576,-145.61801952063576,0.1
RSA,full_noise_campaign,es_stdp_teacher_off,1,796190408,ES+STDP teacher-free,poisson_inhibitory,10.0,0.0,256,1.3047869140282273,0.05322265625,187.8300000000001,10.172464159426138,50,0.0244140625,0.8203125,False,False,False,,RSA|m1|p0|r0,1,0,0,1776151413,105,145.61801952063576,-145.61801952063576,0.1
RSA,full_noise_campaign,es_stdp_teacher_off,1,796190408,ES+STDP teacher-free,poisson_inhibitory,25.0,0.0,256,1.2994486389216036,0.06005859375,191.87437500000007,10.30556876666655,62,0.0302734375,0.79296875,False,False,False,,RSA|m1|p0|r0,1,0,0,2107868792,105,145.61801952063576,-145.61801952063576,0.1
RSA,full_noise_campaign,es_stdp_teacher_off,1,796190408,ES+STDP teacher-free,poisson_inhibitory,50.0,0.0,256,1.3132301040459424,0.068359375,197.674375,10.528697534216978,78,0.0380859375,0.734375,False,False,False,,RSA|m1|p0|r0,1,0,0,1723825223,105,145.61801952063576,-145.61801952063576,0.1
RSA,full_noise_campaign,es_stdp_teacher_off,1,796190408,ES+STDP teacher-free,poisson_inhibitory,100.0,0.0,256,1.3022929939907044,0.17431640625,208.1374999999999,11.119706638787811,262,0.1279296875,0.35546875,False,False,False,,RSA|m1|p0|r0,1,0,0,1464150946,105,145.61801952063576,-145.61801952063576,0.1
RSA,full_noise_campaign,es_stdp_teacher_off,1,796190408,ES+STDP teacher-free,poisson_mixed,5.0,0.0,256,1.3114022680092603,0.04443359375,184.65062500000005,10.082883452745442,45,0.02197265625,0.8359375,False,False,False,,RSA|m1|p0|r0,1,0,0,1561836766,105,145.61801952063576,-145.61801952063576,0.1
RSA,full_noise_campaign,es_stdp_teacher_off,1,796190408,ES+STDP teacher-free,poisson_mixed,10.0,0.0,256,1.2957799909636378,0.048828125,186.0312500000001,10.140827338426597,51,0.02490234375,0.8203125,False,False,False,,RSA|m1|p0|r0,1,0,0,1811221636,105,145.61801952063576,-145.61801952063576,0.1
RSA,full_noise_campaign,es_stdp_teacher_off,1,796190408,ES+STDP teacher-free,poisson_mixed,25.0,0.0,256,1.298162094084546,0.052734375,187.0425000000001,10.187953448151234,52,0.025390625,0.8125,False,False,False,,RSA|m1|p0|r0,1,0,0,2139840903,105,145.61801952063576,-145.61801952063576,0.1
RSA,full_noise_campaign,es_stdp_teacher_off,1,796190408,ES+STDP teacher-free,poisson_mixed,50.0,0.0,256,1.304128676187247,0.0615234375,190.60937499999997,10.350568868053081,57,0.02783203125,0.796875,False,False,False,,RSA|m1|p0|r0,1,0,0,1687657272,105,145.61801952063576,-145.61801952063576,0.1
RSA,full_noise_campaign,es_stdp_teacher_off,1,796190408,ES+STDP teacher-free,poisson_mixed,100.0,0.0,256,1.309425056912005,0.0830078125,198.74500000000006,10.685679614407324,90,0.0439453125,0.6953125,False,False,False,,RSA|m1|p0|r0,1,0,0,612266754,105,145.61801952063576,-145.61801952063576,0.1
RSA,full_noise_campaign,es_stdp_teacher_off,1,1483986486,ES+STDP teacher-free,none,0.0,0.0,256,1.311436483869329,0.0478515625,185.34687500000018,10.106919884486281,49,0.02392578125,0.8203125,False,False,False,,RSA|m1|p0|r1,1,0,1,1784790022,105,145.61801952063576,-145.61801952063576,0.1
RSA,full_noise_campaign,es_stdp_teacher_off,1,1483986486,ES+STDP teacher-free,poisson_excitatory,5.0,0.0,256,1.2979507169220597,0.04638671875,184.26437500000014,10.085616625331065,42,0.0205078125,0.83984375,False,False,False,,RSA|m1|p0|r1,1,0,1,583800188,105,145.61801952063576,-145.61801952063576,0.1
RSA,full_noise_campaign,es_stdp_teacher_off,1,1483986486,ES+STDP teacher-free,poisson_excitatory,10.0,0.0,256,1.2951572241727263,0.05322265625,185.19375000000014,10.15319090469588,49,0.02392578125,0.828125,False,False,False,,RSA|m1|p0|r1,1,0,1,630084815,105,145.61801952063576,-145.61801952063576,0.1
RSA,full_noise_campaign,es_stdp_teacher_off,1,1483986486,ES+STDP teacher-free,poisson_excitatory,25.0,0.0,256,1.3004846880212426,0.078125,192.02312500000022,10.509224593477489,71,0.03466796875,0.75390625,False,False,False,,RSA|m1|p0|r1,1,0,1,837827020,105,145.61801952063576,-145.61801952063576,0.1
RSA,full_noise_campaign,es_stdp_teacher_off,1,1483986486,ES+STDP teacher-free,poisson_excitatory,50.0,0.0,256,1.311166764004156,0.1025390625,206.59125000000006,11.2010932536729,112,0.0546875,0.64453125,False,False,False,,RSA|m1|p0|r1,1,0,1,720159773,105,145.61801952063576,-145.61801952063576,0.1
RSA,full_noise_campaign,es_stdp_teacher_off,1,1483986486,ES+STDP teacher-free,poisson_excitatory,100.0,0.0,256,1.298072106903419,0.25830078125,250.1487499999998,13.114320791702243,308,0.150390625,0.2578125,False,False,False,,RSA|m1|p0|r1,1,0,1,1732020044,105,145.61801952063576,-145.61801952063576,0.1
RSA,full_noise_campaign,es_stdp_teacher_off,1,1483986486,ES+STDP teacher-free,poisson_inhibitory,5.0,0.0,256,1.2956281120423228,0.05224609375,186.52125000000018,10.136710286565311,50,0.0244140625,0.81640625,False,False,False,,RSA|m1|p0|r1,1,0,1,2082540268,105,145.61801952063576,-145.61801952063576,0.1
RSA,full_noise_campaign,es_stdp_teacher_off,1,1483986486,ES+STDP teacher-free,poisson_inhibitory,10.0,0.0,256,1.2881487479899079,0.05517578125,188.19375000000008,10.190633332566758,53,0.02587890625,0.80859375,False,False,False,,RSA|m1|p0|r1,1,0,1,1280736112,105,145.61801952063576,-145.61801952063576,0.1
RSA,full_noise_campaign,es_stdp_teacher_off,1,1483986486,ES+STDP teacher-free,poisson_inhibitory,25.0,0.0,256,1.3080367790535092,0.05810546875,191.65437499999996,10.296212699097229,59,0.02880859375,0.7890625,False,False,False,,RSA|m1|p0|r1,1,0,1,1479022187,105,145.61801952063576,-145.61801952063576,0.1
RSA,full_noise_campaign,es_stdp_teacher_off,1,1483986486,ES+STDP teacher-free,poisson_inhibitory,50.0,0.0,256,1.291763423010707,0.0830078125,198.9037499999999,10.566434778748723,82,0.0400390625,0.7265625,False,False,False,,RSA|m1|p0|r1,1,0,1,1127541820,105,145.61801952063576,-145.61801952063576,0.1
RSA,full_noise_campaign,es_stdp_teacher_off,1,1483986486,ES+STDP teacher-free,poisson_inhibitory,100.0,0.0,256,1.296067614108324,0.18505859375,207.28124999999977,11.093591361825283,260,0.126953125,0.35546875,False,False,False,,RSA|m1|p0|r1,1,0,1,811109898,105,145.61801952063576,-145.61801952063576,0.1
RSA,full_noise_campaign,es_stdp_teacher_off,1,1483986486,ES+STDP teacher-free,poisson_mixed,5.0,0.0,256,1.3073586700484157,0.04833984375,185.24875000000011,10.105334643210696,50,0.0244140625,0.81640625,False,False,False,,RSA|m1|p0|r1,1,0,1,183844117,105,145.61801952063576,-145.61801952063576,0.1
RSA,full_noise_campaign,es_stdp_teacher_off,1,1483986486,ES+STDP teacher-free,poisson_mixed,10.0,0.0,256,1.295271246926859,0.0498046875,185.71625000000006,10.127984034881873,55,0.02685546875,0.80859375,False,False,False,,RSA|m1|p0|r1,1,0,1,244463434,105,145.61801952063576,-145.61801952063576,0.1
RSA,full_noise_campaign,es_stdp_teacher_off,1,1483986486,ES+STDP teacher-free,poisson_mixed,25.0,0.0,256,1.2910988070070744,0.05322265625,187.05937499999996,10.191886144520979,53,0.02587890625,0.81640625,False,False,False,,RSA|m1|p0|r1,1,0,1,451697221,105,145.61801952063576,-145.61801952063576,0.1
RSA,full_noise_campaign,es_stdp_teacher_off,1,1483986486,ES+STDP teacher-free,poisson_mixed,50.0,0.0,256,1.2902581109665334,0.064453125,192.38437499999998,10.409743170827689,60,0.029296875,0.78515625,False,False,False,,RSA|m1|p0|r1,1,0,1,32546930,105,145.61801952063576,-145.61801952063576,0.1
RSA,full_noise_campaign,es_stdp_teacher_off,1,1483986486,ES+STDP teacher-free,poisson_mixed,100.0,0.0,256,1.3198692470323294,0.08154296875,199.92437499999997,10.75015618194376,88,0.04296875,0.70703125,False,False,False,,RSA|m1|p0|r1,1,0,1,1000665457,105,145.61801952063576,-145.61801952063576,0.1
RSA,full_noise_campaign,es_stdp_teacher_off,1,783715541,ES+STDP teacher-free,none,0.0,0.0,256,1.2972332858480513,0.04541015625,185.035,10.103961749118564,44,0.021484375,0.83984375,False,False,False,,RSA|m1|p1|r0,1,1,0,503749813,105,145.61801952063576,-145.61801952063576,0.1
RSA,full_noise_campaign,es_stdp_teacher_off,1,783715541,ES+STDP teacher-free,poisson_excitatory,5.0,0.0,256,1.3018359020352364,0.04541015625,184.21374999999995,10.094849517880686,42,0.0205078125,0.84375,False,False,False,,RSA|m1|p1|r0,1,1,0,1156896524,105,145.61801952063576,-145.61801952063576,0.1
RSA,full_noise_campaign,es_stdp_teacher_off,1,783715541,ES+STDP teacher-free,poisson_excitatory,10.0,0.0,256,1.300059834960848,0.04638671875,184.06437499999993,10.116959839180957,43,0.02099609375,0.83984375,False,False,False,,RSA|m1|p1|r0,1,1,0,1854529557,105,145.61801952063576,-145.61801952063576,0.1
RSA,full_noise_campaign,es_stdp_teacher_off,1,783715541,ES+STDP teacher-free,poisson_excitatory,25.0,0.0,256,1.3149293940514326,0.0625,189.73874999999998,10.42030765829511,69,0.03369140625,0.7734375,False,False,False,,RSA|m1|p1|r0,1,1,0,2063053592,105,145.61801952063576,-145.61801952063576,0.1
RSA,full_noise_campaign,es_stdp_teacher_off,1,783715541,ES+STDP teacher-free,poisson_excitatory,50.0,0.0,256,1.3044010249432176,0.10693359375,205.49312500000002,11.17965382575297,108,0.052734375,0.65234375,False,False,False,,RSA|m1|p1|r0,1,1,0,1642809575,105,145.61801952063576,-145.61801952063576,0.1
RSA,full_noise_campaign,es_stdp_teacher_off,1,783715541,ES+STDP teacher-free,poisson_excitatory,100.0,0.0,256,1.3020196249708533,0.25,251.0775,13.123044088225786,296,0.14453125,0.2890625,False,False,False,,RSA|m1|p1|r0,1,1,0,26533077,105,145.61801952063576,-145.61801952063576,0.1
RSA,full_noise_campaign,es_stdp_teacher_off,1,783715541,ES+STDP teacher-free,poisson_inhibitory,5.0,0.0,256,1.3126292619854212,0.052734375,186.68437500000002,10.15223904131354,50,0.0244140625,0.8125,False,False,False,,RSA|m1|p1|r0,1,1,0,437897628,105,145.61801952063576,-145.61801952063576,0.1
RSA,full_noise_campaign,es_stdp_teacher_off,1,783715541,ES+STDP teacher-free,poisson_inhibitory,10.0,0.0,256,1.3113283140119165,0.05322265625,187.65312500000002,10.17960041875849,53,0.02587890625,0.8125,False,False,False,,RSA|m1|p1|r0,1,1,0,122810420,105,145.61801952063576,-145.61801952063576,0.1
RSA,full_noise_campaign,es_stdp_teacher_off,1,783715541,ES+STDP teacher-free,poisson_inhibitory,25.0,0.0,256,1.2943973140791059,0.0595703125,191.5012499999999,10.284383488852496,61,0.02978515625,0.77734375,False,False,False,,RSA|m1|p1|r0,1,1,0,321887545,105,145.61801952063576,-145.61801952063576,0.1
RSA,full_noise_campaign,es_stdp_teacher_off,1,783715541,ES+STDP teacher-free,poisson_inhibitory,50.0,0.0,256,1.290037551894784,0.07568359375,197.8893749999999,10.524630980277173,86,0.0419921875,0.703125,False,False,False,,RSA|m1|p1|r0,1,1,0,137586568,105,145.61801952063576,-145.61801952063576,0.1
RSA,full_noise_campaign,es_stdp_teacher_off,1,783715541,ES+STDP teacher-free,poisson_inhibitory,100.0,0.0,256,1.3153392048552632,0.19091796875,208.90999999999974,11.15507609865922,276,0.134765625,0.33203125,False,False,False,,RSA|m1|p1|r0,1,1,0,1458624149,105,145.61801952063576,-145.61801952063576,0.1
RSA,full_noise_campaign,es_stdp_teacher_off,1,783715541,ES+STDP teacher-free,poisson_mixed,5.0,0.0,256,1.297048038104549,0.0478515625,185.5462500000001,10.123209222427143,48,0.0234375,0.83203125,False,False,False,,RSA|m1|p1|r0,1,1,0,1120747351,105,145.61801952063576,-145.61801952063576,0.1
RSA,full_noise_campaign,es_stdp_teacher_off,1,783715541,ES+STDP teacher-free,poisson_mixed,10.0,0.0,256,1.2928422319237143,0.056640625,186.10812499999992,10.149374045685057,55,0.02685546875,0.8046875,False,False,False,,RSA|m1|p1|r0,1,1,0,2094885060,105,145.61801952063576,-145.61801952063576,0.1
RSA,full_noise_campaign,es_stdp_teacher_off,1,783715541,ES+STDP teacher-free,poisson_mixed,25.0,0.0,256,1.2985027239192277,0.0576171875,187.84312499999996,10.225351013203387,56,0.02734375,0.80078125,False,False,False,,RSA|m1|p1|r0,1,1,0,1755514311,105,145.61801952063576,-145.61801952063576,0.1
RSA,full_noise_campaign,es_stdp_teacher_off,1,783715541,ES+STDP teacher-free,poisson_mixed,50.0,0.0,256,1.3084424529224634,0.0654296875,192.171875,10.409362287700127,68,0.033203125,0.7578125,False,False,False,,RSA|m1|p1|r0,1,1,0,1941962744,105,145.61801952063576,-145.61801952063576,0.1
RSA,full_noise_campaign,es_stdp_teacher_off,1,783715541,ES+STDP teacher-free,poisson_mixed,100.0,0.0,256,1.3047046859283,0.08740234375,200.49812500000007,10.76921400558249,90,0.0439453125,0.6796875,False,False,False,,RSA|m1|p1|r0,1,1,0,1057855543,105,145.61801952063576,-145.61801952063576,0.1
RSA,full_noise_campaign,es_stdp_teacher_off,1,1504820327,ES+STDP teacher-free,none,0.0,0.0,256,1.289949680911377,0.04541015625,185.035,10.103961749118564,44,0.021484375,0.83984375,False,False,False,,RSA|m1|p1|r1,1,1,1,1908733918,105,145.61801952063576,-145.61801952063576,0.1
RSA,full_noise_campaign,es_stdp_teacher_off,1,1504820327,ES+STDP teacher-free,poisson_excitatory,5.0,0.0,256,1.285449300892651,0.04345703125,183.97375000000005,10.085579692629567,36,0.017578125,0.86328125,False,False,False,,RSA|m1|p1|r1,1,1,1,1171370992,105,145.61801952063576,-145.61801952063576,0.1
RSA,full_noise_campaign,es_stdp_teacher_off,1,1504820327,ES+STDP teacher-free,poisson_excitatory,10.0,0.0,256,1.302721800049767,0.05078125,185.45812499999994,10.175245067338757,47,0.02294921875,0.83203125,False,False,False,,RSA|m1|p1|r1,1,1,1,1258442768,105,145.61801952063576,-145.61801952063576,0.1
RSA,full_noise_campaign,es_stdp_teacher_off,1,1504820327,ES+STDP teacher-free,poisson_excitatory,25.0,0.0,256,1.2929098131135106,0.06591796875,190.8649999999999,10.45866151894257,66,0.0322265625,0.76171875,False,False,False,,RSA|m1|p1|r1,1,1,1,1601970955,105,145.61801952063576,-145.61801952063576,0.1
RSA,full_noise_campaign,es_stdp_teacher_off,1,1504820327,ES+STDP teacher-free,poisson_excitatory,50.0,0.0,256,1.2910907028708607,0.12451171875,208.52500000000006,11.289389119870215,133,0.06494140625,0.61328125,False,False,False,,RSA|m1|p1|r1,1,1,1,1147197660,105,145.61801952063576,-145.61801952063576,0.1
RSA,full_noise_campaign,es_stdp_teacher_off,1,1504820327,ES+STDP teacher-free,poisson_excitatory,100.0,0.0,256,1.314004380023107,0.25439453125,252.41812499999992,13.133102225860515,323,0.15771484375,0.25390625,False,False,False,,RSA|m1|p1|r1,1,1,1,1720285799,105,145.61801952063576,-145.61801952063576,0.1
RSA,full_noise_campaign,es_stdp_teacher_off,1,1504820327,ES+STDP teacher-free,poisson_inhibitory,5.0,0.0,256,1.289532331051305,0.0498046875,186.5175,10.144470543186415,48,0.0234375,0.8203125,False,False,False,,RSA|m1|p1|r1,1,1,1,456961152,105,145.61801952063576,-145.61801952063576,0.1
RSA,full_noise_campaign,es_stdp_teacher_off,1,1504820327,ES+STDP teacher-free,poisson_inhibitory,10.0,0.0,256,1.2960949470289052,0.0546875,188.31499999999997,10.201384835845307,54,0.0263671875,0.8046875,False,False,False,,RSA|m1|p1|r1,1,1,1,584736815,105,145.61801952063576,-145.61801952063576,0.1
RSA,full_noise_campaign,es_stdp_teacher_off,1,1504820327,ES+STDP teacher-free,poisson_inhibitory,25.0,0.0,256,1.2926096469163895,0.06298828125,192.3568750000001,10.318841561671983,63,0.03076171875,0.77734375,False,False,False,,RSA|m1|p1|r1,1,1,1,916720940,105,145.61801952063576,-145.61801952063576,0.1
RSA,full_noise_campaign,es_stdp_teacher_off,1,1504820327,ES+STDP teacher-free,poisson_inhibitory,50.0,0.0,256,1.3084279850590974,0.07177734375,198.03687499999984,10.535418439065026,75,0.03662109375,0.7578125,False,False,False,,RSA|m1|p1|r1,1,1,1,767096701,105,145.61801952063576,-145.61801952063576,0.1
RSA,full_noise_campaign,es_stdp_teacher_off,1,1504820327,ES+STDP teacher-free,poisson_inhibitory,100.0,0.0,256,1.299431913997978,0.18505859375,208.0,11.107283804665375,261,0.12744140625,0.35546875,False,False,False,,RSA|m1|p1|r1,1,1,1,837644583,105,145.61801952063576,-145.61801952063576,0.1
RSA,full_noise_campaign,es_stdp_teacher_off,1,1504820327,ES+STDP teacher-free,poisson_mixed,5.0,0.0,256,1.3027921919710934,0.04736328125,185.62812500000007,10.128095363951644,43,0.02099609375,0.83984375,False,False,False,,RSA|m1|p1|r1,1,1,1,355450784,105,145.61801952063576,-145.61801952063576,0.1
RSA,full_noise_campaign,es_stdp_teacher_off,1,1504820327,ES+STDP teacher-free,poisson_mixed,10.0,0.0,256,1.2854528480675071,0.04736328125,185.72750000000008,10.139482487158933,47,0.02294921875,0.82421875,False,False,False,,RSA|m1|p1|r1,1,1,1,431641610,105,145.61801952063576,-145.61801952063576,0.1
RSA,full_noise_campaign,es_stdp_teacher_off,1,1504820327,ES+STDP teacher-free,poisson_mixed,25.0,0.0,256,1.3089113279711455,0.0537109375,187.62687500000015,10.221411004239641,53,0.02587890625,0.8046875,False,False,False,,RSA|m1|p1|r1,1,1,1,230964997,105,145.61801952063576,-145.61801952063576,0.1
RSA,full_noise_campaign,es_stdp_teacher_off,1,1504820327,ES+STDP teacher-free,poisson_mixed,50.0,0.0,256,1.2904198071919382,0.06396484375,190.57187500000006,10.346734955304372,64,0.03125,0.76953125,False,False,False,,RSA|m1|p1|r1,1,1,1,383304882,105,145.61801952063576,-145.61801952063576,0.1
RSA,full_noise_campaign,es_stdp_teacher_off,1,1504820327,ES+STDP teacher-free,poisson_mixed,100.0,0.0,256,1.2921471260488033,0.0888671875,200.385625,10.761489413685602,94,0.0458984375,0.69140625,False,False,False,,RSA|m1|p1|r1,1,1,1,550968252,105,145.61801952063576,-145.61801952063576,0.1
RSA,full_noise_campaign,es_stdp_teacher_off,1,753939230,ES+STDP teacher-free,none,0.0,0.0,256,1.2964764251373708,0.05712890625,186.263125,10.135967877280793,56,0.02734375,0.79296875,False,False,False,,RSA|m1|p2|r0,1,2,0,1771589285,105,145.61801952063576,-145.61801952063576,0.1
RSA,full_noise_campaign,es_stdp_teacher_off,1,753939230,ES+STDP teacher-free,poisson_excitatory,5.0,0.0,256,1.2847925301175565,0.05419921875,185.05062500000003,10.11735787375742,54,0.0263671875,0.796875,False,False,False,,RSA|m1|p2|r0,1,2,0,916667203,105,145.61801952063576,-145.61801952063576,0.1
RSA,full_noise_campaign,es_stdp_teacher_off,1,753939230,ES+STDP teacher-free,poisson_excitatory,10.0,0.0,256,1.2847665389999747,0.05810546875,185.6918750000001,10.167331573118982,61,0.02978515625,0.77734375,False,False,False,,RSA|m1|p2|r0,1,2,0,1562243667,105,145.61801952063576,-145.61801952063576,0.1
RSA,full_noise_campaign,es_stdp_teacher_off,1,753939230,ES+STDP teacher-free,poisson_excitatory,25.0,0.0,256,1.2887402889318764,0.07568359375,190.97499999999997,10.451857610112858,83,0.04052734375,0.71484375,False,False,False,,RSA|m1|p2|r0,1,2,0,1231265624,105,145.61801952063576,-145.61801952063576,0.1
RSA,full_noise_campaign,es_stdp_teacher_off,1,753939230,ES+STDP teacher-free,poisson_excitatory,50.0,0.0,256,1.3012960578780621,0.1171875,206.05312499999988,11.166101486679981,127,0.06201171875,0.59375,False,False,False,,RSA|m1|p2|r0,1,2,0,1384080809,105,145.61801952063576,-145.61801952063576,0.1
RSA,full_noise_campaign,es_stdp_teacher_off,1,753939230,ES+STDP teacher-free,poisson_excitatory,100.0,0.0,256,1.2989539238624275,0.24609375,251.20437500000003,13.122012382040475,305,0.14892578125,0.26953125,False,False,False,,RSA|m1|p2|r0,1,2,0,55237558,105,145.61801952063576,-145.61801952063576,0.1
RSA,full_noise_campaign,es_stdp_teacher_off,1,753939230,ES+STDP teacher-free,poisson_inhibitory,5.0,0.0,256,1.2913154119160026,0.05859375,187.61437500000005,10.17598849127156,61,0.02978515625,0.7734375,False,False,False,,RSA|m1|p2|r0,1,2,0,1749951669,105,145.61801952063576,-145.61801952063576,0.1
RSA,full_noise_campaign,es_stdp_teacher_off,1,753939230,ES+STDP teacher-free,poisson_inhibitory,10.0,0.0,256,1.2873107909690589,0.06201171875,188.90250000000006,10.209787672281,61,0.02978515625,0.77734375,False,False,False,,RSA|m1|p2|r0,1,2,0,885382644,105,145.61801952063576,-145.61801952063576,0.1
RSA,full_noise_campaign,es_stdp_teacher_off,1,753939230,ES+STDP teacher-free,poisson_inhibitory,25.0,0.0,256,1.3064793380908668,0.06787109375,192.36812500000002,10.308746111659989,72,0.03515625,0.7578125,False,False,False,,RSA|m1|p2|r0,1,2,0,549171447,105,145.61801952063576,-145.61801952063576,0.1
RSA,full_noise_campaign,es_stdp_teacher_off,1,753939230,ES+STDP teacher-free,poisson_inhibitory,50.0,0.0,256,1.3031426558736712,0.0869140625,199.92249999999993,10.608747559486813,99,0.04833984375,0.65625,False,False,False,,RSA|m1|p2|r0,1,2,0,1000819400,105,145.61801952063576,-145.61801952063576,0.1
RSA,full_noise_campaign,es_stdp_teacher_off,1,753939230,ES+STDP teacher-free,poisson_inhibitory,100.0,0.0,256,1.2959732699673623,0.177734375,210.24499999999986,11.187823647554756,274,0.1337890625,0.33203125,False,False,False,,RSA|m1|p2|r0,1,2,0,1412354424,105,145.61801952063576,-145.61801952063576,0.1
RSA,full_noise_campaign,es_stdp_teacher_off,1,753939230,ES+STDP teacher-free,poisson_mixed,5.0,0.0,256,1.298728798981756,0.05712890625,186.40999999999997,10.144528085131588,57,0.02783203125,0.7890625,False,False,False,,RSA|m1|p2|r0,1,2,0,970178040,105,145.61801952063576,-145.61801952063576,0.1
RSA,full_noise_campaign,es_stdp_teacher_off,1,753939230,ES+STDP teacher-free,poisson_mixed,10.0,0.0,256,1.3234191848896444,0.056640625,186.6962500000001,10.158621641783494,61,0.02978515625,0.78125,False,False,False,,RSA|m1|p2|r0,1,2,0,1168492036,105,145.61801952063576,-145.61801952063576,0.1
RSA,full_noise_campaign,es_stdp_teacher_off,1,753939230,ES+STDP teacher-free,poisson_mixed,25.0,0.0,256,1.2982326650526375,0.0693359375,188.73187500000012,10.239822094505335,77,0.03759765625,0.71875,False,False,False,,RSA|m1|p2|r0,1,2,0,1373350151,105,145.61801952063576,-145.61801952063576,0.1
RSA,full_noise_campaign,es_stdp_teacher_off,1,753939230,ES+STDP teacher-free,poisson_mixed,50.0,0.0,256,1.2981621269136667,0.07275390625,192.39874999999992,10.401667242222471,75,0.03662109375,0.7265625,False,False,False,,RSA|m1|p2|r0,1,2,0,1254576824,105,145.61801952063576,-145.61801952063576,0.1
RSA,full_noise_campaign,es_stdp_teacher_off,1,753939230,ES+STDP teacher-free,poisson_mixed,100.0,0.0,256,1.3172965578269213,0.09521484375,200.55874999999997,10.76232907502062,110,0.0537109375,0.640625,False,False,False,,RSA|m1|p2|r0,1,2,0,1239982428,105,145.61801952063576,-145.61801952063576,0.1
RSA,full_noise_campaign,es_stdp_teacher_off,1,1542914704,ES+STDP teacher-free,none,0.0,0.0,256,1.3117081238888204,0.05712890625,186.263125,10.135967877280793,56,0.02734375,0.79296875,False,False,False,,RSA|m1|p2|r1,1,2,1,106571118,105,145.61801952063576,-145.61801952063576,0.1
RSA,full_noise_campaign,es_stdp_teacher_off,1,1542914704,ES+STDP teacher-free,poisson_excitatory,5.0,0.0,256,1.3043618369847536,0.0537109375,184.810625,10.10187420061814,55,0.02685546875,0.796875,False,False,False,,RSA|m1|p2|r1,1,2,1,931552873,105,145.61801952063576,-145.61801952063576,0.1
RSA,full_noise_campaign,es_stdp_teacher_off,1,1542914704,ES+STDP teacher-free,poisson_excitatory,10.0,0.0,256,1.2884678151458502,0.0595703125,186.121875,10.18117444627185,65,0.03173828125,0.7734375,False,False,False,,RSA|m1|p2|r1,1,2,1,2023121488,105,145.61801952063576,-145.61801952063576,0.1
RSA,full_noise_campaign,es_stdp_teacher_off,1,1542914704,ES+STDP teacher-free,poisson_excitatory,25.0,0.0,256,1.302687984192744,0.072265625,191.01999999999998,10.456402805266467,74,0.0361328125,0.7421875,False,False,False,,RSA|m1|p2|r1,1,2,1,1827147597,105,145.61801952063576,-145.61801952063576,0.1
RSA,full_noise_campaign,es_stdp_teacher_off,1,1542914704,ES+STDP teacher-free,poisson_excitatory,50.0,0.0,256,1.3062379530165344,0.11962890625,207.4693749999999,11.230252069301821,138,0.0673828125,0.55078125,False,False,False,,RSA|m1|p2|r1,1,2,1,2012542364,105,145.61801952063576,-145.61801952063576,0.1
RSA,full_noise_campaign,es_stdp_teacher_off,1,1542914704,ES+STDP teacher-free,poisson_excitatory,100.0,0.0,256,1.2990589090622962,0.2666015625,254.25312499999998,13.269932946665286,334,0.1630859375,0.21875,False,False,False,,RSA|m1|p2|r1,1,2,1,1683455302,105,145.61801952063576,-145.61801952063576,0.1
RSA,full_noise_campaign,es_stdp_teacher_off,1,1542914704,ES+STDP teacher-free,poisson_inhibitory,5.0,0.0,256,1.2840014977846295,0.064453125,188.40999999999997,10.200776843455955,65,0.03173828125,0.76953125,False,False,False,,RSA|m1|p2|r1,1,2,1,1768636887,105,145.61801952063576,-145.61801952063576,0.1
RSA,full_noise_campaign,es_stdp_teacher_off,1,1542914704,ES+STDP teacher-free,poisson_inhibitory,10.0,0.0,256,1.2941098359879106,0.06494140625,189.2631250000001,10.22226816800103,69,0.03369140625,0.75390625,False,False,False,,RSA|m1|p2|r1,1,2,1,290344433,105,145.61801952063576,-145.61801952063576,0.1
RSA,full_noise_campaign,es_stdp_teacher_off,1,1542914704,ES+STDP teacher-free,poisson_inhibitory,25.0,0.0,256,1.2903466650750488,0.06298828125,192.18187500000005,10.29949105889197,60,0.029296875,0.7890625,False,False,False,,RSA|m1|p2|r1,1,2,1,87040236,105,145.61801952063576,-145.61801952063576,0.1
RSA,full_noise_campaign,es_stdp_teacher_off,1,1542914704,ES+STDP teacher-free,poisson_inhibitory,50.0,0.0,256,1.291467027971521,0.08935546875,200.02562499999985,10.606309373471369,96,0.046875,0.6640625,False,False,False,,RSA|m1|p2|r1,1,2,1,506256059,105,145.61801952063576,-145.61801952063576,0.1
RSA,full_noise_campaign,es_stdp_teacher_off,1,1542914704,ES+STDP teacher-free,poisson_inhibitory,100.0,0.0,256,1.3078026350121945,0.20068359375,210.8418749999999,11.200867336437813,281,0.13720703125,0.3125,False,False,False,,RSA|m1|p2|r1,1,2,1,859011076,105,145.61801952063576,-145.61801952063576,0.1
RSA,full_noise_campaign,es_stdp_teacher_off,1,1542914704,ES+STDP teacher-free,poisson_mixed,5.0,0.0,256,1.3036404468584806,0.0595703125,186.83999999999997,10.16358771253041,56,0.02734375,0.796875,False,False,False,,RSA|m1|p2|r1,1,2,1,1848720833,105,145.61801952063576,-145.61801952063576,0.1
RSA,full_noise_campaign,es_stdp_teacher_off,1,1542914704,ES+STDP teacher-free,poisson_mixed,10.0,0.0,256,1.297340246848762,0.06005859375,186.96125000000004,10.169785840465638,64,0.03125,0.765625,False,False,False,,RSA|m1|p2|r1,1,2,1,549650122,105,145.61801952063576,-145.61801952063576,0.1
RSA,full_noise_campaign,es_stdp_teacher_off,1,1542914704,ES+STDP teacher-free,poisson_mixed,25.0,0.0,256,1.2937577380798757,0.06640625,187.97999999999993,10.218690237871153,73,0.03564453125,0.7578125,False,False,False,,RSA|m1|p2|r1,1,2,1,884773829,105,145.61801952063576,-145.61801952063576,0.1
RSA,full_noise_campaign,es_stdp_teacher_off,1,1542914704,ES+STDP teacher-free,poisson_mixed,50.0,0.0,256,1.3014148760121316,0.07421875,192.31437499999987,10.40118774948155,77,0.03759765625,0.74609375,False,False,False,,RSA|m1|p2|r1,1,2,1,799042034,105,145.61801952063576,-145.61801952063576,0.1
RSA,full_noise_campaign,es_stdp_teacher_off,1,1542914704,ES+STDP teacher-free,poisson_mixed,100.0,0.0,256,1.3040629420429468,0.0869140625,199.81687500000004,10.736827360080966,95,0.04638671875,0.66015625,False,False,False,,RSA|m1|p2|r1,1,2,1,1446126297,105,145.61801952063576,-145.61801952063576,0.1
RSA,full_noise_campaign,es_stdp_teacher_off,1,758274287,ES+STDP teacher-free,none,0.0,0.0,256,1.282851979136467,0.05126953125,186.11375000000015,10.160150931550167,55,0.02685546875,0.80859375,False,False,False,,RSA|m1|p3|r0,1,3,0,1916600895,105,145.61801952063576,-145.61801952063576,0.1
RSA,full_noise_campaign,es_stdp_teacher_off,1,758274287,ES+STDP teacher-free,poisson_excitatory,5.0,0.0,256,1.2879947340115905,0.05224609375,184.94750000000005,10.136092098606742,56,0.02734375,0.796875,False,False,False,,RSA|m1|p3|r0,1,3,0,1371446713,105,145.61801952063576,-145.61801952063576,0.1
RSA,full_noise_campaign,es_stdp_teacher_off,1,758274287,ES+STDP teacher-free,poisson_excitatory,10.0,0.0,256,1.3168236899655312,0.0546875,184.97687500000012,10.158344495384114,56,0.02734375,0.80078125,False,False,False,,RSA|m1|p3|r0,1,3,0,865200532,105,145.61801952063576,-145.61801952063576,0.1
RSA,full_noise_campaign,es_stdp_teacher_off,1,758274287,ES+STDP teacher-free,poisson_excitatory,25.0,0.0,256,1.3062850770074874,0.07275390625,189.72875,10.426742666355329,76,0.037109375,0.74609375,False,False,False,,RSA|m1|p3|r0,1,3,0,670008471,105,145.61801952063576,-145.61801952063576,0.1
RSA,full_noise_campaign,es_stdp_teacher_off,1,758274287,ES+STDP teacher-free,poisson_excitatory,50.0,0.0,256,1.2899085630197078,0.1044921875,205.8687499999999,11.189025532394664,116,0.056640625,0.6328125,False,False,False,,RSA|m1|p3|r0,1,3,0,1022590568,105,145.61801952063576,-145.61801952063576,0.1
RSA,full_noise_campaign,es_stdp_teacher_off,1,758274287,ES+STDP teacher-free,poisson_excitatory,100.0,0.0,256,1.2912640159484,0.2509765625,251.74249999999995,13.13228661864429,295,0.14404296875,0.30859375,False,False,False,,RSA|m1|p3|r0,1,3,0,50276027,105,145.61801952063576,-145.61801952063576,0.1
RSA,full_noise_campaign,es_stdp_teacher_off,1,758274287,ES+STDP teacher-free,poisson_inhibitory,5.0,0.0,256,1.288909011054784,0.056640625,187.4387500000002,10.196869073575717,63,0.03076171875,0.78125,False,False,False,,RSA|m1|p3|r0,1,3,0,257131079,105,145.61801952063576,-145.61801952063576,0.1
RSA,full_noise_campaign,es_stdp_teacher_off,1,758274287,ES+STDP teacher-free,poisson_inhibitory,10.0,0.0,256,1.2874463631305844,0.06201171875,188.74812499999996,10.228325979606334,70,0.0341796875,0.75390625,False,False,False,,RSA|m1|p3|r0,1,3,0,1514784435,105,145.61801952063576,-145.61801952063576,0.1
RSA,full_noise_campaign,es_stdp_teacher_off,1,758274287,ES+STDP teacher-free,poisson_inhibitory,25.0,0.0,256,1.2885130350477993,0.056640625,191.2831250000001,10.288112993024379,60,0.029296875,0.77734375,False,False,False,,RSA|m1|p3|r0,1,3,0,1312271288,105,145.61801952063576,-145.61801952063576,0.1
RSA,full_noise_campaign,es_stdp_teacher_off,1,758274287,ES+STDP teacher-free,poisson_inhibitory,50.0,0.0,256,1.30490214494057,0.080078125,198.64125000000013,10.572039121021021,81,0.03955078125,0.734375,False,False,False,,RSA|m1|p3|r0,1,3,0,1428902409,105,145.61801952063576,-145.61801952063576,0.1
RSA,full_noise_campaign,es_stdp_teacher_off,1,758274287,ES+STDP teacher-free,poisson_inhibitory,100.0,0.0,256,1.306181319989264,0.1787109375,209.43687499999984,11.154658106336877,268,0.130859375,0.3203125,False,False,False,,RSA|m1|p3|r0,1,3,0,1436232827,105,145.61801952063576,-145.61801952063576,0.1
RSA,full_noise_campaign,es_stdp_teacher_off,1,758274287,ES+STDP teacher-free,poisson_mixed,5.0,0.0,256,1.2894857260398567,0.04931640625,185.47687500000004,10.134095192491039,54,0.0263671875,0.80859375,False,False,False,,RSA|m1|p3|r0,1,3,0,638140027,105,145.61801952063576,-145.61801952063576,0.1
RSA,full_noise_campaign,es_stdp_teacher_off,1,758274287,ES+STDP teacher-free,poisson_mixed,10.0,0.0,256,1.285033404128626,0.05322265625,185.90625000000003,10.153145024481427,58,0.0283203125,0.79296875,False,False,False,,RSA|m1|p3|r0,1,3,0,1385013572,105,145.61801952063576,-145.61801952063576,0.1
RSA,full_noise_campaign,es_stdp_teacher_off,1,758274287,ES+STDP teacher-free,poisson_mixed,25.0,0.0,256,1.3024885398335755,0.06005859375,187.79375000000013,10.23177508164914,59,0.02880859375,0.77734375,False,False,False,,RSA|m1|p3|r0,1,3,0,1190382663,105,145.61801952063576,-145.61801952063576,0.1
RSA,full_noise_campaign,es_stdp_teacher_off,1,758274287,ES+STDP teacher-free,poisson_mixed,50.0,0.0,256,1.2975166230462492,0.072265625,191.65937499999995,10.396910456006626,82,0.0400390625,0.71484375,False,False,False,,RSA|m1|p3|r0,1,3,0,1575958136,105,145.61801952063576,-145.61801952063576,0.1
RSA,full_noise_campaign,es_stdp_teacher_off,1,758274287,ES+STDP teacher-free,poisson_mixed,100.0,0.0,256,1.290857284097001,0.08837890625,199.55249999999995,10.737405906040383,101,0.04931640625,0.6640625,False,False,False,,RSA|m1|p3|r0,1,3,0,1385909263,105,145.61801952063576,-145.61801952063576,0.1
RSA,full_noise_campaign,es_stdp_teacher_off,1,1513449597,ES+STDP teacher-free,none,0.0,0.0,256,1.2896470320411026,0.05126953125,186.11375000000015,10.160150931550167,55,0.02685546875,0.80859375,False,False,False,,RSA|m1|p3|r1,1,3,1,503277910,105,145.61801952063576,-145.61801952063576,0.1
RSA,full_noise_campaign,es_stdp_teacher_off,1,1513449597,ES+STDP teacher-free,poisson_excitatory,5.0,0.0,256,1.299646875122562,0.05029296875,184.68000000000006,10.122597323121123,51,0.02490234375,0.8125,False,False,False,,RSA|m1|p3|r1,1,3,1,1352399059,105,145.61801952063576,-145.61801952063576,0.1
RSA,full_noise_campaign,es_stdp_teacher_off,1,1513449597,ES+STDP teacher-free,poisson_excitatory,10.0,0.0,256,1.2916435790248215,0.0537109375,185.32812500000006,10.172211095060865,59,0.02880859375,0.79296875,False,False,False,,RSA|m1|p3|r1,1,3,1,370833809,105,145.61801952063576,-145.61801952063576,0.1
RSA,full_noise_campaign,es_stdp_teacher_off,1,1513449597,ES+STDP teacher-free,poisson_excitatory,25.0,0.0,256,1.293354210909456,0.07373046875,191.52062500000005,10.493347261900741,75,0.03662109375,0.7421875,False,False,False,,RSA|m1|p3|r1,1,3,1,40113292,105,145.61801952063576,-145.61801952063576,0.1
RSA,full_noise_campaign,es_stdp_teacher_off,1,1513449597,ES+STDP teacher-free,poisson_excitatory,50.0,0.0,256,1.299880794947967,0.1025390625,204.69375,11.135879032408388,106,0.0517578125,0.66796875,False,False,False,,RSA|m1|p3|r1,1,3,1,427355739,105,145.61801952063576,-145.61801952063576,0.1
RSA,full_noise_campaign,es_stdp_teacher_off,1,1513449597,ES+STDP teacher-free,poisson_excitatory,100.0,0.0,256,1.3058559740893543,0.251953125,252.39187499999997,13.190392674949031,314,0.1533203125,0.25390625,False,False,False,,RSA|m1|p3|r1,1,3,1,1709342769,105,145.61801952063576,-145.61801952063576,0.1
RSA,full_noise_campaign,es_stdp_teacher_off,1,1513449597,ES+STDP teacher-free,poisson_inhibitory,5.0,0.0,256,1.297319188946858,0.0546875,187.2093750000002,10.183115699984027,56,0.02734375,0.8046875,False,False,False,,RSA|m1|p3|r1,1,3,1,242673509,105,145.61801952063576,-145.61801952063576,0.1
RSA,full_noise_campaign,es_stdp_teacher_off,1,1513449597,ES+STDP teacher-free,poisson_inhibitory,10.0,0.0,256,1.2959870919585228,0.0595703125,188.431875,10.21671541423288,65,0.03173828125,0.77734375,False,False,False,,RSA|m1|p3|r1,1,3,1,2143442608,105,145.61801952063576,-145.61801952063576,0.1
RSA,full_noise_campaign,es_stdp_teacher_off,1,1513449597,ES+STDP teacher-free,poisson_inhibitory,25.0,0.0,256,1.3183030600193888,0.0625,192.17125000000004,10.326769438969208,68,0.033203125,0.765625,False,False,False,,RSA|m1|p3|r1,1,3,1,1807498157,105,145.61801952063576,-145.61801952063576,0.1
RSA,full_noise_campaign,es_stdp_teacher_off,1,1513449597,ES+STDP teacher-free,poisson_inhibitory,50.0,0.0,256,1.3024562208447605,0.080078125,199.09687499999998,10.590052592353903,88,0.04296875,0.6953125,False,False,False,,RSA|m1|p3|r1,1,3,1,1889583612,105,145.61801952063576,-145.61801952063576,0.1
RSA,full_noise_campaign,es_stdp_teacher_off,1,1513449597,ES+STDP teacher-free,poisson_inhibitory,100.0,0.0,256,1.302947939839214,0.1806640625,207.70187499999994,11.137437857231538,265,0.12939453125,0.33203125,False,False,False,,RSA|m1|p3|r1,1,3,1,847678193,105,145.61801952063576,-145.61801952063576,0.1
RSA,full_noise_campaign,es_stdp_teacher_off,1,1513449597,ES+STDP teacher-free,poisson_mixed,5.0,0.0,256,1.303197544068098,0.04931640625,185.41500000000008,10.134178471636378,49,0.02392578125,0.82421875,False,False,False,,RSA|m1|p3|r1,1,3,1,1911275058,105,145.61801952063576,-145.61801952063576,0.1
RSA,full_noise_campaign,es_stdp_teacher_off,1,1513449597,ES+STDP teacher-free,poisson_mixed,10.0,0.0,256,1.31458700587973,0.0517578125,185.52312500000005,10.138963268329388,50,0.0244140625,0.81640625,False,False,False,,RSA|m1|p3|r1,1,3,1,938121866,105,145.61801952063576,-145.61801952063576,0.1
RSA,full_noise_campaign,es_stdp_teacher_off,1,1513449597,ES+STDP teacher-free,poisson_mixed,25.0,0.0,256,1.2963766099419445,0.05859375,187.6431250000001,10.233385522391647,58,0.0283203125,0.80078125,False,False,False,,RSA|m1|p3|r1,1,3,1,596965253,105,145.61801952063576,-145.61801952063576,0.1
RSA,full_noise_campaign,es_stdp_teacher_off,1,1513449597,ES+STDP teacher-free,poisson_mixed,50.0,0.0,256,1.2982288121711463,0.0703125,190.58499999999995,10.352894300035809,74,0.0361328125,0.7421875,False,False,False,,RSA|m1|p3|r1,1,3,1,948440370,105,145.61801952063576,-145.61801952063576,0.1
RSA,full_noise_campaign,es_stdp_teacher_off,1,1513449597,ES+STDP teacher-free,poisson_mixed,100.0,0.0,256,1.300228636013344,0.08935546875,199.2299999999999,10.721828014737945,93,0.04541015625,0.69921875,False,False,False,,RSA|m1|p3|r1,1,3,1,1296156838,105,145.61801952063576,-145.61801952063576,0.1
RSA,full_noise_campaign,es_stdp_teacher_off,2,1758764152,ES+STDP teacher-free,none,0.0,0.0,256,1.3122450329829007,0.0478515625,185.34687500000018,10.106919884486281,49,0.02392578125,0.8203125,False,False,False,,RSA|m2|p0|r0,2,0,0,2042819944,105,145.61801952063576,-145.61801952063576,0.1
RSA,full_noise_campaign,es_stdp_teacher_off,2,1758764152,ES+STDP teacher-free,poisson_excitatory,5.0,0.0,256,1.297536210855469,0.048828125,185.06500000000014,10.127278594016062,48,0.0234375,0.8203125,False,False,False,,RSA|m2|p0|r0,2,0,0,557283195,105,145.61801952063576,-145.61801952063576,0.1
RSA,full_noise_campaign,es_stdp_teacher_off,2,1758764152,ES+STDP teacher-free,poisson_excitatory,10.0,0.0,256,1.299719894072041,0.0537109375,185.66000000000005,10.168550982629679,52,0.025390625,0.8203125,False,False,False,,RSA|m2|p0|r0,2,0,0,621654001,105,145.61801952063576,-145.61801952063576,0.1
RSA,full_noise_campaign,es_stdp_teacher_off,2,1758764152,ES+STDP teacher-free,poisson_excitatory,25.0,0.0,256,1.3043847798835486,0.06640625,190.6162500000001,10.4458059902808,65,0.03173828125,0.78515625,False,False,False,,RSA|m2|p0|r0,2,0,0,829670126,105,145.61801952063576,-145.61801952063576,0.1
RSA,full_noise_campaign,es_stdp_teacher_off,2,1758764152,ES+STDP teacher-free,poisson_excitatory,50.0,0.0,256,1.3138998199719936,0.09912109375,206.63937500000003,11.238393340106061,117,0.05712890625,0.6171875,False,False,False,,RSA|m2|p0|r0,2,0,0,711932091,105,145.61801952063576,-145.61801952063576,0.1
RSA,full_noise_campaign,es_stdp_teacher_off,2,1758764152,ES+STDP teacher-free,poisson_excitatory,100.0,0.0,256,1.310772221069783,0.24267578125,249.55812500000002,13.106611406271064,299,0.14599609375,0.28125,False,False,False,,RSA|m2|p0|r0,2,0,0,1149240536,105,145.61801952063576,-145.61801952063576,0.1
RSA,full_noise_campaign,es_stdp_teacher_off,2,1758764152,ES+STDP teacher-free,poisson_inhibitory,5.0,0.0,256,1.2947705080732703,0.0517578125,186.8662500000001,10.156525665486853,53,0.02587890625,0.8125,False,False,False,,RSA|m2|p0|r0,2,0,0,2145020141,105,145.61801952063576,-145.61801952063576,0.1
RSA,full_noise_campaign,es_stdp_teacher_off,2,1758764152,ES+STDP teacher-free,poisson_inhibitory,10.0,0.0,256,1.3053537919186056,0.056640625,188.01375000000013,10.180805233152185,59,0.02880859375,0.7890625,False,False,False,,RSA|m2|p0|r0,2,0,0,1289060434,105,145.61801952063576,-145.61801952063576,0.1
RSA,full_noise_campaign,es_stdp_teacher_off,2,1758764152,ES+STDP teacher-free,poisson_inhibitory,25.0,0.0,256,1.2969422359019518,0.06005859375,191.77812500000005,10.297947386884939,60,0.029296875,0.78515625,False,False,False,,RSA|m2|p0|r0,2,0,0,1487662413,105,145.61801952063576,-145.61801952063576,0.1
RSA,full_noise_campaign,es_stdp_teacher_off,2,1758764152,ES+STDP teacher-free,poisson_inhibitory,50.0,0.0,256,1.3119648720603436,0.0791015625,198.9449999999999,10.569164325869012,82,0.0400390625,0.7265625,False,False,False,,RSA|m2|p0|r0,2,0,0,1136072602,105,145.61801952063576,-145.61801952063576,0.1
RSA,full_noise_campaign,es_stdp_teacher_off,2,1758764152,ES+STDP teacher-free,poisson_inhibitory,100.0,0.0,256,1.299047944135964,0.1767578125,209.69874999999988,11.180640632316694,273,0.13330078125,0.31640625,False,False,False,,RSA|m2|p0|r0,2,0,0,333713050,105,145.61801952063576,-145.61801952063576,0.1
RSA,full_noise_campaign,es_stdp_teacher_off,2,1758764152,ES+STDP teacher-free,poisson_mixed,5.0,0.0,256,1.3142280888278037,0.048828125,185.5650000000001,10.117626251360605,48,0.0234375,0.828125,False,False,False,,RSA|m2|p0|r0,2,0,0,737314233,105,145.61801952063576,-145.61801952063576,0.1
RSA,full_noise_campaign,es_stdp_teacher_off,2,1758764152,ES+STDP teacher-free,poisson_mixed,10.0,0.0,256,1.3117470210418105,0.04931640625,185.66187500000012,10.127520037946535,51,0.02490234375,0.8125,False,False,False,,RSA|m2|p0|r0,2,0,0,871081372,105,145.61801952063576,-145.61801952063576,0.1
RSA,full_noise_campaign,es_stdp_teacher_off,2,1758764152,ES+STDP teacher-free,poisson_mixed,25.0,0.0,256,1.2886405158787966,0.05224609375,187.14749999999998,10.198573597087655,58,0.0283203125,0.796875,False,False,False,,RSA|m2|p0|r0,2,0,0,664127647,105,145.61801952063576,-145.61801952063576,0.1
RSA,full_noise_campaign,es_stdp_teacher_off,2,1758764152,ES+STDP teacher-free,poisson_mixed,50.0,0.0,256,1.3027870811056346,0.06591796875,191.39749999999998,10.37552469595177,68,0.033203125,0.765625,False,False,False,,RSA|m2|p0|r0,2,0,0,1015624272,105,145.61801952063576,-145.61801952063576,0.1
RSA,full_noise_campaign,es_stdp_teacher_off,2,1758764152,ES+STDP teacher-free,poisson_mixed,100.0,0.0,256,1.3111061439849436,0.0908203125,199.63250000000008,10.728376503881742,106,0.0517578125,0.63671875,False,False,False,,RSA|m2|p0|r0,2,0,0,294896821,105,145.61801952063576,-145.61801952063576,0.1
RSA,full_noise_campaign,es_stdp_teacher_off,2,533966086,ES+STDP teacher-free,none,0.0,0.0,256,1.2869614460505545,0.0478515625,185.34687500000018,10.106919884486281,49,0.02392578125,0.8203125,False,False,False,,RSA|m2|p0|r1,2,0,1,369139243,105,145.61801952063576,-145.61801952063576,0.1
RSA,full_noise_campaign,es_stdp_teacher_off,2,533966086,ES+STDP teacher-free,poisson_excitatory,5.0,0.0,256,1.3049173860345036,0.0498046875,184.49875000000003,10.09615917379996,51,0.02490234375,0.80859375,False,False,False,,RSA|m2|p0|r1,2,0,1,538055329,105,145.61801952063576,-145.61801952063576,0.1
RSA,full_noise_campaign,es_stdp_teacher_off,2,533966086,ES+STDP teacher-free,poisson_excitatory,10.0,0.0,256,1.2993613379076123,0.052734375,185.12625000000006,10.142503082537601,56,0.02734375,0.7890625,False,False,False,,RSA|m2|p0|r1,2,0,1,8798194,105,145.61801952063576,-145.61801952063576,0.1
RSA,full_noise_campaign,es_stdp_teacher_off,2,533966086,ES+STDP teacher-free,poisson_excitatory,25.0,0.0,256,1.2918985160067677,0.07275390625,192.18625000000003,10.513728382763304,73,0.03564453125,0.74609375,False,False,False,,RSA|m2|p0|r1,2,0,1,351818487,105,145.61801952063576,-145.61801952063576,0.1
RSA,full_noise_campaign,es_stdp_teacher_off,2,533966086,ES+STDP teacher-free,poisson_excitatory,50.0,0.0,256,1.3001910750754178,0.111328125,205.7662499999999,11.16050185977783,118,0.0576171875,0.59765625,False,False,False,,RSA|m2|p0|r1,2,0,1,266643658,105,145.61801952063576,-145.61801952063576,0.1
RSA,full_noise_campaign,es_stdp_teacher_off,2,533966086,ES+STDP teacher-free,poisson_excitatory,100.0,0.0,256,1.3045610678382218,0.25146484375,249.60375000000002,13.059456468842619,289,0.14111328125,0.28125,False,False,False,,RSA|m2|p0|r1,2,0,1,597533284,105,145.61801952063576,-145.61801952063576,0.1
RSA,full_noise_campaign,es_stdp_teacher_off,2,533966086,ES+STDP teacher-free,poisson_inhibitory,5.0,0.0,256,1.3056851781439036,0.05126953125,186.5100000000001,10.135824852344108,51,0.02490234375,0.8125,False,False,False,,RSA|m2|p0|r1,2,0,1,2130644495,105,145.61801952063576,-145.61801952063576,0.1
RSA,full_noise_campaign,es_stdp_teacher_off,2,533966086,ES+STDP teacher-free,poisson_inhibitory,10.0,0.0,256,1.297957117902115,0.05615234375,188.21875000000006,10.190389284526697,56,0.02734375,0.796875,False,False,False,,RSA|m2|p0|r1,2,0,1,1767772243,105,145.61801952063576,-145.61801952063576,0.1
RSA,full_noise_campaign,es_stdp_teacher_off,2,533966086,ES+STDP teacher-free,poisson_inhibitory,25.0,0.0,256,1.3064855739939958,0.05712890625,191.96437499999993,10.309817025077722,58,0.0283203125,0.80078125,False,False,False,,RSA|m2|p0|r1,2,0,1,2099281238,105,145.61801952063576,-145.61801952063576,0.1
RSA,full_noise_campaign,es_stdp_teacher_off,2,533966086,ES+STDP teacher-free,poisson_inhibitory,50.0,0.0,256,1.3089968140702695,0.0830078125,199.0775000000001,10.575701529709146,90,0.0439453125,0.6875,False,False,False,,RSA|m2|p0|r1,2,0,1,1715242921,105,145.61801952063576,-145.61801952063576,0.1
RSA,full_noise_campaign,es_stdp_teacher_off,2,533966086,ES+STDP teacher-free,poisson_inhibitory,100.0,0.0,256,1.3082465259358287,0.19580078125,208.6931249999999,11.163307144419976,284,0.138671875,0.31640625,False,False,False,,RSA|m2|p0|r1,2,0,1,1962518818,105,145.61801952063576,-145.61801952063576,0.1
RSA,full_noise_campaign,es_stdp_teacher_off,2,533966086,ES+STDP teacher-free,poisson_mixed,5.0,0.0,256,1.3039427758194506,0.05029296875,185.58625000000012,10.125197754550797,51,0.02490234375,0.81640625,False,False,False,,RSA|m2|p0|r1,2,0,1,2081424896,105,145.61801952063576,-145.61801952063576,0.1
RSA,full_noise_campaign,es_stdp_teacher_off,2,533966086,ES+STDP teacher-free,poisson_mixed,10.0,0.0,256,1.299104314064607,0.05029296875,185.47750000000008,10.117088814088843,51,0.02490234375,0.8125,False,False,False,,RSA|m2|p0|r1,2,0,1,1452056162,105,145.61801952063576,-145.61801952063576,0.1
RSA,full_noise_campaign,es_stdp_teacher_off,2,533966086,ES+STDP teacher-free,poisson_mixed,25.0,0.0,256,1.317790423054248,0.05810546875,187.66187500000007,10.213352937653733,56,0.02734375,0.80078125,False,False,False,,RSA|m2|p0|r1,2,0,1,1123218269,105,145.61801952063576,-145.61801952063576,0.1
RSA,full_noise_campaign,es_stdp_teacher_off,2,533966086,ES+STDP teacher-free,poisson_mixed,50.0,0.0,256,1.3022887241095304,0.06640625,191.61062500000003,10.376649443205832,67,0.03271484375,0.7578125,False,False,False,,RSA|m2|p0|r1,2,0,1,1508772234,105,145.61801952063576,-145.61801952063576,0.1
RSA,full_noise_campaign,es_stdp_teacher_off,2,533966086,ES+STDP teacher-free,poisson_mixed,100.0,0.0,256,1.305362801067531,0.0859375,199.26812500000005,10.725049857389422,91,0.04443359375,0.67578125,False,False,False,,RSA|m2|p0|r1,2,0,1,239683392,105,145.61801952063576,-145.61801952063576,0.1
RSA,full_noise_campaign,es_stdp_teacher_off,2,1763112613,ES+STDP teacher-free,none,0.0,0.0,256,1.305071669863537,0.04541015625,185.035,10.103961749118564,44,0.021484375,0.83984375,False,False,False,,RSA|m2|p1|r0,2,1,0,1650964860,105,145.61801952063576,-145.61801952063576,0.1
RSA,full_noise_campaign,es_stdp_teacher_off,2,1763112613,ES+STDP teacher-free,poisson_excitatory,5.0,0.0,256,1.308721287874505,0.04296875,184.32250000000002,10.099747911563394,41,0.02001953125,0.84765625,False,False,False,,RSA|m2|p1|r0,2,1,0,1177211377,105,145.61801952063576,-145.61801952063576,0.1
RSA,full_noise_campaign,es_stdp_teacher_off,2,1763112613,ES+STDP teacher-free,poisson_excitatory,10.0,0.0,256,1.2985756529960781,0.05322265625,185.52749999999995,10.180066749671857,51,0.02490234375,0.828125,False,False,False,,RSA|m2|p1|r0,2,1,0,1266791602,105,145.61801952063576,-145.61801952063576,0.1
RSA,full_noise_campaign,es_stdp_teacher_off,2,1763112613,ES+STDP teacher-free,poisson_excitatory,25.0,0.0,256,1.299558678874746,0.06982421875,191.68249999999995,10.491059551389625,65,0.03173828125,0.7734375,False,False,False,,RSA|m2|p1|r0,2,1,0,1610602925,105,145.61801952063576,-145.61801952063576,0.1
RSA,full_noise_campaign,es_stdp_teacher_off,2,1763112613,ES+STDP teacher-free,poisson_excitatory,50.0,0.0,256,1.2930168209131807,0.11865234375,206.133125,11.214401103128509,131,0.06396484375,0.58984375,False,False,False,,RSA|m2|p1|r0,2,1,0,1155736570,105,145.61801952063576,-145.61801952063576,0.1
RSA,full_noise_campaign,es_stdp_teacher_off,2,1763112613,ES+STDP teacher-free,poisson_excitatory,100.0,0.0,256,1.3113931899424642,0.259765625,252.12062500000008,13.16634920350031,328,0.16015625,0.234375,False,False,False,,RSA|m2|p1|r0,2,1,0,1161165277,105,145.61801952063576,-145.61801952063576,0.1
RSA,full_noise_campaign,es_stdp_teacher_off,2,1763112613,ES+STDP teacher-free,poisson_inhibitory,5.0,0.0,256,1.2970592309720814,0.05029296875,186.3468749999999,10.137865631242986,48,0.0234375,0.83203125,False,False,False,,RSA|m2|p1|r0,2,1,0,415747711,105,145.61801952063576,-145.61801952063576,0.1
RSA,full_noise_campaign,es_stdp_teacher_off,2,1763112613,ES+STDP teacher-free,poisson_inhibitory,10.0,0.0,256,1.2959578291047364,0.0556640625,188.38500000000002,10.196778357180765,55,0.02685546875,0.796875,False,False,False,,RSA|m2|p1|r0,2,1,0,576297873,105,145.61801952063576,-145.61801952063576,0.1
RSA,full_noise_campaign,es_stdp_teacher_off,2,1763112613,ES+STDP teacher-free,poisson_inhibitory,25.0,0.0,256,1.3049098080955446,0.0576171875,191.77312499999985,10.297237226845546,59,0.02880859375,0.7890625,False,False,False,,RSA|m2|p1|r0,2,1,0,908588686,105,145.61801952063576,-145.61801952063576,0.1
RSA,full_noise_campaign,es_stdp_teacher_off,2,1763112613,ES+STDP teacher-free,poisson_inhibitory,50.0,0.0,256,1.2895826830063015,0.0771484375,198.40874999999994,10.546208711990703,83,0.04052734375,0.73046875,False,False,False,,RSA|m2|p1|r0,2,1,0,758844507,105,145.61801952063576,-145.61801952063576,0.1
RSA,full_noise_campaign,es_stdp_teacher_off,2,1763112613,ES+STDP teacher-free,poisson_inhibitory,100.0,0.0,256,1.299788234056905,0.1826171875,208.298125,11.141681748051528,269,0.13134765625,0.359375,False,False,False,,RSA|m2|p1|r0,2,1,0,307360669,105,145.61801952063576,-145.61801952063576,0.1
RSA,full_noise_campaign,es_stdp_teacher_off,2,1763112613,ES+STDP teacher-free,poisson_mixed,5.0,0.0,256,1.304585623089224,0.04931640625,185.65687500000007,10.136226799277658,52,0.025390625,0.81640625,False,False,False,,RSA|m2|p1|r0,2,1,0,875038266,105,145.61801952063576,-145.61801952063576,0.1
RSA,full_noise_campaign,es_stdp_teacher_off,2,1763112613,ES+STDP teacher-free,poisson_mixed,10.0,0.0,256,1.3064679398667067,0.05078125,185.63812499999995,10.129246272630892,50,0.0244140625,0.828125,False,False,False,,RSA|m2|p1|r0,2,1,0,616808924,105,145.61801952063576,-145.61801952063576,0.1
RSA,full_noise_campaign,es_stdp_teacher_off,2,1763112613,ES+STDP teacher-free,poisson_mixed,25.0,0.0,256,1.2898405238520354,0.0556640625,187.3775000000001,10.207689705700028,57,0.02783203125,0.80078125,False,False,False,,RSA|m2|p1|r0,2,1,0,817736927,105,145.61801952063576,-145.61801952063576,0.1
RSA,full_noise_campaign,es_stdp_teacher_off,2,1763112613,ES+STDP teacher-free,poisson_mixed,50.0,0.0,256,1.2918642200529575,0.07763671875,192.94562500000012,10.431201865838306,81,0.03955078125,0.7109375,False,False,False,,RSA|m2|p1|r0,2,1,0,731993872,105,145.61801952063576,-145.61801952063576,0.1
RSA,full_noise_campaign,es_stdp_teacher_off,2,1763112613,ES+STDP teacher-free,poisson_mixed,100.0,0.0,256,1.2927807099185884,0.08447265625,198.31437499999993,10.690972215322748,84,0.041015625,0.71875,False,False,False,,RSA|m2|p1|r0,2,1,0,182464138,105,145.61801952063576,-145.61801952063576,0.1
RSA,full_noise_campaign,es_stdp_teacher_off,2,504481559,ES+STDP teacher-free,none,0.0,0.0,256,1.2967244510073215,0.04541015625,185.035,10.103961749118564,44,0.021484375,0.83984375,False,False,False,,RSA|m2|p1|r1,2,1,1,228971161,105,145.61801952063576,-145.61801952063576,0.1
RSA,full_noise_campaign,es_stdp_teacher_off,2,504481559,ES+STDP teacher-free,poisson_excitatory,5.0,0.0,256,1.2901951391249895,0.04296875,184.12750000000017,10.095834495737073,38,0.0185546875,0.86328125,False,False,False,,RSA|m2|p1|r1,2,1,1,1192211723,105,145.61801952063576,-145.61801952063576,0.1
RSA,full_noise_campaign,es_stdp_teacher_off,2,504481559,ES+STDP teacher-free,poisson_excitatory,10.0,0.0,256,1.2834473769180477,0.04736328125,184.97062499999998,10.14547823902628,47,0.02294921875,0.8359375,False,False,False,,RSA|m2|p1|r1,2,1,1,1846158515,105,145.61801952063576,-145.61801952063576,0.1
RSA,full_noise_campaign,es_stdp_teacher_off,2,504481559,ES+STDP teacher-free,poisson_excitatory,25.0,0.0,256,1.2992276998702437,0.0732421875,191.46124999999992,10.492201049520249,75,0.03662109375,0.73828125,False,False,False,,RSA|m2|p1|r1,2,1,1,2054441398,105,145.61801952063576,-145.61801952063576,0.1
RSA,full_noise_campaign,es_stdp_teacher_off,2,504481559,ES+STDP teacher-free,poisson_excitatory,50.0,0.0,256,1.2874433321412653,0.11328125,206.4124999999999,11.212150281146592,118,0.0576171875,0.609375,False,False,False,,RSA|m2|p1|r1,2,1,1,1634251785,105,145.61801952063576,-145.61801952063576,0.1
RSA,full_noise_campaign,es_stdp_teacher_off,2,504481559,ES+STDP teacher-free,poisson_excitatory,100.0,0.0,256,1.2954210338648409,0.23828125,249.13437500000012,13.053606300669765,298,0.1455078125,0.2890625,False,False,False,,RSA|m2|p1|r1,2,1,1,573071183,105,145.61801952063576,-145.61801952063576,0.1
RSA,full_noise_campaign,es_stdp_teacher_off,2,504481559,ES+STDP teacher-free,poisson_inhibitory,5.0,0.0,256,1.2855998850427568,0.05224609375,186.87000000000006,10.15808675015391,54,0.0263671875,0.8125,False,False,False,,RSA|m2|p1|r1,2,1,1,434285469,105,145.61801952063576,-145.61801952063576,0.1
RSA,full_noise_campaign,es_stdp_teacher_off,2,504481559,ES+STDP teacher-free,poisson_inhibitory,10.0,0.0,256,1.3106574681587517,0.0546875,188.24562500000002,10.198085598771652,53,0.02587890625,0.80078125,False,False,False,,RSA|m2|p1|r1,2,1,1,131206034,105,145.61801952063576,-145.61801952063576,0.1
RSA,full_noise_campaign,es_stdp_teacher_off,2,504481559,ES+STDP teacher-free,poisson_inhibitory,25.0,0.0,256,1.294173922156915,0.0556640625,191.92750000000007,10.307439627242854,57,0.02783203125,0.79296875,False,False,False,,RSA|m2|p1|r1,2,1,1,330065559,105,145.61801952063576,-145.61801952063576,0.1
RSA,full_noise_campaign,es_stdp_teacher_off,2,504481559,ES+STDP teacher-free,poisson_inhibitory,50.0,0.0,256,1.2994159520603716,0.07470703125,198.24749999999997,10.533685257195334,81,0.03955078125,0.71875,False,False,False,,RSA|m2|p1|r1,2,1,1,145792106,105,145.61801952063576,-145.61801952063576,0.1
RSA,full_noise_campaign,es_stdp_teacher_off,2,504481559,ES+STDP teacher-free,poisson_inhibitory,100.0,0.0,256,1.3014817130751908,0.17822265625,208.5249999999998,11.136357281384697,257,0.12548828125,0.34765625,False,False,False,,RSA|m2|p1|r1,2,1,1,1967937039,105,145.61801952063576,-145.61801952063576,0.1
RSA,full_noise_campaign,es_stdp_teacher_off,2,504481559,ES+STDP teacher-free,poisson_mixed,5.0,0.0,256,1.3143516639247537,0.05029296875,185.61437499999994,10.131224376085832,50,0.0244140625,0.81640625,False,False,False,,RSA|m2|p1|r1,2,1,1,1674217075,105,145.61801952063576,-145.61801952063576,0.1
RSA,full_noise_campaign,es_stdp_teacher_off,2,504481559,ES+STDP teacher-free,poisson_mixed,10.0,0.0,256,1.2991125779226422,0.052734375,186.17125000000001,10.153727777162167,54,0.0263671875,0.796875,False,False,False,,RSA|m2|p1|r1,2,1,1,1101331234,105,145.61801952063576,-145.61801952063576,0.1
RSA,full_noise_campaign,es_stdp_teacher_off,2,504481559,ES+STDP teacher-free,poisson_mixed,25.0,0.0,256,1.2888263801578432,0.05859375,189.0831249999999,10.28357484979122,54,0.0263671875,0.8046875,False,False,False,,RSA|m2|p1|r1,2,1,1,1440389149,105,145.61801952063576,-145.61801952063576,0.1
RSA,full_noise_campaign,es_stdp_teacher_off,2,504481559,ES+STDP teacher-free,poisson_mixed,50.0,0.0,256,1.3014203750062734,0.0673828125,193.0925,10.456077747002094,67,0.03271484375,0.76171875,False,False,False,,RSA|m2|p1|r1,2,1,1,1321627082,105,145.61801952063576,-145.61801952063576,0.1
RSA,full_noise_campaign,es_stdp_teacher_off,2,504481559,ES+STDP teacher-free,poisson_mixed,100.0,0.0,256,1.3016762039624155,0.080078125,198.27187500000002,10.680126619774235,85,0.04150390625,0.72265625,False,False,False,,RSA|m2|p1|r1,2,1,1,356167147,105,145.61801952063576,-145.61801952063576,0.1
RSA,full_noise_campaign,es_stdp_teacher_off,2,1800423502,ES+STDP teacher-free,none,0.0,0.0,256,1.2920567819382995,0.05712890625,186.263125,10.135967877280793,56,0.02734375,0.79296875,False,False,False,,RSA|m2|p2|r0,2,2,0,368667596,105,145.61801952063576,-145.61801952063576,0.1
RSA,full_noise_campaign,es_stdp_teacher_off,2,1800423502,ES+STDP teacher-free,poisson_excitatory,5.0,0.0,256,1.2980985660105944,0.0546875,185.35937500000003,10.12366641742305,53,0.02587890625,0.80859375,False,False,False,,RSA|m2|p2|r0,2,2,0,880622696,105,145.61801952063576,-145.61801952063576,0.1
RSA,full_noise_campaign,es_stdp_teacher_off,2,1800423502,ES+STDP teacher-free,poisson_excitatory,10.0,0.0,256,1.3170231310650706,0.05810546875,185.5731250000001,10.167521634527606,59,0.02880859375,0.78515625,False,False,False,,RSA|m2|p2|r0,2,2,0,2014681454,105,145.61801952063576,-145.61801952063576,0.1
RSA,full_noise_campaign,es_stdp_teacher_off,2,1800423502,ES+STDP teacher-free,poisson_excitatory,25.0,0.0,256,1.302306676050648,0.07177734375,189.71499999999992,10.404713802206384,79,0.03857421875,0.734375,False,False,False,,RSA|m2|p2|r0,2,2,0,1819014251,105,145.61801952063576,-145.61801952063576,0.1
RSA,full_noise_campaign,es_stdp_teacher_off,2,1800423502,ES+STDP teacher-free,poisson_excitatory,50.0,0.0,256,1.2982951211743057,0.10595703125,204.81499999999986,11.11353322139922,134,0.0654296875,0.59375,False,False,False,,RSA|m2|p2|r0,2,2,0,2004291134,105,145.61801952063576,-145.61801952063576,0.1
RSA,full_noise_campaign,es_stdp_teacher_off,2,1800423502,ES+STDP teacher-free,poisson_excitatory,100.0,0.0,256,1.3080316190607846,0.24609375,250.37312499999993,13.115946347391493,322,0.1572265625,0.23828125,False,False,False,,RSA|m2|p2|r0,2,2,0,1206648510,105,145.61801952063576,-145.61801952063576,0.1
RSA,full_noise_campaign,es_stdp_teacher_off,2,1800423502,ES+STDP teacher-free,poisson_inhibitory,5.0,0.0,256,1.306609878083691,0.06591796875,188.13375000000005,10.194028463501843,65,0.03173828125,0.765625,False,False,False,,RSA|m2|p2|r0,2,2,0,1787831256,105,145.61801952063576,-145.61801952063576,0.1
RSA,full_noise_campaign,es_stdp_teacher_off,2,1800423502,ES+STDP teacher-free,poisson_inhibitory,10.0,0.0,256,1.2973706170450896,0.06103515625,188.171875,10.180638337800309,62,0.0302734375,0.78125,False,False,False,,RSA|m2|p2|r0,2,2,0,298694351,105,145.61801952063576,-145.61801952063576,0.1
RSA,full_noise_campaign,es_stdp_teacher_off,2,1800423502,ES+STDP teacher-free,poisson_inhibitory,25.0,0.0,256,1.3061847970820963,0.06689453125,192.45125000000007,10.306344369974676,69,0.03369140625,0.75,False,False,False,,RSA|m2|p2|r0,2,2,0,95673290,105,145.61801952063576,-145.61801952063576,0.1
RSA,full_noise_campaign,es_stdp_teacher_off,2,1800423502,ES+STDP teacher-free,poisson_inhibitory,50.0,0.0,256,1.3091722410172224,0.08544921875,200.698125,10.631328164272531,102,0.0498046875,0.64453125,False,False,False,,RSA|m2|p2|r0,2,2,0,514794013,105,145.61801952063576,-145.61801952063576,0.1
RSA,full_noise_campaign,es_stdp_teacher_off,2,1800423502,ES+STDP teacher-free,poisson_inhibitory,100.0,0.0,256,1.3220258068758994,0.1826171875,208.50312499999995,11.125771109731192,272,0.1328125,0.328125,False,False,False,,RSA|m2|p2|r0,2,2,0,277869696,105,145.61801952063576,-145.61801952063576,0.1
RSA,full_noise_campaign,es_stdp_teacher_off,2,1800423502,ES+STDP teacher-free,poisson_mixed,5.0,0.0,256,1.305151246022433,0.05322265625,185.70624999999995,10.1195849454536,58,0.0283203125,0.78125,False,False,False,,RSA|m2|p2|r0,2,2,0,1328973085,105,145.61801952063576,-145.61801952063576,0.1
RSA,full_noise_campaign,es_stdp_teacher_off,2,1800423502,ES+STDP teacher-free,poisson_mixed,10.0,0.0,256,1.3096149070188403,0.05517578125,186.42062499999997,10.150852890475715,53,0.02587890625,0.8046875,False,False,False,,RSA|m2|p2|r0,2,2,0,498822428,105,145.61801952063576,-145.61801952063576,0.1
RSA,full_noise_campaign,es_stdp_teacher_off,2,1800423502,ES+STDP teacher-free,poisson_mixed,25.0,0.0,256,1.3257273258641362,0.0703125,189.09937499999995,10.268135236931856,67,0.03271484375,0.77734375,False,False,False,,RSA|m2|p2|r0,2,2,0,163906079,105,145.61801952063576,-145.61801952063576,0.1
RSA,full_noise_campaign,es_stdp_teacher_off,2,1800423502,ES+STDP teacher-free,poisson_mixed,50.0,0.0,256,1.3154684139881283,0.07470703125,191.48249999999996,10.370683351960189,75,0.03662109375,0.7421875,False,False,False,,RSA|m2|p2|r0,2,2,0,316275664,105,145.61801952063576,-145.61801952063576,0.1
RSA,full_noise_campaign,es_stdp_teacher_off,2,1800423502,ES+STDP teacher-free,poisson_mixed,100.0,0.0,256,1.3036482618190348,0.0966796875,199.70749999999995,10.728992049915075,110,0.0537109375,0.640625,False,False,False,,RSA|m2|p2|r0,2,2,0,2080708493,105,145.61801952063576,-145.61801952063576,0.1
RSA,full_noise_campaign,es_stdp_teacher_off,2,475494624,ES+STDP teacher-free,none,0.0,0.0,256,1.3010777609888464,0.05712890625,186.263125,10.135967877280793,56,0.02734375,0.79296875,False,False,False,,RSA|m2|p2|r1,2,2,1,2050687177,105,145.61801952063576,-145.61801952063576,0.1
RSA,full_noise_campaign,es_stdp_teacher_off,2,475494624,ES+STDP teacher-free,poisson_excitatory,5.0,0.0,256,1.3223610159475356,0.0498046875,184.10375,10.072567034884214,50,0.0244140625,0.8125,False,False,False,,RSA|m2|p2|r1,2,2,1,894982468,105,145.61801952063576,-145.61801952063576,0.1
RSA,full_noise_campaign,es_stdp_teacher_off,2,475494624,ES+STDP teacher-free,poisson_excitatory,10.0,0.0,256,1.296125769848004,0.05712890625,185.48312500000006,10.152302899254583,53,0.02587890625,0.8046875,False,False,False,,RSA|m2|p2|r1,2,2,1,1570638197,105,145.61801952063576,-145.61801952063576,0.1
RSA,full_noise_campaign,es_stdp_teacher_off,2,475494624,ES+STDP teacher-free,poisson_excitatory,25.0,0.0,256,1.294480229029432,0.0703125,191.15937500000007,10.478442831952364,73,0.03564453125,0.74609375,False,False,False,,RSA|m2|p2|r1,2,2,1,1239442554,105,145.61801952063576,-145.61801952063576,0.1
RSA,full_noise_campaign,es_stdp_teacher_off,2,475494624,ES+STDP teacher-free,poisson_excitatory,50.0,0.0,256,1.2973418501205742,0.130859375,208.29125000000002,11.285184679870929,141,0.06884765625,0.55078125,False,False,False,,RSA|m2|p2|r1,2,2,1,1392287303,105,145.61801952063576,-145.61801952063576,0.1
RSA,full_noise_campaign,es_stdp_teacher_off,2,475494624,ES+STDP teacher-free,poisson_excitatory,100.0,0.0,256,1.3137978590093553,0.26513671875,250.69562499999995,13.085461946842301,310,0.1513671875,0.2734375,False,False,False,,RSA|m2|p2|r1,2,2,1,553015342,105,145.61801952063576,-145.61801952063576,0.1
RSA,full_noise_campaign,es_stdp_teacher_off,2,475494624,ES+STDP teacher-free,poisson_inhibitory,5.0,0.0,256,1.30477768718265,0.05859375,187.16187500000007,10.154011636534026,57,0.02783203125,0.79296875,False,False,False,,RSA|m2|p2|r1,2,2,1,1807042228,105,145.61801952063576,-145.61801952063576,0.1
RSA,full_noise_campaign,es_stdp_teacher_off,2,475494624,ES+STDP teacher-free,poisson_inhibitory,10.0,0.0,256,1.2918956549838185,0.0625,188.96124999999998,10.211674226064144,63,0.03076171875,0.76953125,False,False,False,,RSA|m2|p2|r1,2,2,1,877012694,105,145.61801952063576,-145.61801952063576,0.1
RSA,full_noise_campaign,es_stdp_teacher_off,2,475494624,ES+STDP teacher-free,poisson_inhibitory,25.0,0.0,256,1.306716931052506,0.06298828125,192.2537499999999,10.307813647584524,64,0.03125,0.76953125,False,False,False,,RSA|m2|p2|r1,2,2,1,540560345,105,145.61801952063576,-145.61801952063576,0.1
RSA,full_noise_campaign,es_stdp_teacher_off,2,475494624,ES+STDP teacher-free,poisson_inhibitory,50.0,0.0,256,1.3071922140661627,0.091796875,200.77812500000007,10.633880023679913,103,0.05029296875,0.6640625,False,False,False,,RSA|m2|p2|r1,2,2,1,992260646,105,145.61801952063576,-145.61801952063576,0.1
RSA,full_noise_campaign,es_stdp_teacher_off,2,475494624,ES+STDP teacher-free,poisson_inhibitory,100.0,0.0,256,1.2950814310461283,0.19140625,209.80874999999992,11.185411760911336,289,0.14111328125,0.29296875,False,False,False,,RSA|m2|p2|r1,2,2,1,2006078188,105,145.61801952063576,-145.61801952063576,0.1
RSA,full_noise_campaign,es_stdp_teacher_off,2,475494624,ES+STDP teacher-free,poisson_mixed,5.0,0.0,256,1.301484052091837,0.05712890625,186.064375,10.131583155428826,54,0.0263671875,0.80078125,False,False,False,,RSA|m2|p2|r1,2,2,1,416548054,105,145.61801952063576,-145.61801952063576,0.1
RSA,full_noise_campaign,es_stdp_teacher_off,2,475494624,ES+STDP teacher-free,poisson_mixed,10.0,0.0,256,1.3061328609474003,0.0576171875,186.4050000000001,10.142170399520525,57,0.02783203125,0.79296875,False,False,False,,RSA|m2|p2|r1,2,2,1,2027706338,105,145.61801952063576,-145.61801952063576,0.1
RSA,full_noise_campaign,es_stdp_teacher_off,2,475494624,ES+STDP teacher-free,poisson_mixed,25.0,0.0,256,1.3072339568752795,0.06005859375,187.80125000000012,10.204415961437372,59,0.02880859375,0.78515625,False,False,False,,RSA|m2|p2|r1,2,2,1,1822571229,105,145.61801952063576,-145.61801952063576,0.1
RSA,full_noise_campaign,es_stdp_teacher_off,2,475494624,ES+STDP teacher-free,poisson_mixed,50.0,0.0,256,1.3103241520002484,0.07666015625,193.13625000000008,10.443711705203174,79,0.03857421875,0.734375,False,False,False,,RSA|m2|p2|r1,2,2,1,2008989962,105,145.61801952063576,-145.61801952063576,0.1
RSA,full_noise_campaign,es_stdp_teacher_off,2,475494624,ES+STDP teacher-free,poisson_mixed,100.0,0.0,256,1.3021211170125753,0.0849609375,197.88312499999986,10.65193713630387,88,0.04296875,0.69140625,False,False,False,,RSA|m2|p2|r1,2,2,1,1675597094,105,145.61801952063576,-145.61801952063576,0.1
RSA,full_noise_campaign,es_stdp_teacher_off,2,1787961919,ES+STDP teacher-free,none,0.0,0.0,256,1.3267580789979547,0.05126953125,186.11375000000015,10.160150931550167,55,0.02685546875,0.80859375,False,False,False,,RSA|m2|p3|r0,2,3,0,240920568,105,145.61801952063576,-145.61801952063576,0.1
RSA,full_noise_campaign,es_stdp_teacher_off,2,1787961919,ES+STDP teacher-free,poisson_excitatory,5.0,0.0,256,1.3013697760179639,0.05078125,184.7006250000001,10.124430275745393,55,0.02685546875,0.80859375,False,False,False,,RSA|m2|p3|r0,2,3,0,1398840020,105,145.61801952063576,-145.61801952063576,0.1
RSA,full_noise_campaign,es_stdp_teacher_off,2,1787961919,ES+STDP teacher-free,poisson_excitatory,10.0,0.0,256,1.3030765280127525,0.05419921875,185.6975,10.193632674057447,57,0.02783203125,0.79296875,False,False,False,,RSA|m2|p3|r0,2,3,0,379159087,105,145.61801952063576,-145.61801952063576,0.1
RSA,full_noise_campaign,es_stdp_teacher_off,2,1787961919,ES+STDP teacher-free,poisson_excitatory,25.0,0.0,256,1.298331379890442,0.07861328125,192.71312500000008,10.548772286893964,89,0.04345703125,0.7109375,False,False,False,,RSA|m2|p3|r0,2,3,0,48754474,105,145.61801952063576,-145.61801952063576,0.1
RSA,full_noise_campaign,es_stdp_teacher_off,2,1787961919,ES+STDP teacher-free,poisson_excitatory,50.0,0.0,256,1.319342679809779,0.11376953125,206.75187499999996,11.234613818918213,117,0.05712890625,0.59375,False,False,False,,RSA|m2|p3|r0,2,3,0,435885437,105,145.61801952063576,-145.61801952063576,0.1
RSA,full_noise_campaign,es_stdp_teacher_off,2,1787961919,ES+STDP teacher-free,poisson_excitatory,100.0,0.0,256,1.3049922389909625,0.2392578125,250.02375000000015,13.087822210764294,288,0.140625,0.3125,False,False,False,,RSA|m2|p3|r0,2,3,0,1180566451,105,145.61801952063576,-145.61801952063576,0.1
RSA,full_noise_campaign,es_stdp_teacher_off,2,1787961919,ES+STDP teacher-free,poisson_inhibitory,5.0,0.0,256,1.2914964540395886,0.05615234375,187.13312500000004,10.182124062272994,58,0.0283203125,0.79296875,False,False,False,,RSA|m2|p3|r0,2,3,0,227378532,105,145.61801952063576,-145.61801952063576,0.1
RSA,full_noise_campaign,es_stdp_teacher_off,2,1787961919,ES+STDP teacher-free,poisson_inhibitory,10.0,0.0,256,1.305417702998966,0.05126953125,187.53812500000004,10.180835665611486,56,0.02734375,0.8046875,False,False,False,,RSA|m2|p3|r0,2,3,0,2135010830,105,145.61801952063576,-145.61801952063576,0.1
RSA,full_noise_campaign,es_stdp_teacher_off,2,1787961919,ES+STDP teacher-free,poisson_inhibitory,25.0,0.0,256,1.2965752468444407,0.05810546875,190.97312499999987,10.278703798002791,64,0.03125,0.77734375,False,False,False,,RSA|m2|p3|r0,2,3,0,1799340299,105,145.61801952063576,-145.61801952063576,0.1
RSA,full_noise_campaign,es_stdp_teacher_off,2,1787961919,ES+STDP teacher-free,poisson_inhibitory,50.0,0.0,256,1.2974671088159084,0.07666015625,198.32874999999996,10.549436216964093,80,0.0390625,0.73046875,False,False,False,,RSA|m2|p3|r0,2,3,0,1881357022,105,145.61801952063576,-145.61801952063576,0.1
RSA,full_noise_campaign,es_stdp_teacher_off,2,1787961919,ES+STDP teacher-free,poisson_inhibitory,100.0,0.0,256,1.2994726030156016,0.181640625,207.93625000000006,11.127438166166897,289,0.14111328125,0.30078125,False,False,False,,RSA|m2|p3|r0,2,3,0,289016179,105,145.61801952063576,-145.61801952063576,0.1
RSA,full_noise_campaign,es_stdp_teacher_off,2,1787961919,ES+STDP teacher-free,poisson_mixed,5.0,0.0,256,1.3261497139465064,0.05322265625,185.96187500000008,10.15506060506274,56,0.02734375,0.8046875,False,False,False,,RSA|m2|p3|r0,2,3,0,1357645720,105,145.61801952063576,-145.61801952063576,0.1
RSA,full_noise_campaign,es_stdp_teacher_off,2,1787961919,ES+STDP teacher-free,poisson_mixed,10.0,0.0,256,1.2969203540124,0.05078125,185.665625,10.139992955160338,50,0.0244140625,0.8203125,False,False,False,,RSA|m2|p3|r0,2,3,0,177408092,105,145.61801952063576,-145.61801952063576,0.1
RSA,full_noise_campaign,es_stdp_teacher_off,2,1787961919,ES+STDP teacher-free,poisson_mixed,25.0,0.0,256,1.306159300962463,0.05517578125,187.09312500000001,10.19981074129434,58,0.0283203125,0.7890625,False,False,False,,RSA|m2|p3|r0,2,3,0,518874463,105,145.61801952063576,-145.61801952063576,0.1
RSA,full_noise_campaign,es_stdp_teacher_off,2,1787961919,ES+STDP teacher-free,poisson_mixed,50.0,0.0,256,1.2975077570881695,0.072265625,192.05187500000008,10.413223493544582,75,0.03662109375,0.74609375,False,False,False,,RSA|m2|p3|r0,2,3,0,99721104,105,145.61801952063576,-145.61801952063576,0.1
RSA,full_noise_campaign,es_stdp_teacher_off,2,1787961919,ES+STDP teacher-free,poisson_mixed,100.0,0.0,256,1.3131264529656619,0.095703125,198.57499999999987,10.692181863586182,106,0.0517578125,0.63671875,False,False,False,,RSA|m2|p3|r0,2,3,0,1735851488,105,145.61801952063576,-145.61801952063576,0.1
RSA,full_noise_campaign,es_stdp_teacher_off,2,496308909,ES+STDP teacher-free,none,0.0,0.0,256,1.30352371186018,0.05126953125,186.11375000000015,10.160150931550167,55,0.02685546875,0.80859375,False,False,False,,RSA|m2|p3|r1,2,3,1,1637764379,105,145.61801952063576,-145.61801952063576,0.1
RSA,full_noise_campaign,es_stdp_teacher_off,2,496308909,ES+STDP teacher-free,poisson_excitatory,5.0,0.0,256,1.2937790278811008,0.05224609375,185.1275000000001,10.135273153106102,57,0.02783203125,0.796875,False,False,False,,RSA|m2|p3|r1,2,3,1,1380319160,105,145.61801952063576,-145.61801952063576,0.1
RSA,full_noise_campaign,es_stdp_teacher_off,2,496308909,ES+STDP teacher-free,poisson_excitatory,10.0,0.0,256,1.3134988159872591,0.05419921875,185.29312500000003,10.170691371338904,57,0.02783203125,0.79296875,False,False,False,,RSA|m2|p3|r1,2,3,1,856822326,105,145.61801952063576,-145.61801952063576,0.1
RSA,full_noise_campaign,es_stdp_teacher_off,2,496308909,ES+STDP teacher-free,poisson_excitatory,25.0,0.0,256,1.3124804359395057,0.07666015625,191.4949999999999,10.500757605137819,83,0.04052734375,0.71875,False,False,False,,RSA|m2|p3|r1,2,3,1,661421881,105,145.61801952063576,-145.61801952063576,0.1
RSA,full_noise_campaign,es_stdp_teacher_off,2,496308909,ES+STDP teacher-free,poisson_excitatory,50.0,0.0,256,1.2983060760889202,0.11181640625,206.67875000000015,11.224743546339923,122,0.0595703125,0.6328125,False,False,False,,RSA|m2|p3|r1,2,3,1,1014007174,105,145.61801952063576,-145.61801952063576,0.1
RSA,full_noise_campaign,es_stdp_teacher_off,2,496308909,ES+STDP teacher-free,poisson_excitatory,100.0,0.0,256,1.3052228351589292,0.22509765625,249.35500000000002,13.05969296840527,282,0.1376953125,0.30859375,False,False,False,,RSA|m2|p3|r1,2,3,1,558081353,105,145.61801952063576,-145.61801952063576,0.1
RSA,full_noise_campaign,es_stdp_teacher_off,2,496308909,ES+STDP teacher-free,poisson_inhibitory,5.0,0.0,256,1.3074473089072853,0.05419921875,186.88187500000015,10.168084440980515,59,0.02880859375,0.78515625,False,False,False,,RSA|m2|p3|r1,2,3,1,212394056,105,145.61801952063576,-145.61801952063576,0.1
RSA,full_noise_campaign,es_stdp_teacher_off,2,496308909,ES+STDP teacher-free,poisson_inhibitory,10.0,0.0,256,1.2994805909693241,0.0546875,188.4075000000002,10.21637593023577,56,0.02734375,0.8046875,False,False,False,,RSA|m2|p3|r1,2,3,1,1523203605,105,145.61801952063576,-145.61801952063576,0.1
RSA,full_noise_campaign,es_stdp_teacher_off,2,496308909,ES+STDP teacher-free,poisson_inhibitory,25.0,0.0,256,1.2951852779369801,0.06201171875,192.14187499999997,10.328805419901588,61,0.02978515625,0.78125,False,False,False,,RSA|m2|p3|r1,2,3,1,1320440090,105,145.61801952063576,-145.61801952063576,0.1
RSA,full_noise_campaign,es_stdp_teacher_off,2,496308909,ES+STDP teacher-free,poisson_inhibitory,50.0,0.0,256,1.2960175229236484,0.0810546875,198.82750000000004,10.583784088490333,87,0.04248046875,0.6875,False,False,False,,RSA|m2|p3|r1,2,3,1,1437117159,105,145.61801952063576,-145.61801952063576,0.1
RSA,full_noise_campaign,es_stdp_teacher_off,2,496308909,ES+STDP teacher-free,poisson_inhibitory,100.0,0.0,256,1.3086983577813953,0.1748046875,208.14937499999974,11.147867661703962,264,0.12890625,0.32421875,False,False,False,,RSA|m2|p3|r1,2,3,1,1982312457,105,145.61801952063576,-145.61801952063576,0.1
RSA,full_noise_campaign,es_stdp_teacher_off,2,496308909,ES+STDP teacher-free,poisson_mixed,5.0,0.0,256,1.3009913810528815,0.05224609375,185.90750000000003,10.152841923689438,53,0.02587890625,0.81640625,False,False,False,,RSA|m2|p3|r1,2,3,1,118392671,105,145.61801952063576,-145.61801952063576,0.1
RSA,full_noise_campaign,es_stdp_teacher_off,2,496308909,ES+STDP teacher-free,poisson_mixed,10.0,0.0,256,1.3059543860144913,0.05419921875,185.830625,10.144422293487427,55,0.02685546875,0.80078125,False,False,False,,RSA|m2|p3|r1,2,3,1,1878274978,105,145.61801952063576,-145.61801952063576,0.1
RSA,full_noise_campaign,es_stdp_teacher_off,2,496308909,ES+STDP teacher-free,poisson_mixed,25.0,0.0,256,1.3194491318427026,0.05908203125,188.09062499999993,10.24436283023144,61,0.02978515625,0.78125,False,False,False,,RSA|m2|p3|r1,2,3,1,2072665757,105,145.61801952063576,-145.61801952063576,0.1
RSA,full_noise_campaign,es_stdp_teacher_off,2,496308909,ES+STDP teacher-free,poisson_mixed,50.0,0.0,256,1.2991119408980012,0.06787109375,192.03812500000004,10.41556696832564,69,0.03369140625,0.75,False,False,False,,RSA|m2|p3|r1,2,3,1,1620485194,105,145.61801952063576,-145.61801952063576,0.1
RSA,full_noise_campaign,es_stdp_teacher_off,2,496308909,ES+STDP teacher-free,poisson_mixed,100.0,0.0,256,1.3016694269608706,0.0888671875,199.07312500000003,10.718229565796893,97,0.04736328125,0.66796875,False,False,False,,RSA|m2|p3|r1,2,3,1,2024570451,105,145.61801952063576,-145.61801952063576,0.1
ECIES,full_noise_campaign,es_stdp_teacher_off,0,1948053520,ES+STDP teacher-free,none,0.0,0.0,198,1.0011771109420806,0.0,137.57437500000012,8.645942464649126,0,0.0,1.0,True,True,True,1.0,ECIES|m0|p0|r0,0,0,0,1675646934,105,145.61801952063576,-145.61801952063576,0.1
ECIES,full_noise_campaign,es_stdp_teacher_off,0,1948053520,ES+STDP teacher-free,poisson_excitatory,5.0,0.0,198,1.0026327860541642,0.0031565656565656565,137.0612500000001,8.643806612956858,2,0.0012626262626262627,0.98989898989899,False,False,False,,ECIES|m0|p0|r0,0,0,0,1854104350,105,145.61801952063576,-145.61801952063576,0.1
ECIES,full_noise_campaign,es_stdp_teacher_off,0,1948053520,ES+STDP teacher-free,poisson_excitatory,10.0,0.0,198,1.0129394999239594,0.010101010101010102,137.69999999999993,8.694344773227876,4,0.0025252525252525255,0.9797979797979798,False,False,False,,ECIES|m0|p0|r0,0,0,0,488298818,105,145.61801952063576,-145.61801952063576,0.1
ECIES,full_noise_campaign,es_stdp_teacher_off,0,1948053520,ES+STDP teacher-free,poisson_excitatory,25.0,0.0,198,1.0016818018630147,0.03851010101010101,143.0868749999999,8.997910135541764,35,0.022095959595959596,0.8383838383838383,False,False,False,,ECIES|m0|p0|r0,0,0,0,157594685,105,145.61801952063576,-145.61801952063576,0.1
ECIES,full_noise_campaign,es_stdp_teacher_off,0,1948053520,ES+STDP teacher-free,poisson_excitatory,50.0,0.0,198,1.008715634001419,0.10795454545454546,157.48562499999986,9.737438324875466,95,0.05997474747474747,0.6212121212121212,False,False,False,,ECIES|m0|p0|r0,0,0,0,309874282,105,145.61801952063576,-145.61801952063576,0.1
ECIES,full_noise_campaign,es_stdp_teacher_off,0,1948053520,ES+STDP teacher-free,poisson_excitatory,100.0,0.0,198,1.005112400976941,0.24053030303030304,191.43374999999997,11.390736945562242,231,0.14583333333333334,0.3282828282828283,False,False,False,,ECIES|m0|p0|r0,0,0,0,896332229,105,145.61801952063576,-145.61801952063576,0.1
ECIES,full_noise_campaign,es_stdp_teacher_off,0,1948053520,ES+STDP teacher-free,poisson_inhibitory,5.0,0.0,198,0.9988537339959294,0.0025252525252525255,138.52312500000005,8.67208803925766,1,0.0006313131313131314,0.9949494949494949,False,False,False,,ECIES|m0|p0|r0,0,0,0,812547466,105,145.61801952063576,-145.61801952063576,0.1
ECIES,full_noise_campaign,es_stdp_teacher_off,0,1948053520,ES+STDP teacher-free,poisson_inhibitory,10.0,0.0,198,1.0026318922173232,0.005050505050505051,139.63375000000013,8.709037886720868,4,0.0025252525252525255,0.9797979797979798,False,False,False,,ECIES|m0|p0|r0,0,0,0,1958934305,105,145.61801952063576,-145.61801952063576,0.1
ECIES,full_noise_campaign,es_stdp_teacher_off,0,1948053520,ES+STDP teacher-free,poisson_inhibitory,25.0,0.0,198,1.0151500820647925,0.013257575757575758,142.81437500000004,8.811330273947416,8,0.005050505050505051,0.9595959595959596,False,False,False,,ECIES|m0|p0|r0,0,0,0,1622973470,105,145.61801952063576,-145.61801952063576,0.1
ECIES,full_noise_campaign,es_stdp_teacher_off,0,1948053520,ES+STDP teacher-free,poisson_inhibitory,50.0,0.0,198,1.0122761470265687,0.03282828282828283,147.42750000000007,9.006105308584068,29,0.018308080808080808,0.8585858585858586,False,False,False,,ECIES|m0|p0|r0,0,0,0,2074108363,105,145.61801952063576,-145.61801952063576,0.1
ECIES,full_noise_campaign,es_stdp_teacher_off,0,1948053520,ES+STDP teacher-free,poisson_inhibitory,100.0,0.0,198,1.0100318111944944,0.17866161616161616,156.58062499999997,9.593920116475655,205,0.1294191919191919,0.30808080808080807,False,False,False,,ECIES|m0|p0|r0,0,0,0,1644755845,105,145.61801952063576,-145.61801952063576,0.1
ECIES,full_noise_campaign,es_stdp_teacher_off,0,1948053520,ES+STDP teacher-free,poisson_mixed,5.0,0.0,198,1.001757482998073,0.001893939393939394,137.61250000000007,8.650739532016427,1,0.0006313131313131314,0.9949494949494949,False,False,False,,ECIES|m0|p0|r0,0,0,0,1570113209,105,145.61801952063576,-145.61801952063576,0.1
ECIES,full_noise_campaign,es_stdp_teacher_off,0,1948053520,ES+STDP teacher-free,poisson_mixed,10.0,0.0,198,1.0158120240084827,0.005050505050505051,137.9831250000001,8.669184650730573,4,0.0025252525252525255,0.9797979797979798,False,False,False,,ECIES|m0|p0|r0,0,0,0,1142616463,105,145.61801952063576,-145.61801952063576,0.1
ECIES,full_noise_campaign,es_stdp_teacher_off,0,1948053520,ES+STDP teacher-free,poisson_mixed,25.0,0.0,198,1.0013525700196624,0.010732323232323232,140.1625,8.77062986527465,10,0.006313131313131313,0.9494949494949495,False,False,False,,ECIES|m0|p0|r0,0,0,0,1348770956,105,145.61801952063576,-145.61801952063576,0.1
ECIES,full_noise_campaign,es_stdp_teacher_off,0,1948053520,ES+STDP teacher-free,poisson_mixed,50.0,0.0,198,1.0161099468823522,0.02462121212121212,143.32625000000002,8.917814405391653,21,0.013257575757575758,0.898989898989899,False,False,False,,ECIES|m0|p0|r0,0,0,0,1266181725,105,145.61801952063576,-145.61801952063576,0.1
ECIES,full_noise_campaign,es_stdp_teacher_off,0,1948053520,ES+STDP teacher-free,poisson_mixed,100.0,0.0,198,1.0078986319713295,0.05113636363636364,148.581875,9.16678617979845,47,0.029671717171717172,0.7878787878787878,False,False,False,,ECIES|m0|p0|r0,0,0,0,2084163934,105,145.61801952063576,-145.61801952063576,0.1
ECIES,full_noise_campaign,es_stdp_teacher_off,0,52158366,ES+STDP teacher-free,none,0.0,0.0,198,1.0033335969783366,0.0,137.57437500000012,8.645942464649126,0,0.0,1.0,True,True,True,1.0,ECIES|m0|p0|r1,0,0,1,203570365,105,145.61801952063576,-145.61801952063576,0.1
ECIES,full_noise_campaign,es_stdp_teacher_off,0,52158366,ES+STDP teacher-free,poisson_excitatory,5.0,0.0,198,0.9932533889077604,0.001893939393939394,137.17000000000004,8.646627558650255,2,0.0012626262626262627,0.98989898989899,False,False,False,,ECIES|m0|p0|r1,0,0,1,1873151998,105,145.61801952063576,-145.61801952063576,0.1
ECIES,full_noise_campaign,es_stdp_teacher_off,0,52158366,ES+STDP teacher-free,poisson_excitatory,10.0,0.0,198,1.0034761792048812,0.003787878787878788,137.64875000000006,8.68880896716805,4,0.0025252525252525255,0.9797979797979798,False,False,False,,ECIES|m0|p0|r1,0,0,1,949045571,105,145.61801952063576,-145.61801952063576,0.1
ECIES,full_noise_campaign,es_stdp_teacher_off,0,52158366,ES+STDP teacher-free,poisson_excitatory,25.0,0.0,198,0.9960443589370698,0.03282828282828283,143.14312499999988,9.015465801101868,27,0.017045454545454544,0.8787878787878788,False,False,False,,ECIES|m0|p0|r1,0,0,1,753869894,105,145.61801952063576,-145.61801952063576,0.1
ECIES,full_noise_campaign,es_stdp_teacher_off,0,52158366,ES+STDP teacher-free,poisson_excitatory,50.0,0.0,198,0.9960272628813982,0.0928030303030303,155.75499999999997,9.65340093746725,82,0.05176767676767677,0.6767676767676767,False,False,False,,ECIES|m0|p0|r1,0,0,1,938729081,105,145.61801952063576,-145.61801952063576,0.1
ECIES,full_noise_campaign,es_stdp_teacher_off,0,52158366,ES+STDP teacher-free,poisson_excitatory,100.0,0.0,198,1.0068210610188544,0.2335858585858586,192.56187499999996,11.450731115382702,216,0.13636363636363635,0.31313131313131315,False,False,False,,ECIES|m0|p0|r1,0,0,1,1383159607,105,145.61801952063576,-145.61801952063576,0.1
ECIES,full_noise_campaign,es_stdp_teacher_off,0,52158366,ES+STDP teacher-free,poisson_inhibitory,5.0,0.0,198,0.9937574020586908,0.0025252525252525255,138.54562500000003,8.67580588989534,2,0.0012626262626262627,0.98989898989899,False,False,False,,ECIES|m0|p0|r1,0,0,1,827005042,105,145.61801952063576,-145.61801952063576,0.1
ECIES,full_noise_campaign,es_stdp_teacher_off,0,52158366,ES+STDP teacher-free,poisson_inhibitory,10.0,0.0,198,1.0103870930615813,0.006313131313131313,139.62875000000008,8.708090686554781,5,0.0031565656565656565,0.9747474747474747,False,False,False,,ECIES|m0|p0|r1,0,0,1,1363765026,105,145.61801952063576,-145.61801952063576,0.1
ECIES,full_noise_campaign,es_stdp_teacher_off,0,52158366,ES+STDP teacher-free,poisson_inhibitory,25.0,0.0,198,1.006540719885379,0.022095959595959596,142.90000000000006,8.820054332213445,14,0.008838383838383838,0.9292929292929293,False,False,False,,ECIES|m0|p0|r1,0,0,1,1161235495,105,145.61801952063576,-145.61801952063576,0.1
ECIES,full_noise_campaign,es_stdp_teacher_off,0,52158366,ES+STDP teacher-free,poisson_inhibitory,50.0,0.0,198,1.0132682239636779,0.034722222222222224,147.73562499999997,9.021804785123296,30,0.01893939393939394,0.8535353535353536,False,False,False,,ECIES|m0|p0|r1,0,0,1,1579938266,105,145.61801952063576,-145.61801952063576,0.1
ECIES,full_noise_campaign,es_stdp_teacher_off,0,52158366,ES+STDP teacher-free,poisson_inhibitory,100.0,0.0,198,1.0076803769916296,0.1830808080808081,156.6331249999999,9.626106039147237,204,0.12878787878787878,0.29292929292929293,False,False,False,,ECIES|m0|p0|r1,0,0,1,85286391,105,145.61801952063576,-145.61801952063576,0.1
ECIES,full_noise_campaign,es_stdp_teacher_off,0,52158366,ES+STDP teacher-free,poisson_mixed,5.0,0.0,198,1.0071228181477636,0.0006313131313131314,137.85250000000013,8.661411672658815,1,0.0006313131313131314,0.9949494949494949,False,False,False,,ECIES|m0|p0|r1,0,0,1,175408898,105,145.61801952063576,-145.61801952063576,0.1
ECIES,full_noise_campaign,es_stdp_teacher_off,0,52158366,ES+STDP teacher-free,poisson_mixed,10.0,0.0,198,1.0054153671953827,0.005050505050505051,138.48812500000008,8.690755949397811,3,0.001893939393939394,0.9848484848484849,False,False,False,,ECIES|m0|p0|r1,0,0,1,561891917,105,145.61801952063576,-145.61801952063576,0.1
ECIES,full_noise_campaign,es_stdp_teacher_off,0,52158366,ES+STDP teacher-free,poisson_mixed,25.0,0.0,198,1.0046208191197366,0.017676767676767676,140.111875,8.771639117724783,13,0.008207070707070708,0.9343434343434344,False,False,False,,ECIES|m0|p0|r1,0,0,1,889431890,105,145.61801952063576,-145.61801952063576,0.1
ECIES,full_noise_campaign,es_stdp_teacher_off,0,52158366,ES+STDP teacher-free,poisson_mixed,50.0,0.0,198,1.0045239641331136,0.028409090909090908,142.35375000000013,8.8769881589851,23,0.01452020202020202,0.8888888888888888,False,False,False,,ECIES|m0|p0|r1,0,0,1,773807519,105,145.61801952063576,-145.61801952063576,0.1
ECIES,full_noise_campaign,es_stdp_teacher_off,0,52158366,ES+STDP teacher-free,poisson_mixed,100.0,0.0,198,1.00414524320513,0.049873737373737376,147.98874999999998,9.152413466272757,45,0.028409090909090908,0.8131313131313131,False,False,False,,ECIES|m0|p0|r1,0,0,1,1675842261,105,145.61801952063576,-145.61801952063576,0.1
ECIES,full_noise_campaign,es_stdp_teacher_off,0,1977517565,ES+STDP teacher-free,none,0.0,0.0,198,1.0019054510630667,0.0,137.1625,8.63640982890183,0,0.0,1.0,True,True,True,1.0,ECIES|m0|p1|r0,0,1,0,2017795054,105,145.61801952063576,-145.61801952063576,0.1
ECIES,full_noise_campaign,es_stdp_teacher_off,0,1977517565,ES+STDP teacher-free,poisson_excitatory,5.0,0.0,198,0.9990457741077989,0.003787878787878788,136.59625,8.633571682917744,5,0.0031565656565656565,0.9797979797979798,False,False,False,,ECIES|m0|p1|r0,0,1,0,161399950,105,145.61801952063576,-145.61801952063576,0.1
ECIES,full_noise_campaign,es_stdp_teacher_off,0,1977517565,ES+STDP teacher-free,poisson_excitatory,10.0,0.0,198,1.0130693539977074,0.00946969696969697,137.63500000000005,8.693100259806158,11,0.006944444444444444,0.9494949494949495,False,False,False,,ECIES|m0|p1|r0,0,1,0,1939260033,105,145.61801952063576,-145.61801952063576,0.1
ECIES,full_noise_campaign,es_stdp_teacher_off,0,1977517565,ES+STDP teacher-free,poisson_excitatory,25.0,0.0,198,1.00852764910087,0.03535353535353535,142.916875,9.016744936422029,32,0.020202020202020204,0.8535353535353536,False,False,False,,ECIES|m0|p1|r0,0,1,0,1743302526,105,145.61801952063576,-145.61801952063576,0.1
ECIES,full_noise_campaign,es_stdp_teacher_off,0,1977517565,ES+STDP teacher-free,poisson_excitatory,50.0,0.0,198,1.0181150899734348,0.10037878787878787,156.17999999999984,9.690138146963106,92,0.05808080808080808,0.601010101010101,False,False,False,,ECIES|m0|p1|r0,0,1,0,2096387371,105,145.61801952063576,-145.61801952063576,0.1
ECIES,full_noise_campaign,es_stdp_teacher_off,0,1977517565,ES+STDP teacher-free,poisson_excitatory,100.0,0.0,198,1.0142913600429893,0.24494949494949494,191.98249999999993,11.400985402540353,204,0.12878787878787878,0.3434343434343434,False,False,False,,ECIES|m0|p1|r0,0,1,0,886639794,105,145.61801952063576,-145.61801952063576,0.1
ECIES,full_noise_campaign,es_stdp_teacher_off,0,1977517565,ES+STDP teacher-free,poisson_inhibitory,5.0,0.0,198,1.0036398281808943,0.0025252525252525255,138.14750000000004,8.664652188615602,2,0.0012626262626262627,0.98989898989899,False,False,False,,ECIES|m0|p1|r0,0,1,0,1467210786,105,145.61801952063576,-145.61801952063576,0.1
ECIES,full_noise_campaign,es_stdp_teacher_off,0,1977517565,ES+STDP teacher-free,poisson_inhibitory,10.0,0.0,198,1.018678444903344,0.003787878787878788,139.15499999999997,8.689988902892882,4,0.0025252525252525255,0.9797979797979798,False,False,False,,ECIES|m0|p1|r0,0,1,0,441380322,105,145.61801952063576,-145.61801952063576,0.1
ECIES,full_noise_campaign,es_stdp_teacher_off,0,1977517565,ES+STDP teacher-free,poisson_inhibitory,25.0,0.0,198,1.0062516909092665,0.013888888888888888,142.2712499999999,8.792025205031564,14,0.008838383838383838,0.9292929292929293,False,False,False,,ECIES|m0|p1|r0,0,1,0,238059741,105,145.61801952063576,-145.61801952063576,0.1
ECIES,full_noise_campaign,es_stdp_teacher_off,0,1977517565,ES+STDP teacher-free,poisson_inhibitory,50.0,0.0,198,1.0062030740082264,0.03156565656565657,147.56374999999997,9.01202007721723,28,0.017676767676767676,0.8686868686868687,False,False,False,,ECIES|m0|p1|r0,0,1,0,355236618,105,145.61801952063576,-145.61801952063576,0.1
ECIES,full_noise_campaign,es_stdp_teacher_off,0,1977517565,ES+STDP teacher-free,poisson_inhibitory,100.0,0.0,198,1.0071526570245624,0.18686868686868688,156.66812499999975,9.599429286343089,187,0.11805555555555555,0.35858585858585856,False,False,False,,ECIES|m0|p1|r0,0,1,0,1673332336,105,145.61801952063576,-145.61801952063576,0.1
ECIES,full_noise_campaign,es_stdp_teacher_off,0,1977517565,ES+STDP teacher-free,poisson_mixed,5.0,0.0,198,1.0051999199204147,0.0012626262626262627,137.32062500000006,8.642157807965805,1,0.0006313131313131314,0.9949494949494949,False,False,False,,ECIES|m0|p1|r0,0,1,0,1112311100,105,145.61801952063576,-145.61801952063576,0.1
ECIES,full_noise_campaign,es_stdp_teacher_off,0,1977517565,ES+STDP teacher-free,poisson_mixed,10.0,0.0,198,1.0097977719269693,0.005681818181818182,137.915,8.674743586412074,5,0.0031565656565656565,0.9797979797979798,False,False,False,,ECIES|m0|p1|r0,0,1,0,1395824079,105,145.61801952063576,-145.61801952063576,0.1
ECIES,full_noise_campaign,es_stdp_teacher_off,0,1977517565,ES+STDP teacher-free,poisson_mixed,25.0,0.0,198,0.9944119409192353,0.013257575757575758,139.23000000000002,8.742396214975843,14,0.008838383838383838,0.9393939393939394,False,False,False,,ECIES|m0|p1|r0,0,1,0,1196226764,105,145.61801952063576,-145.61801952063576,0.1
ECIES,full_noise_campaign,es_stdp_teacher_off,0,1977517565,ES+STDP teacher-free,poisson_mixed,50.0,0.0,198,1.0004858139436692,0.022095959595959596,142.4256249999999,8.902054836787983,23,0.01452020202020202,0.8888888888888888,False,False,False,,ECIES|m0|p1|r0,0,1,0,1548747549,105,145.61801952063576,-145.61801952063576,0.1
ECIES,full_noise_campaign,es_stdp_teacher_off,0,1977517565,ES+STDP teacher-free,poisson_mixed,100.0,0.0,198,1.0135319780092686,0.050505050505050504,148.57437499999983,9.166549138451046,43,0.027146464646464648,0.803030303030303,False,False,False,,ECIES|m0|p1|r0,0,1,0,1732918283,105,145.61801952063576,-145.61801952063576,0.1
ECIES,full_noise_campaign,es_stdp_teacher_off,0,47822191,ES+STDP teacher-free,none,0.0,0.0,198,1.0023128858301789,0.0,137.1625,8.63640982890183,0,0.0,1.0,True,True,True,1.0,ECIES|m0|p1|r1,0,1,1,394752295,105,145.61801952063576,-145.61801952063576,0.1
ECIES,full_noise_campaign,es_stdp_teacher_off,0,47822191,ES+STDP teacher-free,poisson_excitatory,5.0,0.0,198,1.0023170390632004,0.004419191919191919,136.6775,8.636508459015689,4,0.0025252525252525255,0.9797979797979798,False,False,False,,ECIES|m0|p1|r1,0,1,1,146514286,105,145.61801952063576,-145.61801952063576,0.1
ECIES,full_noise_campaign,es_stdp_teacher_off,0,47822191,ES+STDP teacher-free,poisson_excitatory,10.0,0.0,198,1.01529950206168,0.008838383838383838,137.16125000000005,8.686041504344942,6,0.003787878787878788,0.9696969696969697,False,False,False,,ECIES|m0|p1|r1,0,1,1,1444762242,105,145.61801952063576,-145.61801952063576,0.1
ECIES,full_noise_campaign,es_stdp_teacher_off,0,47822191,ES+STDP teacher-free,poisson_excitatory,25.0,0.0,198,0.9982416599523276,0.02904040404040404,142.94062499999995,8.990524480191233,24,0.015151515151515152,0.8787878787878788,False,False,False,,ECIES|m0|p1|r1,0,1,1,1113800583,105,145.61801952063576,-145.61801952063576,0.1
ECIES,full_noise_campaign,es_stdp_teacher_off,0,47822191,ES+STDP teacher-free,poisson_excitatory,50.0,0.0,198,0.9986730839591473,0.09154040404040405,155.1449999999999,9.651071150754346,77,0.04861111111111111,0.7121212121212122,False,False,False,,ECIES|m0|p1|r1,0,1,1,1501545786,105,145.61801952063576,-145.61801952063576,0.1
ECIES,full_noise_campaign,es_stdp_teacher_off,0,47822191,ES+STDP teacher-free,poisson_excitatory,100.0,0.0,198,0.9970366340130568,0.23106060606060605,191.15687499999984,11.404316065033386,222,0.14015151515151514,0.31818181818181823,False,False,False,,ECIES|m0|p1|r1,0,1,1,1405397562,105,145.61801952063576,-145.61801952063576,0.1
ECIES,full_noise_campaign,es_stdp_teacher_off,0,47822191,ES+STDP teacher-free,poisson_inhibitory,5.0,0.0,198,0.9971860609948635,0.003787878787878788,138.095625,8.66051805383415,3,0.001893939393939394,0.9848484848484849,False,False,False,,ECIES|m0|p1|r1,0,1,1,1448525562,105,145.61801952063576,-145.61801952063576,0.1
ECIES,full_noise_campaign,es_stdp_teacher_off,0,47822191,ES+STDP teacher-free,poisson_inhibitory,10.0,0.0,198,1.0172074120491743,0.006944444444444444,139.375625,8.697417248815604,7,0.004419191919191919,0.9646464646464646,False,False,False,,ECIES|m0|p1|r1,0,1,1,1069907427,105,145.61801952063576,-145.61801952063576,0.1
ECIES,full_noise_campaign,es_stdp_teacher_off,0,47822191,ES+STDP teacher-free,poisson_inhibitory,25.0,0.0,198,1.0070762219838798,0.010732323232323232,142.15750000000008,8.791017089097947,9,0.005681818181818182,0.9595959595959596,False,False,False,,ECIES|m0|p1|r1,0,1,1,733679846,105,145.61801952063576,-145.61801952063576,0.1
ECIES,full_noise_campaign,es_stdp_teacher_off,0,47822191,ES+STDP teacher-free,poisson_inhibitory,50.0,0.0,198,1.0018868090119213,0.03282828282828283,147.90999999999997,9.029638727112015,28,0.017676767676767676,0.8686868686868687,False,False,False,,ECIES|m0|p1|r1,0,1,1,816311065,105,145.61801952063576,-145.61801952063576,0.1
ECIES,full_noise_campaign,es_stdp_teacher_off,0,47822191,ES+STDP teacher-free,poisson_inhibitory,100.0,0.0,198,1.0052754068747163,0.16351010101010102,156.71499999999995,9.584219665765373,178,0.11237373737373738,0.3939393939393939,False,False,False,,ECIES|m0|p1|r1,0,1,1,77635836,105,145.61801952063576,-145.61801952063576,0.1
ECIES,full_noise_campaign,es_stdp_teacher_off,0,47822191,ES+STDP teacher-free,poisson_mixed,5.0,0.0,198,1.005670519080013,0.001893939393939394,137.45437499999997,8.651053737982735,1,0.0006313131313131314,0.9949494949494949,False,False,False,,ECIES|m0|p1|r1,0,1,1,363726195,105,145.61801952063576,-145.61801952063576,0.1
ECIES,full_noise_campaign,es_stdp_teacher_off,0,47822191,ES+STDP teacher-free,poisson_mixed,10.0,0.0,198,1.0192030549515039,0.0025252525252525255,137.62312500000007,8.653096501938228,1,0.0006313131313131314,0.9949494949494949,False,False,False,,ECIES|m0|p1|r1,0,1,1,911585037,105,145.61801952063576,-145.61801952063576,0.1
ECIES,full_noise_campaign,es_stdp_teacher_off,0,47822191,ES+STDP teacher-free,poisson_mixed,25.0,0.0,198,1.00769601482898,0.016414141414141416,140.36937500000005,8.784604199108074,15,0.00946969696969697,0.9343434343434344,False,False,False,,ECIES|m0|p1|r1,0,1,1,573293586,105,145.61801952063576,-145.61801952063576,0.1
ECIES,full_noise_campaign,es_stdp_teacher_off,0,47822191,ES+STDP teacher-free,poisson_mixed,50.0,0.0,198,1.0079270079731941,0.02335858585858586,142.47874999999996,8.878860544275437,21,0.013257575757575758,0.9040404040404041,False,False,False,,ECIES|m0|p1|r1,0,1,1,959920607,105,145.61801952063576,-145.61801952063576,0.1
ECIES,full_noise_campaign,es_stdp_teacher_off,0,47822191,ES+STDP teacher-free,poisson_mixed,100.0,0.0,198,1.0146511029452085,0.04734848484848485,147.98437500000003,9.150776408732733,38,0.023989898989898988,0.8282828282828283,False,False,False,,ECIES|m0|p1|r1,0,1,1,2022750376,105,145.61801952063576,-145.61801952063576,0.1
ECIES,full_noise_campaign,es_stdp_teacher_off,0,2006465462,ES+STDP teacher-free,none,0.0,0.0,198,1.007675284985453,0.0,136.9612500000002,8.597819225157451,0,0.0,1.0,True,True,True,1.0,ECIES|m0|p2|r0,0,2,0,266062174,105,145.61801952063576,-145.61801952063576,0.1
ECIES,full_noise_campaign,es_stdp_teacher_off,0,2006465462,ES+STDP teacher-free,poisson_excitatory,5.0,0.0,198,1.0202697380445898,0.004419191919191919,136.56437500000015,8.603684374956636,5,0.0031565656565656565,0.9747474747474747,False,False,False,,ECIES|m0|p2|r0,0,2,0,2076780999,105,145.61801952063576,-145.61801952063576,0.1
ECIES,full_noise_campaign,es_stdp_teacher_off,0,2006465462,ES+STDP teacher-free,poisson_excitatory,10.0,0.0,198,1.0111338049173355,0.010732323232323232,137.39312500000003,8.663270033464487,12,0.007575757575757576,0.9393939393939394,False,False,False,,ECIES|m0|p2|r0,0,2,0,1073934271,105,145.61801952063576,-145.61801952063576,0.1
ECIES,full_noise_campaign,es_stdp_teacher_off,0,2006465462,ES+STDP teacher-free,poisson_excitatory,25.0,0.0,198,1.0004779149312526,0.04482323232323232,143.53937499999986,8.99924361220068,38,0.023989898989898988,0.8282828282828283,False,False,False,,ECIES|m0|p2|r0,0,2,0,1417446074,105,145.61801952063576,-145.61801952063576,0.1
ECIES,full_noise_campaign,es_stdp_teacher_off,0,2006465462,ES+STDP teacher-free,poisson_excitatory,50.0,0.0,198,0.9994417740963399,0.09911616161616162,155.49624999999992,9.652940268160936,79,0.049873737373737376,0.6414141414141414,False,False,False,,ECIES|m0|p2|r0,0,2,0,1331722477,105,145.61801952063576,-145.61801952063576,0.1
ECIES,full_noise_campaign,es_stdp_teacher_off,0,2006465462,ES+STDP teacher-free,poisson_excitatory,100.0,0.0,198,0.9975256810430437,0.26830808080808083,193.14499999999992,11.46242618748916,256,0.16161616161616163,0.24747474747474751,False,False,False,,ECIES|m0|p2|r0,0,2,0,906431435,105,145.61801952063576,-145.61801952063576,0.1
ECIES,full_noise_campaign,es_stdp_teacher_off,0,2006465462,ES+STDP teacher-free,poisson_inhibitory,5.0,0.0,198,0.9966120549943298,0.0031565656565656565,138.13750000000007,8.635431325028758,3,0.001893939393939394,0.9848484848484849,False,False,False,,ECIES|m0|p2|r0,0,2,0,623130169,105,145.61801952063576,-145.61801952063576,0.1
ECIES,full_noise_campaign,es_stdp_teacher_off,0,2006465462,ES+STDP teacher-free,poisson_inhibitory,10.0,0.0,198,1.0062299710698426,0.006944444444444444,139.39687500000016,8.675077167969238,9,0.005681818181818182,0.9545454545454546,False,False,False,,ECIES|m0|p2|r0,0,2,0,702202014,105,145.61801952063576,-145.61801952063576,0.1
ECIES,full_noise_campaign,es_stdp_teacher_off,0,2006465462,ES+STDP teacher-free,poisson_inhibitory,25.0,0.0,198,1.0019463119097054,0.011363636363636364,142.44937500000003,8.772300362473914,10,0.006313131313131313,0.9494949494949495,False,False,False,,ECIES|m0|p2|r0,0,2,0,1034202523,105,145.61801952063576,-145.61801952063576,0.1
ECIES,full_noise_campaign,es_stdp_teacher_off,0,2006465462,ES+STDP teacher-free,poisson_inhibitory,50.0,0.0,198,1.0027362441178411,0.027777777777777776,148.11187500000005,9.009429392032157,28,0.017676767676767676,0.8737373737373737,False,False,False,,ECIES|m0|p2|r0,0,2,0,649615182,105,145.61801952063576,-145.61801952063576,0.1
ECIES,full_noise_campaign,es_stdp_teacher_off,0,2006465462,ES+STDP teacher-free,poisson_inhibitory,100.0,0.0,198,1.0124452379532158,0.15467171717171718,157.98624999999993,9.610712155334236,186,0.11742424242424243,0.36363636363636365,False,False,False,,ECIES|m0|p2|r0,0,2,0,1633878411,105,145.61801952063576,-145.61801952063576,0.1
ECIES,full_noise_campaign,es_stdp_teacher_off,0,2006465462,ES+STDP teacher-free,poisson_mixed,5.0,0.0,198,1.0075288431253284,0.001893939393939394,137.34125000000017,8.613565353346067,2,0.0012626262626262627,0.98989898989899,False,False,False,,ECIES|m0|p2|r0,0,2,0,961677341,105,145.61801952063576,-145.61801952063576,0.1
ECIES,full_noise_campaign,es_stdp_teacher_off,0,2006465462,ES+STDP teacher-free,poisson_mixed,10.0,0.0,198,1.0090281590819359,0.006313131313131313,137.61687500000008,8.630993424435468,9,0.005681818181818182,0.9545454545454546,False,False,False,,ECIES|m0|p2|r0,0,2,0,1783249167,105,145.61801952063576,-145.61801952063576,0.1
ECIES,full_noise_campaign,es_stdp_teacher_off,0,2006465462,ES+STDP teacher-free,poisson_mixed,25.0,0.0,198,1.0133140180259943,0.013888888888888888,139.56000000000003,8.72428871279842,14,0.008838383838383838,0.9292929292929293,False,False,False,,ECIES|m0|p2|r0,0,2,0,2117359116,105,145.61801952063576,-145.61801952063576,0.1
ECIES,full_noise_campaign,es_stdp_teacher_off,0,2006465462,ES+STDP teacher-free,poisson_mixed,50.0,0.0,198,1.00743248895742,0.027146464646464648,142.621875,8.870790729314601,27,0.017045454545454544,0.8636363636363636,False,False,False,,ECIES|m0|p2|r0,0,2,0,1697165277,105,145.61801952063576,-145.61801952063576,0.1
ECIES,full_noise_campaign,es_stdp_teacher_off,0,2006465462,ES+STDP teacher-free,poisson_mixed,100.0,0.0,198,1.0076044681482017,0.049873737373737376,147.64187499999997,9.113338881594782,40,0.025252525252525252,0.8181818181818181,False,False,False,,ECIES|m0|p2|r0,0,2,0,296682248,105,145.61801952063576,-145.61801952063576,0.1
ECIES,full_noise_campaign,es_stdp_teacher_off,0,10423112,ES+STDP teacher-free,none,0.0,0.0,198,1.0057324909139425,0.0,136.9612500000002,8.597819225157451,0,0.0,1.0,True,True,True,1.0,ECIES|m0|p2|r1,0,2,1,1612292663,105,145.61801952063576,-145.61801952063576,0.1
ECIES,full_noise_campaign,es_stdp_teacher_off,0,10423112,ES+STDP teacher-free,poisson_excitatory,5.0,0.0,198,1.0126575231552124,0.005681818181818182,136.87375000000014,8.617513426111525,6,0.003787878787878788,0.9696969696969697,False,False,False,,ECIES|m0|p2|r1,0,2,1,2062306533,105,145.61801952063576,-145.61801952063576,0.1
ECIES,full_noise_campaign,es_stdp_teacher_off,0,10423112,ES+STDP teacher-free,poisson_excitatory,10.0,0.0,198,1.0193151058629155,0.006944444444444444,137.061875,8.648169979393565,8,0.005050505050505051,0.9646464646464646,False,False,False,,ECIES|m0|p2|r1,0,2,1,1703509958,105,145.61801952063576,-145.61801952063576,0.1
ECIES,full_noise_campaign,es_stdp_teacher_off,0,10423112,ES+STDP teacher-free,poisson_excitatory,25.0,0.0,198,1.0026934600900859,0.030934343434343436,141.12312499999993,8.910110506042084,23,0.01452020202020202,0.898989898989899,False,False,False,,ECIES|m0|p2|r1,0,2,1,1912017609,105,145.61801952063576,-145.61801952063576,0.1
ECIES,full_noise_campaign,es_stdp_teacher_off,0,10423112,ES+STDP teacher-free,poisson_excitatory,50.0,0.0,198,1.0050879230257124,0.10037878787878787,155.07374999999996,9.622477017753312,87,0.054924242424242424,0.6212121212121212,False,False,False,,ECIES|m0|p2|r1,0,2,1,1793845494,105,145.61801952063576,-145.61801952063576,0.1
ECIES,full_noise_campaign,es_stdp_teacher_off,0,10423112,ES+STDP teacher-free,poisson_excitatory,100.0,0.0,198,1.01281355204992,0.2537878787878788,193.47062500000004,11.467958384823067,249,0.1571969696969697,0.24242424242424243,False,False,False,,ECIES|m0|p2|r1,0,2,1,1360702817,105,145.61801952063576,-145.61801952063576,0.1
ECIES,full_noise_campaign,es_stdp_teacher_off,0,10423112,ES+STDP teacher-free,poisson_inhibitory,5.0,0.0,198,1.0057281369809061,0.0031565656565656565,138.39125000000016,8.645868744555253,4,0.0025252525252525255,0.9797979797979798,False,False,False,,ECIES|m0|p2|r1,0,2,1,604066643,105,145.61801952063576,-145.61801952063576,0.1
ECIES,full_noise_campaign,es_stdp_teacher_off,0,10423112,ES+STDP teacher-free,poisson_inhibitory,10.0,0.0,198,1.0132341170683503,0.006944444444444444,139.58937500000013,8.682522896998478,7,0.004419191919191919,0.9646464646464646,False,False,False,,ECIES|m0|p2|r1,0,2,1,206655653,105,145.61801952063576,-145.61801952063576,0.1
ECIES,full_noise_campaign,es_stdp_teacher_off,0,10423112,ES+STDP teacher-free,poisson_inhibitory,25.0,0.0,198,1.0100023599807173,0.011363636363636364,142.299375,8.764150375968775,11,0.006944444444444444,0.9444444444444444,False,False,False,,ECIES|m0|p2|r1,0,2,1,405749162,105,145.61801952063576,-145.61801952063576,0.1
ECIES,full_noise_campaign,es_stdp_teacher_off,0,10423112,ES+STDP teacher-free,poisson_inhibitory,50.0,0.0,198,1.0066956069786102,0.028409090909090908,147.91062500000004,9.001519154794066,23,0.01452020202020202,0.898989898989899,False,False,False,,ECIES|m0|p2|r1,0,2,1,53725015,105,145.61801952063576,-145.61801952063576,0.1
ECIES,full_noise_campaign,es_stdp_teacher_off,0,10423112,ES+STDP teacher-free,poisson_inhibitory,100.0,0.0,198,1.0056659348774701,0.19381313131313133,157.8575,9.610961548580406,195,0.12310606060606061,0.3787878787878788,False,False,False,,ECIES|m0|p2|r1,0,2,1,108963873,105,145.61801952063576,-145.61801952063576,0.1
ECIES,full_noise_campaign,es_stdp_teacher_off,0,10423112,ES+STDP teacher-free,poisson_mixed,5.0,0.0,198,1.0046106670051813,0.0025252525252525255,137.3275000000001,8.615866193142814,3,0.001893939393939394,0.9848484848484849,False,False,False,,ECIES|m0|p2|r1,0,2,1,1857062868,105,145.61801952063576,-145.61801952063576,0.1
ECIES,full_noise_campaign,es_stdp_teacher_off,0,10423112,ES+STDP teacher-free,poisson_mixed,10.0,0.0,198,1.0119997770525515,0.007575757575757576,137.88687499999997,8.646483133268243,9,0.005681818181818182,0.9545454545454546,False,False,False,,ECIES|m0|p2|r1,0,2,1,254608333,105,145.61801952063576,-145.61801952063576,0.1
ECIES,full_noise_campaign,es_stdp_teacher_off,0,10423112,ES+STDP teacher-free,poisson_mixed,25.0,0.0,198,0.9976940571796149,0.010101010101010102,140.04937500000005,8.748334931806381,12,0.007575757575757576,0.9393939393939394,False,False,False,,ECIES|m0|p2|r1,0,2,1,458452690,105,145.61801952063576,-145.61801952063576,0.1
ECIES,full_noise_campaign,es_stdp_teacher_off,0,10423112,ES+STDP teacher-free,poisson_mixed,50.0,0.0,198,1.0102030008565634,0.03345959595959596,142.51687499999997,8.885787502874901,31,0.019570707070707072,0.8484848484848485,False,False,False,,ECIES|m0|p2|r1,0,2,1,5215519,105,145.61801952063576,-145.61801952063576,0.1
ECIES,full_noise_campaign,es_stdp_teacher_off,0,10423112,ES+STDP teacher-free,poisson_mixed,100.0,0.0,198,1.0025275968946517,0.04671717171717172,148.44312499999987,9.148919929728853,38,0.023989898989898988,0.8131313131313131,False,False,False,,ECIES|m0|p2|r1,0,2,1,242581869,105,145.61801952063576,-145.61801952063576,0.1
ECIES,full_noise_campaign,es_stdp_teacher_off,0,1985630695,ES+STDP teacher-free,none,0.0,0.0,198,1.0080324420705438,0.0,137.5043750000001,8.643720695861322,0,0.0,1.0,True,True,True,1.0,ECIES|m0|p3|r0,0,3,0,343836038,105,145.61801952063576,-145.61801952063576,0.1
ECIES,full_noise_campaign,es_stdp_teacher_off,0,1985630695,ES+STDP teacher-free,poisson_excitatory,5.0,0.0,198,1.0054109951015562,0.003787878787878788,136.93562500000007,8.64145468895775,2,0.0012626262626262627,0.98989898989899,False,False,False,,ECIES|m0|p3|r0,0,3,0,483692341,105,145.61801952063576,-145.61801952063576,0.1
ECIES,full_noise_campaign,es_stdp_teacher_off,0,1985630695,ES+STDP teacher-free,poisson_excitatory,10.0,0.0,198,1.003159523010254,0.005681818181818182,137.1037500000001,8.667480644407489,6,0.003787878787878788,0.9696969696969697,False,False,False,,ECIES|m0|p3|r0,0,3,0,781120766,105,145.61801952063576,-145.61801952063576,0.1
ECIES,full_noise_campaign,es_stdp_teacher_off,0,1985630695,ES+STDP teacher-free,poisson_excitatory,25.0,0.0,198,1.0006617531180382,0.030303030303030304,142.81374999999997,9.000044387198836,27,0.017045454545454544,0.8686868686868687,False,False,False,,ECIES|m0|p3|r0,0,3,0,988846587,105,145.61801952063576,-145.61801952063576,0.1
ECIES,full_noise_campaign,es_stdp_teacher_off,0,1985630695,ES+STDP teacher-free,poisson_excitatory,50.0,0.0,198,0.9959409800358117,0.09911616161616162,157.46687499999996,9.758841029440001,80,0.050505050505050504,0.6616161616161615,False,False,False,,ECIES|m0|p3|r0,0,3,0,569140142,105,145.61801952063576,-145.61801952063576,0.1
ECIES,full_noise_campaign,es_stdp_teacher_off,0,1985630695,ES+STDP teacher-free,poisson_excitatory,100.0,0.0,198,1.0110341380350292,0.26136363636363635,191.72875,11.392253660806823,226,0.14267676767676768,0.29292929292929293,False,False,False,,ECIES|m0|p3|r0,0,3,0,934475496,105,145.61801952063576,-145.61801952063576,0.1
ECIES,full_noise_campaign,es_stdp_teacher_off,0,1985630695,ES+STDP teacher-free,poisson_inhibitory,5.0,0.0,198,0.9948253030888736,0.001893939393939394,138.66062500000012,8.681014084740251,3,0.001893939393939394,0.9848484848484849,False,False,False,,ECIES|m0|p3|r0,0,3,0,1111068867,105,145.61801952063576,-145.61801952063576,0.1
ECIES,full_noise_campaign,es_stdp_teacher_off,0,1985630695,ES+STDP teacher-free,poisson_inhibitory,10.0,0.0,198,1.0044557370711118,0.003787878787878788,139.60250000000013,8.708191133407169,4,0.0025252525252525255,0.9797979797979798,False,False,False,,ECIES|m0|p3|r0,0,3,0,1196874591,105,145.61801952063576,-145.61801952063576,0.1
ECIES,full_noise_campaign,es_stdp_teacher_off,0,1985630695,ES+STDP teacher-free,poisson_inhibitory,25.0,0.0,198,0.9987999210134149,0.011363636363636364,142.82812500000014,8.81056451189091,11,0.006944444444444444,0.9444444444444444,False,False,False,,ECIES|m0|p3|r0,0,3,0,1395177050,105,145.61801952063576,-145.61801952063576,0.1
ECIES,full_noise_campaign,es_stdp_teacher_off,0,1985630695,ES+STDP teacher-free,poisson_inhibitory,50.0,0.0,198,0.9976199949160218,0.03535353535353535,148.43312500000002,9.040743475885181,29,0.018308080808080808,0.8535353535353536,False,False,False,,ECIES|m0|p3|r0,0,3,0,1211387021,105,145.61801952063576,-145.61801952063576,0.1
ECIES,full_noise_campaign,es_stdp_teacher_off,0,1985630695,ES+STDP teacher-free,poisson_inhibitory,100.0,0.0,198,1.0024522931780666,0.18055555555555555,156.70750000000004,9.599753884957924,202,0.1275252525252525,0.303030303030303,False,False,False,,ECIES|m0|p3|r0,0,3,0,1624702118,105,145.61801952063576,-145.61801952063576,0.1
ECIES,full_noise_campaign,es_stdp_teacher_off,0,1985630695,ES+STDP teacher-free,poisson_mixed,5.0,0.0,198,1.0160831629764289,0.001893939393939394,137.6912500000001,8.655538768477108,2,0.0012626262626262627,0.98989898989899,False,False,False,,ECIES|m0|p3|r0,0,3,0,646481046,105,145.61801952063576,-145.61801952063576,0.1
ECIES,full_noise_campaign,es_stdp_teacher_off,0,1985630695,ES+STDP teacher-free,poisson_mixed,10.0,0.0,198,1.0064130139071494,0.003787878787878788,138.18000000000012,8.678485484238962,5,0.0031565656565656565,0.9747474747474747,False,False,False,,ECIES|m0|p3|r0,0,3,0,2103598159,105,145.61801952063576,-145.61801952063576,0.1
ECIES,full_noise_campaign,es_stdp_teacher_off,0,1985630695,ES+STDP teacher-free,poisson_mixed,25.0,0.0,198,0.9978414468932897,0.010101010101010102,140.07,8.768630395996949,8,0.005050505050505051,0.9595959595959596,False,False,False,,ECIES|m0|p3|r0,0,3,0,1763455308,105,145.61801952063576,-145.61801952063576,0.1
ECIES,full_noise_campaign,es_stdp_teacher_off,0,1985630695,ES+STDP teacher-free,poisson_mixed,50.0,0.0,198,0.9981841000262648,0.020202020202020204,142.71249999999998,8.905174409560303,20,0.012626262626262626,0.9040404040404041,False,False,False,,ECIES|m0|p3|r0,0,3,0,1912654749,105,145.61801952063576,-145.61801952063576,0.1
ECIES,full_noise_campaign,es_stdp_teacher_off,0,1985630695,ES+STDP teacher-free,poisson_mixed,100.0,0.0,198,0.9991037689615041,0.04861111111111111,149.37687500000007,9.203146392962815,40,0.025252525252525252,0.803030303030303,False,False,False,,ECIES|m0|p3|r0,0,3,0,182249523,105,145.61801952063576,-145.61801952063576,0.1
ECIES,full_noise_campaign,es_stdp_teacher_off,0,22896981,ES+STDP teacher-free,none,0.0,0.0,198,0.9933730750344694,0.0,137.5043750000001,8.643720695861322,0,0.0,1.0,True,True,True,1.0,ECIES|m0|p3|r1,0,3,1,2075979405,105,145.61801952063576,-145.61801952063576,0.1
ECIES,full_noise_campaign,es_stdp_teacher_off,0,22896981,ES+STDP teacher-free,poisson_excitatory,5.0,0.0,198,1.0020105799194425,0.0012626262626262627,136.68062500000013,8.630774912000486,0,0.0,1.0,True,True,True,1.0,ECIES|m0|p3|r1,0,3,1,502393431,105,145.61801952063576,-145.61801952063576,0.1
ECIES,full_noise_campaign,es_stdp_teacher_off,0,22896981,ES+STDP teacher-free,poisson_excitatory,10.0,0.0,198,1.0044664440210909,0.005050505050505051,137.44062500000007,8.685214021139137,5,0.0031565656565656565,0.9747474747474747,False,False,False,,ECIES|m0|p3|r1,0,3,1,184902917,105,145.61801952063576,-145.61801952063576,0.1
ECIES,full_noise_campaign,es_stdp_teacher_off,0,22896981,ES+STDP teacher-free,poisson_excitatory,25.0,0.0,198,1.0036402470432222,0.03598484848484849,143.07687499999997,8.997439809347632,30,0.01893939393939394,0.8686868686868687,False,False,False,,ECIES|m0|p3|r1,0,3,1,528157194,105,145.61801952063576,-145.61801952063576,0.1
ECIES,full_noise_campaign,es_stdp_teacher_off,0,22896981,ES+STDP teacher-free,poisson_excitatory,50.0,0.0,198,1.000169066945091,0.09406565656565656,155.07499999999993,9.647258368334505,75,0.04734848484848485,0.6818181818181819,False,False,False,,ECIES|m0|p3|r1,0,3,1,73921463,105,145.61801952063576,-145.61801952063576,0.1
ECIES,full_noise_campaign,es_stdp_teacher_off,0,22896981,ES+STDP teacher-free,poisson_excitatory,100.0,0.0,198,0.9991220340598375,0.24305555555555555,192.41875000000002,11.434354010668525,228,0.14393939393939395,0.30808080808080807,False,False,False,,ECIES|m0|p3|r1,0,3,1,1353666644,105,145.61801952063576,-145.61801952063576,0.1
ECIES,full_noise_campaign,es_stdp_teacher_off,0,22896981,ES+STDP teacher-free,poisson_inhibitory,5.0,0.0,198,1.004653352079913,0.0025252525252525255,138.74437500000008,8.683994610137958,4,0.0025252525252525255,0.9797979797979798,False,False,False,,ECIES|m0|p3|r1,0,3,1,1125971433,105,145.61801952063576,-145.61801952063576,0.1
ECIES,full_noise_campaign,es_stdp_teacher_off,0,22896981,ES+STDP teacher-free,poisson_inhibitory,10.0,0.0,198,1.006047991104424,0.005681818181818182,139.66625000000005,8.70884509496143,4,0.0025252525252525255,0.9797979797979798,False,False,False,,ECIES|m0|p3|r1,0,3,1,1658669926,105,145.61801952063576,-145.61801952063576,0.1
ECIES,full_noise_campaign,es_stdp_teacher_off,0,22896981,ES+STDP teacher-free,poisson_inhibitory,25.0,0.0,198,1.0100395849440247,0.012626262626262626,142.9868750000001,8.817154217764617,11,0.006944444444444444,0.9444444444444444,False,False,False,,ECIES|m0|p3|r1,0,3,1,1990403689,105,145.61801952063576,-145.61801952063576,0.1
ECIES,full_noise_campaign,es_stdp_teacher_off,0,22896981,ES+STDP teacher-free,poisson_inhibitory,50.0,0.0,198,0.9958028818946332,0.036616161616161616,148.4937500000001,9.044244546937101,33,0.020833333333333332,0.8484848484848485,False,False,False,,ECIES|m0|p3|r1,0,3,1,1841290390,105,145.61801952063576,-145.61801952063576,0.1
ECIES,full_noise_campaign,es_stdp_teacher_off,0,22896981,ES+STDP teacher-free,poisson_inhibitory,100.0,0.0,198,1.0027704578824341,0.1717171717171717,155.88999999999993,9.54810995061195,166,0.10479797979797979,0.43434343434343436,False,False,False,,ECIES|m0|p3|r1,0,3,1,130767638,105,145.61801952063576,-145.61801952063576,0.1
ECIES,full_noise_campaign,es_stdp_teacher_off,0,22896981,ES+STDP teacher-free,poisson_mixed,5.0,0.0,198,1.004105149069801,0.003787878787878788,137.61687500000016,8.649307840914524,3,0.001893939393939394,0.98989898989899,False,False,False,,ECIES|m0|p3|r1,0,3,1,1902773343,105,145.61801952063576,-145.61801952063576,0.1
ECIES,full_noise_campaign,es_stdp_teacher_off,0,22896981,ES+STDP teacher-free,poisson_mixed,10.0,0.0,198,1.0092543521896005,0.0025252525252525255,137.92062500000011,8.668275420505683,3,0.001893939393939394,0.9848484848484849,False,False,False,,ECIES|m0|p3|r1,0,3,1,403007373,105,145.61801952063576,-145.61801952063576,0.1
ECIES,full_noise_campaign,es_stdp_teacher_off,0,22896981,ES+STDP teacher-free,poisson_mixed,25.0,0.0,198,0.9929685308597982,0.013888888888888888,139.69437500000015,8.760455575418513,10,0.006313131313131313,0.9494949494949495,False,False,False,,ECIES|m0|p3|r1,0,3,1,209390226,105,145.61801952063576,-145.61801952063576,0.1
ECIES,full_noise_campaign,es_stdp_teacher_off,0,22896981,ES+STDP teacher-free,poisson_mixed,50.0,0.0,198,0.9995261279400438,0.021464646464646464,143.08000000000004,8.898616323291957,19,0.011994949494949494,0.9040404040404041,False,False,False,,ECIES|m0|p3|r1,0,3,1,392687711,105,145.61801952063576,-145.61801952063576,0.1
ECIES,full_noise_campaign,es_stdp_teacher_off,0,22896981,ES+STDP teacher-free,poisson_mixed,100.0,0.0,198,1.001076309941709,0.04734848484848485,147.95125000000013,9.142746105944711,40,0.025252525252525252,0.8080808080808081,False,False,False,,ECIES|m0|p3|r1,0,3,1,352742338,105,145.61801952063576,-145.61801952063576,0.1
ECIES,full_noise_campaign,es_stdp_teacher_off,1,1232914048,ES+STDP teacher-free,none,0.0,0.0,198,0.9998212289065123,0.0,137.57437500000012,8.645942464649126,0,0.0,1.0,True,True,True,1.0,ECIES|m1|p0|r0,1,0,0,2129639173,105,145.61801952063576,-145.61801952063576,0.1
ECIES,full_noise_campaign,es_stdp_teacher_off,1,1232914048,ES+STDP teacher-free,poisson_excitatory,5.0,0.0,198,1.0121701378375292,0.0031565656565656565,137.05812500000008,8.642492662874115,2,0.0012626262626262627,0.98989898989899,False,False,False,,ECIES|m1|p0|r0,1,0,0,1865850905,105,145.61801952063576,-145.61801952063576,0.1
ECIES,full_noise_campaign,es_stdp_teacher_off,1,1232914048,ES+STDP teacher-free,poisson_excitatory,10.0,0.0,198,1.0056520099751651,0.011363636363636364,138.07499999999993,8.709957828334854,6,0.003787878787878788,0.9696969696969697,False,False,False,,ECIES|m1|p0|r0,1,0,0,2115829854,105,145.61801952063576,-145.61801952063576,0.1
ECIES,full_noise_campaign,es_stdp_teacher_off,1,1232914048,ES+STDP teacher-free,poisson_excitatory,25.0,0.0,198,0.9973061119671911,0.025883838383838384,141.8324999999998,8.944683006716556,21,0.013257575757575758,0.8939393939393939,False,False,False,,ECIES|m1|p0|r0,1,0,0,1784900961,105,145.61801952063576,-145.61801952063576,0.1
ECIES,full_noise_campaign,es_stdp_teacher_off,1,1232914048,ES+STDP teacher-free,poisson_excitatory,50.0,0.0,198,0.9970706179738045,0.09154040404040405,156.58124999999995,9.721465567027334,81,0.05113636363636364,0.6515151515151515,False,False,False,,ECIES|m1|p0|r0,1,0,0,1904187278,105,145.61801952063576,-145.61801952063576,0.1
ECIES,full_noise_campaign,es_stdp_teacher_off,1,1232914048,ES+STDP teacher-free,poisson_excitatory,100.0,0.0,198,1.0069881661329418,0.24368686868686867,191.36249999999995,11.392693340163763,229,0.14457070707070707,0.297979797979798,False,False,False,,ECIES|m1|p0|r0,1,0,0,151786173,105,145.61801952063576,-145.61801952063576,0.1
ECIES,full_noise_campaign,es_stdp_teacher_off,1,1232914048,ES+STDP teacher-free,poisson_inhibitory,5.0,0.0,198,1.004218865884468,0.0031565656565656565,138.6462500000001,8.675683790750046,4,0.0025252525252525255,0.9797979797979798,False,False,False,,ECIES|m1|p0|r0,1,0,0,836468903,105,145.61801952063576,-145.61801952063576,0.1
ECIES,full_noise_campaign,es_stdp_teacher_off,1,1232914048,ES+STDP teacher-free,poisson_inhibitory,10.0,0.0,198,1.0123517462052405,0.006313131313131313,139.46937500000007,8.70235745279188,4,0.0025252525252525255,0.9797979797979798,False,False,False,,ECIES|m1|p0|r0,1,0,0,398798845,105,145.61801952063576,-145.61801952063576,0.1
ECIES,full_noise_campaign,es_stdp_teacher_off,1,1232914048,ES+STDP teacher-free,poisson_inhibitory,25.0,0.0,198,1.000431827036664,0.010732323232323232,142.52562500000005,8.799926293788367,7,0.004419191919191919,0.9646464646464646,False,False,False,,ECIES|m1|p0|r0,1,0,0,62604034,105,145.61801952063576,-145.61801952063576,0.1
ECIES,full_noise_campaign,es_stdp_teacher_off,1,1232914048,ES+STDP teacher-free,poisson_inhibitory,50.0,0.0,198,0.9984012229833752,0.039141414141414144,148.0125,9.041373611542163,31,0.019570707070707072,0.8585858585858586,False,False,False,,ECIES|m1|p0|r0,1,0,0,413644975,105,145.61801952063576,-145.61801952063576,0.1
ECIES,full_noise_campaign,es_stdp_teacher_off,1,1232914048,ES+STDP teacher-free,poisson_inhibitory,100.0,0.0,198,1.0030239089392126,0.1710858585858586,157.12499999999994,9.605497293768906,182,0.1148989898989899,0.31818181818181823,False,False,False,,ECIES|m1|p0|r0,1,0,0,1583880317,105,145.61801952063576,-145.61801952063576,0.1
ECIES,full_noise_campaign,es_stdp_teacher_off,1,1232914048,ES+STDP teacher-free,poisson_mixed,5.0,0.0,198,1.0071600379887968,0.005050505050505051,137.87937500000004,8.662084813419435,3,0.001893939393939394,0.9848484848484849,False,False,False,,ECIES|m1|p0|r0,1,0,0,1189473414,105,145.61801952063576,-145.61801952063576,0.1
ECIES,full_noise_campaign,es_stdp_teacher_off,1,1232914048,ES+STDP teacher-free,poisson_mixed,10.0,0.0,198,1.010913984850049,0.003787878787878788,137.90687500000004,8.661383967204005,3,0.001893939393939394,0.9848484848484849,False,False,False,,ECIES|m1|p0|r0,1,0,0,1161794669,105,145.61801952063576,-145.61801952063576,0.1
ECIES,full_noise_campaign,es_stdp_teacher_off,1,1232914048,ES+STDP teacher-free,poisson_mixed,25.0,0.0,198,0.998278837185353,0.015782828282828284,140.38187500000004,8.788695724508795,17,0.010732323232323232,0.9141414141414141,False,False,False,,ECIES|m1|p0|r0,1,0,0,1363278192,105,145.61801952063576,-145.61801952063576,0.1
ECIES,full_noise_campaign,es_stdp_teacher_off,1,1232914048,ES+STDP teacher-free,poisson_mixed,50.0,0.0,198,1.0013853351119906,0.029671717171717172,143.39249999999993,8.929306328408757,23,0.01452020202020202,0.8888888888888888,False,False,False,,ECIES|m1|p0|r0,1,0,0,1247609663,105,145.61801952063576,-145.61801952063576,0.1
ECIES,full_noise_campaign,es_stdp_teacher_off,1,1232914048,ES+STDP teacher-free,poisson_mixed,100.0,0.0,198,1.0027594899293035,0.0422979797979798,147.7981250000001,9.140996104954684,43,0.027146464646464648,0.797979797979798,False,False,False,,ECIES|m1|p0|r0,1,0,0,1504854373,105,145.61801952063576,-145.61801952063576,0.1
ECIES,full_noise_campaign,es_stdp_teacher_off,1,1048311534,ES+STDP teacher-free,none,0.0,0.0,198,1.002419559052214,0.0,137.57437500000012,8.645942464649126,0,0.0,1.0,True,True,True,1.0,ECIES|m1|p0|r1,1,0,1,288218638,105,145.61801952063576,-145.61801952063576,0.1
ECIES,full_noise_campaign,es_stdp_teacher_off,1,1048311534,ES+STDP teacher-free,poisson_excitatory,5.0,0.0,198,1.0182353870477527,0.003787878787878788,136.98937500000014,8.64358433650949,1,0.0006313131313131314,0.9949494949494949,False,False,False,,ECIES|m1|p0|r1,1,0,1,1846803187,105,145.61801952063576,-145.61801952063576,0.1
ECIES,full_noise_campaign,es_stdp_teacher_off,1,1048311534,ES+STDP teacher-free,poisson_excitatory,10.0,0.0,198,1.0115895750932395,0.008207070707070708,137.71625,8.70029857300878,8,0.005050505050505051,0.9595959595959596,False,False,False,,ECIES|m1|p0|r1,1,0,1,1536594023,105,145.61801952063576,-145.61801952063576,0.1
ECIES,full_noise_campaign,es_stdp_teacher_off,1,1048311534,ES+STDP teacher-free,poisson_excitatory,25.0,0.0,198,0.9954886080231518,0.036616161616161616,142.96624999999997,9.002867043853524,36,0.022727272727272728,0.8383838383838383,False,False,False,,ECIES|m1|p0|r1,1,0,1,1340669282,105,145.61801952063576,-145.61801952063576,0.1
ECIES,full_noise_campaign,es_stdp_teacher_off,1,1048311534,ES+STDP teacher-free,poisson_excitatory,50.0,0.0,198,0.995207835920155,0.09406565656565656,155.625625,9.667957576197619,86,0.054292929292929296,0.6515151515151515,False,False,False,,ECIES|m1|p0|r1,1,0,1,1425278869,105,145.61801952063576,-145.61801952063576,0.1
ECIES,full_noise_campaign,es_stdp_teacher_off,1,1048311534,ES+STDP teacher-free,poisson_excitatory,100.0,0.0,198,1.0002992828376591,0.2380050505050505,191.9625000000001,11.422113697178007,233,0.14709595959595959,0.2525252525252525,False,False,False,,ECIES|m1|p0|r1,1,0,1,1846653999,105,145.61801952063576,-145.61801952063576,0.1
ECIES,full_noise_campaign,es_stdp_teacher_off,1,1048311534,ES+STDP teacher-free,poisson_inhibitory,5.0,0.0,198,1.010077778948471,0.003787878787878788,138.63812500000012,8.678878884111654,3,0.001893939393939394,0.9848484848484849,False,False,False,,ECIES|m1|p0|r1,1,0,1,822011269,105,145.61801952063576,-145.61801952063576,0.1
ECIES,full_noise_campaign,es_stdp_teacher_off,1,1048311534,ES+STDP teacher-free,poisson_inhibitory,10.0,0.0,198,1.0143783278763294,0.0031565656565656565,139.26312500000006,8.695617851765885,1,0.0006313131313131314,0.9949494949494949,False,False,False,,ECIES|m1|p0|r1,1,0,1,844021766,105,145.61801952063576,-145.61801952063576,0.1
ECIES,full_noise_campaign,es_stdp_teacher_off,1,1048311534,ES+STDP teacher-free,poisson_inhibitory,25.0,0.0,198,1.006767202867195,0.011363636363636364,142.95125000000007,8.82096594873602,9,0.005681818181818182,0.9545454545454546,False,False,False,,ECIES|m1|p0|r1,1,0,1,640733955,105,145.61801952063576,-145.61801952063576,0.1
ECIES,full_noise_campaign,es_stdp_teacher_off,1,1048311534,ES+STDP teacher-free,poisson_inhibitory,50.0,0.0,198,1.0005370310973376,0.030934343434343436,147.84437500000016,9.016843251012121,23,0.01452020202020202,0.8888888888888888,False,False,False,,ECIES|m1|p0|r1,1,0,1,1026304182,105,145.61801952063576,-145.61801952063576,0.1
ECIES,full_noise_campaign,es_stdp_teacher_off,1,1048311534,ES+STDP teacher-free,poisson_inhibitory,100.0,0.0,198,1.0077963031362742,0.18055555555555555,157.24125000000004,9.650971068237723,200,0.12626262626262627,0.3535353535353535,False,False,False,,ECIES|m1|p0|r1,1,0,1,964017903,105,145.61801952063576,-145.61801952063576,0.1
ECIES,full_noise_campaign,es_stdp_teacher_off,1,1048311534,ES+STDP teacher-free,poisson_mixed,5.0,0.0,198,1.0063547228928655,0.003787878787878788,137.75875000000002,8.656054991496983,3,0.001893939393939394,0.9848484848484849,False,False,False,,ECIES|m1|p0|r1,1,0,1,285699117,105,145.61801952063576,-145.61801952063576,0.1
ECIES,full_noise_campaign,es_stdp_teacher_off,1,1048311534,ES+STDP teacher-free,poisson_mixed,10.0,0.0,198,1.0255261950660497,0.005050505050505051,138.04812500000008,8.668751624428044,5,0.0031565656565656565,0.9747474747474747,False,False,False,,ECIES|m1|p0|r1,1,0,1,542682927,105,145.61801952063576,-145.61801952063576,0.1
ECIES,full_noise_campaign,es_stdp_teacher_off,1,1048311534,ES+STDP teacher-free,poisson_mixed,25.0,0.0,198,1.0050131750758737,0.006944444444444444,138.8,8.705568756728105,6,0.003787878787878788,0.9696969696969697,False,False,False,,ECIES|m1|p0|r1,1,0,1,874955306,105,145.61801952063576,-145.61801952063576,0.1
ECIES,full_noise_campaign,es_stdp_teacher_off,1,1048311534,ES+STDP teacher-free,poisson_mixed,50.0,0.0,198,1.0070669599808753,0.03156565656565657,143.32562500000003,8.917940877093542,30,0.01893939393939394,0.8636363636363636,False,False,False,,ECIES|m1|p0|r1,1,0,1,792344701,105,145.61801952063576,-145.61801952063576,0.1
ECIES,full_noise_campaign,es_stdp_teacher_off,1,1048311534,ES+STDP teacher-free,poisson_mixed,100.0,0.0,198,1.0072228948120028,0.054924242424242424,149.32125,9.205897103061611,49,0.030934343434343436,0.7777777777777778,False,False,False,,ECIES|m1|p0|r1,1,0,1,1181270734,105,145.61801952063576,-145.61801952063576,0.1
ECIES,full_noise_campaign,es_stdp_teacher_off,1,1220455565,ES+STDP teacher-free,none,0.0,0.0,198,1.0077276858501136,0.0,137.1625,8.63640982890183,0,0.0,1.0,True,True,True,1.0,ECIES|m1|p1|r0,1,1,0,1699412703,105,145.61801952063576,-145.61801952063576,0.1
ECIES,full_noise_campaign,es_stdp_teacher_off,1,1220455565,ES+STDP teacher-free,poisson_excitatory,5.0,0.0,198,1.010679889936,0.003787878787878788,137.06874999999997,8.653144801643938,3,0.001893939393939394,0.9848484848484849,False,False,False,,ECIES|m1|p1|r0,1,1,0,137050531,105,145.61801952063576,-145.61801952063576,0.1
ECIES,full_noise_campaign,es_stdp_teacher_off,1,1220455565,ES+STDP teacher-free,poisson_excitatory,10.0,0.0,198,1.0052468550857157,0.008207070707070708,137.4043749999999,8.68333096910876,6,0.003787878787878788,0.9696969696969697,False,False,False,,ECIES|m1|p1|r0,1,1,0,277945245,105,145.61801952063576,-145.61801952063576,0.1
ECIES,full_noise_campaign,es_stdp_teacher_off,1,1220455565,ES+STDP teacher-free,poisson_excitatory,25.0,0.0,198,0.9959344689268619,0.03851010101010101,143.58062499999988,9.025340955868426,30,0.01893939393939394,0.8535353535353536,False,False,False,,ECIES|m1|p1|r0,1,1,0,82802338,105,145.61801952063576,-145.61801952063576,0.1
ECIES,full_noise_campaign,es_stdp_teacher_off,1,1220455565,ES+STDP teacher-free,poisson_excitatory,50.0,0.0,198,1.0009234161116183,0.08648989898989899,157.39874999999986,9.756193397309058,77,0.04861111111111111,0.6565656565656566,False,False,False,,ECIES|m1|p1|r0,1,1,0,536054863,105,145.61801952063576,-145.61801952063576,0.1
ECIES,full_noise_campaign,es_stdp_teacher_off,1,1220455565,ES+STDP teacher-free,poisson_excitatory,100.0,0.0,198,0.9998061349615455,0.24873737373737373,193.2112499999999,11.4490379419132,228,0.14393939393939395,0.30808080808080807,False,False,False,,ECIES|m1|p1|r0,1,1,0,146403258,105,145.61801952063576,-145.61801952063576,0.1
ECIES,full_noise_campaign,es_stdp_teacher_off,1,1220455565,ES+STDP teacher-free,poisson_inhibitory,5.0,0.0,198,0.9988905319478363,0.0025252525252525255,138.24375000000003,8.664519449911996,2,0.0012626262626262627,0.98989898989899,False,False,False,,ECIES|m1|p1|r0,1,1,0,1455826709,105,145.61801952063576,-145.61801952063576,0.1
ECIES,full_noise_campaign,es_stdp_teacher_off,1,1220455565,ES+STDP teacher-free,poisson_inhibitory,10.0,0.0,198,1.0209580811206251,0.006313131313131313,139.14999999999998,8.694379422606819,4,0.0025252525252525255,0.9797979797979798,False,False,False,,ECIES|m1|p1|r0,1,1,0,2034840766,105,145.61801952063576,-145.61801952063576,0.1
ECIES,full_noise_campaign,es_stdp_teacher_off,1,1220455565,ES+STDP teacher-free,poisson_inhibitory,25.0,0.0,198,1.0007091439329088,0.003787878787878788,142.05250000000007,8.780403468804353,3,0.001893939393939394,0.9848484848484849,False,False,False,,ECIES|m1|p1|r0,1,1,0,1832344001,105,145.61801952063576,-145.61801952063576,0.1
ECIES,full_noise_campaign,es_stdp_teacher_off,1,1220455565,ES+STDP teacher-free,poisson_inhibitory,50.0,0.0,198,1.0014263920020312,0.027146464646464648,147.3606249999999,9.005610981622626,27,0.017045454545454544,0.8737373737373737,False,False,False,,ECIES|m1|p1|r0,1,1,0,1982571502,105,145.61801952063576,-145.61801952063576,0.1
ECIES,full_noise_campaign,es_stdp_teacher_off,1,1220455565,ES+STDP teacher-free,poisson_inhibitory,100.0,0.0,198,1.002773551037535,0.17234848484848486,157.2168749999999,9.588517275443973,186,0.11742424242424243,0.3434343434343434,False,False,False,,ECIES|m1|p1|r0,1,1,0,1608377720,105,145.61801952063576,-145.61801952063576,0.1
ECIES,full_noise_campaign,es_stdp_teacher_off,1,1220455565,ES+STDP teacher-free,poisson_mixed,5.0,0.0,198,1.0126214961055666,0.0025252525252525255,137.45312500000003,8.649166022031583,2,0.0012626262626262627,0.98989898989899,False,False,False,,ECIES|m1|p1|r0,1,1,0,1497329647,105,145.61801952063576,-145.61801952063576,0.1
ECIES,full_noise_campaign,es_stdp_teacher_off,1,1220455565,ES+STDP teacher-free,poisson_mixed,10.0,0.0,198,1.0103439448866993,0.005050505050505051,137.50125,8.64962793907075,4,0.0025252525252525255,0.9797979797979798,False,False,False,,ECIES|m1|p1|r0,1,1,0,1377300653,105,145.61801952063576,-145.61801952063576,0.1
ECIES,full_noise_campaign,es_stdp_teacher_off,1,1220455565,ES+STDP teacher-free,poisson_mixed,25.0,0.0,198,1.0009323069825768,0.007575757575757576,139.05624999999995,8.717798921306398,8,0.005050505050505051,0.9595959595959596,False,False,False,,ECIES|m1|p1|r0,1,1,0,1181326768,105,145.61801952063576,-145.61801952063576,0.1
ECIES,full_noise_campaign,es_stdp_teacher_off,1,1220455565,ES+STDP teacher-free,poisson_mixed,50.0,0.0,198,1.0010832380503416,0.01893939393939394,142.106875,8.864416355471155,16,0.010101010101010102,0.9242424242424242,False,False,False,,ECIES|m1|p1|r0,1,1,0,1567975423,105,145.61801952063576,-145.61801952063576,0.1
ECIES,full_noise_campaign,es_stdp_teacher_off,1,1220455565,ES+STDP teacher-free,poisson_mixed,100.0,0.0,198,1.003985129063949,0.03787878787878788,147.90937499999998,9.144701946909505,37,0.02335858585858586,0.8383838383838383,False,False,False,,ECIES|m1|p1|r0,1,1,0,1119988760,105,145.61801952063576,-145.61801952063576,0.1
ECIES,full_noise_campaign,es_stdp_teacher_off,1,1069128991,ES+STDP teacher-free,none,0.0,0.0,198,0.9987364860717207,0.0,137.1625,8.63640982890183,0,0.0,1.0,True,True,True,1.0,ECIES|m1|p1|r1,1,1,1,176722358,105,145.61801952063576,-145.61801952063576,0.1
ECIES,full_noise_campaign,es_stdp_teacher_off,1,1069128991,ES+STDP teacher-free,poisson_excitatory,5.0,0.0,198,1.0075638070702553,0.004419191919191919,137.0725,8.65098767522926,4,0.0025252525252525255,0.9797979797979798,False,False,False,,ECIES|m1|p1|r1,1,1,1,151936137,105,145.61801952063576,-145.61801952063576,0.1
ECIES,full_noise_campaign,es_stdp_teacher_off,1,1069128991,ES+STDP teacher-free,poisson_excitatory,10.0,0.0,198,1.0156261939555407,0.005681818181818182,137.02374999999992,8.666656346541384,5,0.0031565656565656565,0.9747474747474747,False,False,False,,ECIES|m1|p1|r1,1,1,1,890932134,105,145.61801952063576,-145.61801952063576,0.1
ECIES,full_noise_campaign,es_stdp_teacher_off,1,1069128991,ES+STDP teacher-free,poisson_excitatory,25.0,0.0,198,1.0006806638557464,0.029671717171717172,142.48124999999993,8.976201083140726,25,0.015782828282828284,0.8787878787878788,False,False,False,,ECIES|m1|p1|r1,1,1,1,560260771,105,145.61801952063576,-145.61801952063576,0.1
ECIES,full_noise_campaign,es_stdp_teacher_off,1,1069128991,ES+STDP teacher-free,poisson_excitatory,50.0,0.0,198,0.9972602871712297,0.09659090909090909,155.88937499999992,9.66765988786268,82,0.05176767676767677,0.6616161616161615,False,False,False,,ECIES|m1|p1|r1,1,1,1,980950102,105,145.61801952063576,-145.61801952063576,0.1
ECIES,full_noise_campaign,es_stdp_teacher_off,1,1069128991,ES+STDP teacher-free,poisson_excitatory,100.0,0.0,198,0.9945705339778215,0.23674242424242425,190.76812499999997,11.356847648297373,233,0.14709595959595959,0.2727272727272727,False,False,False,,ECIES|m1|p1|r1,1,1,1,1873037634,105,145.61801952063576,-145.61801952063576,0.1
ECIES,full_noise_campaign,es_stdp_teacher_off,1,1069128991,ES+STDP teacher-free,poisson_inhibitory,5.0,0.0,198,0.9957935919519514,0.001893939393939394,138.101875,8.661874569373296,1,0.0006313131313131314,0.9949494949494949,False,False,False,,ECIES|m1|p1|r1,1,1,1,1474511863,105,145.61801952063576,-145.61801952063576,0.1
ECIES,full_noise_campaign,es_stdp_teacher_off,1,1069128991,ES+STDP teacher-free,poisson_inhibitory,10.0,0.0,198,1.015723638003692,0.004419191919191919,139.2425,8.69434002451871,4,0.0025252525252525255,0.9797979797979798,False,False,False,,ECIES|m1|p1|r1,1,1,1,1556260039,105,145.61801952063576,-145.61801952063576,0.1
ECIES,full_noise_campaign,es_stdp_teacher_off,1,1069128991,ES+STDP teacher-free,poisson_inhibitory,25.0,0.0,198,1.0013258608523756,0.013257575757575758,142.53125000000009,8.809220112415707,11,0.006944444444444444,0.9444444444444444,False,False,False,,ECIES|m1|p1|r1,1,1,1,1220331970,105,145.61801952063576,-145.61801952063576,0.1
ECIES,full_noise_campaign,es_stdp_teacher_off,1,1069128991,ES+STDP teacher-free,poisson_inhibitory,50.0,0.0,198,0.9944817160721868,0.036616161616161616,148.03187499999996,9.032959819756876,35,0.022095959595959596,0.8282828282828283,False,False,False,,ECIES|m1|p1|r1,1,1,1,1403007989,105,145.61801952063576,-145.61801952063576,0.1
ECIES,full_noise_campaign,es_stdp_teacher_off,1,1069128991,ES+STDP teacher-free,poisson_inhibitory,100.0,0.0,198,1.0172702569980174,0.1773989898989899,157.29624999999987,9.611159779612525,192,0.12121212121212122,0.3535353535353535,False,False,False,,ECIES|m1|p1|r1,1,1,1,952124420,105,145.61801952063576,-145.61801952063576,0.1
ECIES,full_noise_campaign,es_stdp_teacher_off,1,1069128991,ES+STDP teacher-free,poisson_mixed,5.0,0.0,198,0.9997822730802,0.001893939393939394,137.22250000000008,8.641534840878409,3,0.001893939393939394,0.9848484848484849,False,False,False,,ECIES|m1|p1|r1,1,1,1,249425864,105,145.61801952063576,-145.61801952063576,0.1
ECIES,full_noise_campaign,es_stdp_teacher_off,1,1069128991,ES+STDP teacher-free,poisson_mixed,10.0,0.0,198,1.007822172017768,0.005681818181818182,137.829375,8.667367441591137,6,0.003787878787878788,0.9696969696969697,False,False,False,,ECIES|m1|p1|r1,1,1,1,930139119,105,145.61801952063576,-145.61801952063576,0.1
ECIES,full_noise_campaign,es_stdp_teacher_off,1,1069128991,ES+STDP teacher-free,poisson_mixed,25.0,0.0,198,1.0041180320549756,0.012626262626262626,139.63250000000002,8.749961281607463,10,0.006313131313131313,0.9545454545454546,False,False,False,,ECIES|m1|p1|r1,1,1,1,588162794,105,145.61801952063576,-145.61801952063576,0.1
ECIES,full_noise_campaign,es_stdp_teacher_off,1,1069128991,ES+STDP teacher-free,poisson_mixed,50.0,0.0,198,0.9965746260713786,0.023989898989898988,142.61937499999993,8.892131630571463,24,0.015151515151515152,0.8838383838383839,False,False,False,,ECIES|m1|p1|r1,1,1,1,940727485,105,145.61801952063576,-145.61801952063576,0.1
ECIES,full_noise_campaign,es_stdp_teacher_off,1,1069128991,ES+STDP teacher-free,poisson_mixed,100.0,0.0,198,1.0007000321056694,0.054292929292929296,149.07687499999992,9.191527507814843,38,0.023989898989898988,0.8181818181818181,False,False,False,,ECIES|m1|p1|r1,1,1,1,1562060955,105,145.61801952063576,-145.61801952063576,0.1
ECIES,full_noise_campaign,es_stdp_teacher_off,1,1257771622,ES+STDP teacher-free,none,0.0,0.0,198,1.000353717012331,0.0,136.9612500000002,8.597819225157451,0,0.0,1.0,True,True,True,1.0,ECIES|m1|p2|r0,1,2,0,315893871,105,145.61801952063576,-145.61801952063576,0.1
ECIES,full_noise_campaign,es_stdp_teacher_off,1,1257771622,ES+STDP teacher-free,poisson_excitatory,5.0,0.0,198,1.008954363875091,0.0025252525252525255,136.7481250000002,8.611528929212163,4,0.0025252525252525255,0.9797979797979798,False,False,False,,ECIES|m1|p2|r0,1,2,0,2055001260,105,145.61801952063576,-145.61801952063576,0.1
ECIES,full_noise_campaign,es_stdp_teacher_off,1,1257771622,ES+STDP teacher-free,poisson_excitatory,10.0,0.0,198,1.0151523649692535,0.008838383838383838,136.7306250000001,8.634742870053689,10,0.006313131313131313,0.9494949494949495,False,False,False,,ECIES|m1|p2|r0,1,2,0,587544283,105,145.61801952063576,-145.61801952063576,0.1
ECIES,full_noise_campaign,es_stdp_teacher_off,1,1257771622,ES+STDP teacher-free,poisson_excitatory,25.0,0.0,198,0.9988794338423759,0.03409090909090909,142.81999999999994,8.992140298648263,27,0.017045454545454544,0.8787878787878788,False,False,False,,ECIES|m1|p2|r0,1,2,0,930831326,105,145.61801952063576,-145.61801952063576,0.1
ECIES,full_noise_campaign,es_stdp_teacher_off,1,1257771622,ES+STDP teacher-free,poisson_excitatory,50.0,0.0,198,1.0017099790275097,0.09532828282828283,156.58062500000005,9.699562209154974,79,0.049873737373737376,0.6515151515151515,False,False,False,,ECIES|m1|p2|r0,1,2,0,744989201,105,145.61801952063576,-145.61801952063576,0.1
ECIES,full_noise_campaign,es_stdp_teacher_off,1,1257771622,ES+STDP teacher-free,poisson_excitatory,100.0,0.0,198,0.9956003129482269,0.2601010101010101,191.73749999999998,11.396259905802088,248,0.15656565656565657,0.24242424242424243,False,False,False,,ECIES|m1|p2|r0,1,2,0,174581971,105,145.61801952063576,-145.61801952063576,0.1
ECIES,full_noise_campaign,es_stdp_teacher_off,1,1257771622,ES+STDP teacher-free,poisson_inhibitory,5.0,0.0,198,0.9998469101265073,0.005050505050505051,138.22187500000007,8.635570485180645,4,0.0025252525252525255,0.9797979797979798,False,False,False,,ECIES|m1|p2|r0,1,2,0,613534524,105,145.61801952063576,-145.61801952063576,0.1
ECIES,full_noise_campaign,es_stdp_teacher_off,1,1257771622,ES+STDP teacher-free,poisson_inhibitory,10.0,0.0,198,1.0087592108175159,0.005681818181818182,139.313125,8.672387619480094,7,0.004419191919191919,0.9646464646464646,False,False,False,,ECIES|m1|p2|r0,1,2,0,1256003962,105,145.61801952063576,-145.61801952063576,0.1
ECIES,full_noise_campaign,es_stdp_teacher_off,1,1257771622,ES+STDP teacher-free,poisson_inhibitory,25.0,0.0,198,1.0024170079268515,0.010101010101010102,142.49812499999996,8.77908903756541,10,0.006313131313131313,0.9494949494949495,False,False,False,,ECIES|m1|p2|r0,1,2,0,1587770495,105,145.61801952063576,-145.61801952063576,0.1
ECIES,full_noise_campaign,es_stdp_teacher_off,1,1257771622,ES+STDP teacher-free,poisson_inhibitory,50.0,0.0,198,0.9970381939783692,0.03282828282828283,148.19000000000003,9.014251901423844,34,0.021464646464646464,0.8434343434343434,False,False,False,,ECIES|m1|p2|r0,1,2,0,1170181682,105,145.61801952063576,-145.61801952063576,0.1
ECIES,full_noise_campaign,es_stdp_teacher_off,1,1257771622,ES+STDP teacher-free,poisson_inhibitory,100.0,0.0,198,0.9985345259774476,0.16540404040404041,157.02187500000002,9.576077128235582,167,0.10542929292929293,0.40909090909090906,False,False,False,,ECIES|m1|p2|r0,1,2,0,1560535699,105,145.61801952063576,-145.61801952063576,0.1
ECIES,full_noise_campaign,es_stdp_teacher_off,1,1257771622,ES+STDP teacher-free,poisson_mixed,5.0,0.0,198,0.996358152013272,0.003787878787878788,137.56437500000013,8.629636701664776,6,0.003787878787878788,0.9696969696969697,False,False,False,,ECIES|m1|p2|r0,1,2,0,572648784,105,145.61801952063576,-145.61801952063576,0.1
ECIES,full_noise_campaign,es_stdp_teacher_off,1,1257771622,ES+STDP teacher-free,poisson_mixed,10.0,0.0,198,1.0117862231563777,0.005050505050505051,137.86937500000005,8.643227106448226,7,0.004419191919191919,0.9646464646464646,False,False,False,,ECIES|m1|p2|r0,1,2,0,1802460653,105,145.61801952063576,-145.61801952063576,0.1
ECIES,full_noise_campaign,es_stdp_teacher_off,1,1257771622,ES+STDP teacher-free,poisson_mixed,25.0,0.0,198,1.0103649799712002,0.006944444444444444,138.76625,8.686804804003597,8,0.005050505050505051,0.9595959595959596,False,False,False,,ECIES|m1|p2|r0,1,2,0,2131833072,105,145.61801952063576,-145.61801952063576,0.1
ECIES,full_noise_campaign,es_stdp_teacher_off,1,1257771622,ES+STDP teacher-free,poisson_mixed,50.0,0.0,198,1.0057575290556997,0.023989898989898988,142.00250000000005,8.849128447539506,19,0.011994949494949494,0.9090909090909091,False,False,False,,ECIES|m1|p2|r0,1,2,0,1678625471,105,145.61801952063576,-145.61801952063576,0.1
ECIES,full_noise_campaign,es_stdp_teacher_off,1,1257771622,ES+STDP teacher-free,poisson_mixed,100.0,0.0,198,1.0027927418705076,0.05808080808080808,148.8275000000001,9.162341186719505,49,0.030934343434343436,0.7626262626262627,False,False,False,,ECIES|m1|p2|r0,1,2,0,874812157,105,145.61801952063576,-145.61801952063576,0.1
ECIES,full_noise_campaign,es_stdp_teacher_off,1,1040130776,ES+STDP teacher-free,none,0.0,0.0,198,0.9959125078748912,0.0,136.9612500000002,8.597819225157451,0,0.0,1.0,True,True,True,1.0,ECIES|m1|p2|r1,1,2,1,2098611110,105,145.61801952063576,-145.61801952063576,0.1
ECIES,full_noise_campaign,es_stdp_teacher_off,1,1040130776,ES+STDP teacher-free,poisson_excitatory,5.0,0.0,198,1.0084760400932282,0.0025252525252525255,136.6550000000001,8.604826798947842,4,0.0025252525252525255,0.9797979797979798,False,False,False,,ECIES|m1|p2|r1,1,2,1,2069475792,105,145.61801952063576,-145.61801952063576,0.1
ECIES,full_noise_campaign,es_stdp_teacher_off,1,1040130776,ES+STDP teacher-free,poisson_excitatory,10.0,0.0,198,1.0114138920325786,0.007575757575757576,136.98687499999986,8.647636387391838,6,0.003787878787878788,0.9696969696969697,False,False,False,,ECIES|m1|p2|r1,1,2,1,110012138,105,145.61801952063576,-145.61801952063576,0.1
ECIES,full_noise_campaign,es_stdp_teacher_off,1,1040130776,ES+STDP teacher-free,poisson_excitatory,25.0,0.0,198,0.9991549279075116,0.030934343434343436,141.53874999999994,8.9197132539647,27,0.017045454545454544,0.8686868686868687,False,False,False,,ECIES|m1|p2|r1,1,2,1,317770725,105,145.61801952063576,-145.61801952063576,0.1
ECIES,full_noise_campaign,es_stdp_teacher_off,1,1040130776,ES+STDP teacher-free,poisson_excitatory,50.0,0.0,198,0.9950755690224469,0.09974747474747475,156.08624999999992,9.69718296640613,83,0.052398989898989896,0.6363636363636364,False,False,False,,ECIES|m1|p2|r1,1,2,1,166474258,105,145.61801952063576,-145.61801952063576,0.1
ECIES,full_noise_campaign,es_stdp_teacher_off,1,1040130776,ES+STDP teacher-free,poisson_excitatory,100.0,0.0,198,0.9948219361249357,0.255050505050505,192.58499999999998,11.441874476701674,252,0.1590909090909091,0.25757575757575757,False,False,False,,ECIES|m1|p2|r1,1,2,1,1836732009,105,145.61801952063576,-145.61801952063576,0.1
ECIES,full_noise_campaign,es_stdp_teacher_off,1,1040130776,ES+STDP teacher-free,poisson_inhibitory,5.0,0.0,198,0.9946297099813819,0.004419191919191919,138.33937500000016,8.640808094720292,6,0.003787878787878788,0.9696969696969697,False,False,False,,ECIES|m1|p2|r1,1,2,1,632598112,105,145.61801952063576,-145.61801952063576,0.1
ECIES,full_noise_campaign,es_stdp_teacher_off,1,1040130776,ES+STDP teacher-free,poisson_inhibitory,10.0,0.0,198,1.0054344201926142,0.004419191919191919,139.40437500000013,8.67383888645794,5,0.0031565656565656565,0.9747474747474747,False,False,False,,ECIES|m1|p2|r1,1,2,1,1867942281,105,145.61801952063576,-145.61801952063576,0.1
ECIES,full_noise_campaign,es_stdp_teacher_off,1,1040130776,ES+STDP teacher-free,poisson_inhibitory,25.0,0.0,198,1.0094152430538088,0.013888888888888888,142.3018750000001,8.768525254610715,15,0.00946969696969697,0.9242424242424242,False,False,False,,ECIES|m1|p2|r1,1,2,1,2066277510,105,145.61801952063576,-145.61801952063576,0.1
ECIES,full_noise_campaign,es_stdp_teacher_off,1,1040130776,ES+STDP teacher-free,poisson_inhibitory,50.0,0.0,198,0.9990822058171034,0.041035353535353536,148.74687500000002,9.029636194638178,37,0.02335858585858586,0.8232323232323232,False,False,False,,ECIES|m1|p2|r1,1,2,1,1614028339,105,145.61801952063576,-145.61801952063576,0.1
ECIES,full_noise_campaign,es_stdp_teacher_off,1,1040130776,ES+STDP teacher-free,poisson_inhibitory,100.0,0.0,198,1.0041341590695083,0.1691919191919192,157.27874999999995,9.595861127287487,189,0.11931818181818182,0.35858585858585856,False,False,False,,ECIES|m1|p2|r1,1,2,1,975062313,105,145.61801952063576,-145.61801952063576,0.1
ECIES,full_noise_campaign,es_stdp_teacher_off,1,1040130776,ES+STDP teacher-free,poisson_mixed,5.0,0.0,198,1.0047545619308949,0.003787878787878788,137.28687500000018,8.613317370539503,6,0.003787878787878788,0.9696969696969697,False,False,False,,ECIES|m1|p2|r1,1,2,1,1975741865,105,145.61801952063576,-145.61801952063576,0.1
ECIES,full_noise_campaign,es_stdp_teacher_off,1,1040130776,ES+STDP teacher-free,poisson_mixed,10.0,0.0,198,1.007961851079017,0.0031565656565656565,137.32812500000023,8.617164820995274,5,0.0031565656565656565,0.9747474747474747,False,False,False,,ECIES|m1|p2|r1,1,2,1,235431599,105,145.61801952063576,-145.61801952063576,0.1
ECIES,full_noise_campaign,es_stdp_teacher_off,1,1040130776,ES+STDP teacher-free,poisson_mixed,25.0,0.0,198,0.9990577090065926,0.013888888888888888,139.37937499999998,8.720394589022833,13,0.008207070707070708,0.9343434343434344,False,False,False,,ECIES|m1|p2|r1,1,2,1,443943850,105,145.61801952063576,-145.61801952063576,0.1
ECIES,full_noise_campaign,es_stdp_teacher_off,1,1040130776,ES+STDP teacher-free,poisson_mixed,50.0,0.0,198,0.998721816111356,0.023989898989898988,142.55812500000002,8.878594750653138,22,0.013888888888888888,0.8888888888888888,False,False,False,,ECIES|m1|p2|r1,1,2,1,23785981,105,145.61801952063576,-145.61801952063576,0.1
ECIES,full_noise_campaign,es_stdp_teacher_off,1,1040130776,ES+STDP teacher-free,poisson_mixed,100.0,0.0,198,1.0080371990334243,0.046085858585858584,147.39187500000003,9.077107850494983,37,0.02335858585858586,0.8232323232323232,False,False,False,,ECIES|m1|p2|r1,1,2,1,738070904,105,145.61801952063576,-145.61801952063576,0.1
ECIES,full_noise_campaign,es_stdp_teacher_off,1,1262123063,ES+STDP teacher-free,none,0.0,0.0,198,0.9915522369556129,0.0,137.5043750000001,8.643720695861322,0,0.0,1.0,True,True,True,1.0,ECIES|m1|p3|r0,1,3,0,158426197,105,145.61801952063576,-145.61801952063576,0.1
ECIES,full_noise_campaign,es_stdp_teacher_off,1,1262123063,ES+STDP teacher-free,poisson_excitatory,5.0,0.0,198,1.0103592399973422,0.0025252525252525255,136.8875000000001,8.636754792537502,3,0.001893939393939394,0.9848484848484849,False,False,False,,ECIES|m1|p3|r0,1,3,0,492925504,105,145.61801952063576,-145.61801952063576,0.1
ECIES,full_noise_campaign,es_stdp_teacher_off,1,1262123063,ES+STDP teacher-free,poisson_excitatory,10.0,0.0,198,1.0047193299978971,0.006313131313131313,137.12812500000013,8.671259012114621,6,0.003787878787878788,0.9696969696969697,False,False,False,,ECIES|m1|p3|r0,1,3,0,1300835866,105,145.61801952063576,-145.61801952063576,0.1
ECIES,full_noise_campaign,es_stdp_teacher_off,1,1262123063,ES+STDP teacher-free,poisson_excitatory,25.0,0.0,198,1.0067389709874988,0.034722222222222224,142.29187499999995,8.96988055774438,27,0.017045454545454544,0.8686868686868687,False,False,False,,ECIES|m1|p3|r0,1,3,0,1509376287,105,145.61801952063576,-145.61801952063576,0.1
ECIES,full_noise_campaign,es_stdp_teacher_off,1,1262123063,ES+STDP teacher-free,poisson_excitatory,50.0,0.0,198,1.000693028094247,0.0946969696969697,156.35125,9.69998749445073,86,0.054292929292929296,0.6464646464646464,False,False,False,,ECIES|m1|p3|r0,1,3,0,1122745042,105,145.61801952063576,-145.61801952063576,0.1
ECIES,full_noise_campaign,es_stdp_teacher_off,1,1262123063,ES+STDP teacher-free,poisson_excitatory,100.0,0.0,198,0.9991326788440347,0.24116161616161616,191.49499999999995,11.403486648642946,240,0.15151515151515152,0.28787878787878785,False,False,False,,ECIES|m1|p3|r0,1,3,0,198317536,105,145.61801952063576,-145.61801952063576,0.1
ECIES,full_noise_campaign,es_stdp_teacher_off,1,1262123063,ES+STDP teacher-free,poisson_inhibitory,5.0,0.0,198,0.9957217229530215,0.001893939393939394,138.5875000000001,8.676107721174834,2,0.0012626262626262627,0.98989898989899,False,False,False,,ECIES|m1|p3|r0,1,3,0,1133276592,105,145.61801952063576,-145.61801952063576,0.1
ECIES,full_noise_campaign,es_stdp_teacher_off,1,1262123063,ES+STDP teacher-free,poisson_inhibitory,10.0,0.0,198,1.0074743079021573,0.001893939393939394,139.51312500000017,8.705484339025546,1,0.0006313131313131314,0.9949494949494949,False,False,False,,ECIES|m1|p3|r0,1,3,0,609288763,105,145.61801952063576,-145.61801952063576,0.1
ECIES,full_noise_campaign,es_stdp_teacher_off,1,1262123063,ES+STDP teacher-free,poisson_inhibitory,25.0,0.0,198,1.003267436986789,0.011363636363636364,142.68312500000013,8.802891105404772,8,0.005050505050505051,0.9595959595959596,False,False,False,,ECIES|m1|p3|r0,1,3,0,808415038,105,145.61801952063576,-145.61801952063576,0.1
ECIES,full_noise_campaign,es_stdp_teacher_off,1,1262123063,ES+STDP teacher-free,poisson_inhibitory,50.0,0.0,198,0.9979157031048089,0.032196969696969696,148.02875000000012,9.034614515220309,26,0.016414141414141416,0.8838383838383839,False,False,False,,ECIES|m1|p3|r0,1,3,0,724800881,105,145.61801952063576,-145.61801952063576,0.1
ECIES,full_noise_campaign,es_stdp_teacher_off,1,1262123063,ES+STDP teacher-free,poisson_inhibitory,100.0,0.0,198,0.9990469149779528,0.18371212121212122,157.12562500000007,9.591505811140213,183,0.11553030303030302,0.3484848484848485,False,False,False,,ECIES|m1|p3|r0,1,3,0,1555439518,105,145.61801952063576,-145.61801952063576,0.1
ECIES,full_noise_campaign,es_stdp_teacher_off,1,1262123063,ES+STDP teacher-free,poisson_mixed,5.0,0.0,198,1.0142968560103327,0.0025252525252525255,137.74375000000003,8.654621528740293,3,0.001893939393939394,0.9848484848484849,False,False,False,,ECIES|m1|p3|r0,1,3,0,1039888099,105,145.61801952063576,-145.61801952063576,0.1
ECIES,full_noise_campaign,es_stdp_teacher_off,1,1262123063,ES+STDP teacher-free,poisson_mixed,10.0,0.0,198,1.0122016561217606,0.0031565656565656565,137.92812500000014,8.66522181948777,2,0.0012626262626262627,0.98989898989899,False,False,False,,ECIES|m1|p3|r0,1,3,0,2085042477,105,145.61801952063576,-145.61801952063576,0.1
ECIES,full_noise_campaign,es_stdp_teacher_off,1,1262123063,ES+STDP teacher-free,poisson_mixed,25.0,0.0,198,1.0080262289848179,0.011363636363636364,139.7950000000001,8.757826741215727,9,0.005681818181818182,0.9545454545454546,False,False,False,,ECIES|m1|p3|r0,1,3,0,1748587568,105,145.61801952063576,-145.61801952063576,0.1
ECIES,full_noise_campaign,es_stdp_teacher_off,1,1262123063,ES+STDP teacher-free,poisson_mixed,50.0,0.0,198,1.0132058979943395,0.02462121212121212,143.58375000000012,8.937799329494585,24,0.015151515151515152,0.8939393939393939,False,False,False,,ECIES|m1|p3|r0,1,3,0,1931849343,105,145.61801952063576,-145.61801952063576,0.1
ECIES,full_noise_campaign,es_stdp_teacher_off,1,1262123063,ES+STDP teacher-free,poisson_mixed,100.0,0.0,198,1.0097929420880973,0.047979797979797977,148.9918750000001,9.192896782581984,41,0.025883838383838384,0.8080808080808081,False,False,False,,ECIES|m1|p3|r0,1,3,0,794261554,105,145.61801952063576,-145.61801952063576,0.1
ECIES,full_noise_campaign,es_stdp_teacher_off,1,1010649285,ES+STDP teacher-free,none,0.0,0.0,198,1.002459028037265,0.0,137.5043750000001,8.643720695861322,0,0.0,1.0,True,True,True,1.0,ECIES|m1|p3|r1,1,3,1,1723010878,105,145.61801952063576,-145.61801952063576,0.1
ECIES,full_noise_campaign,es_stdp_teacher_off,1,1010649285,ES+STDP teacher-free,poisson_excitatory,5.0,0.0,198,1.0121873619500548,0.001893939393939394,137.2031250000001,8.651910886087308,2,0.0012626262626262627,0.98989898989899,False,False,False,,ECIES|m1|p3|r1,1,3,1,474224476,105,145.61801952063576,-145.61801952063576,0.1
ECIES,full_noise_campaign,es_stdp_teacher_off,1,1010649285,ES+STDP teacher-free,poisson_excitatory,10.0,0.0,198,1.0121612178627402,0.010101010101010102,137.72625000000002,8.697448207895508,9,0.005681818181818182,0.9595959595959596,False,False,False,,ECIES|m1|p3|r1,1,3,1,1745010217,105,145.61801952063576,-145.61801952063576,0.1
ECIES,full_noise_campaign,es_stdp_teacher_off,1,1010649285,ES+STDP teacher-free,poisson_excitatory,25.0,0.0,198,1.0033179719466716,0.032196969696969696,142.49437499999996,8.982094668671074,31,0.019570707070707072,0.8484848484848485,False,False,False,,ECIES|m1|p3|r1,1,3,1,2088554790,105,145.61801952063576,-145.61801952063576,0.1
ECIES,full_noise_campaign,es_stdp_teacher_off,1,1010649285,ES+STDP teacher-free,poisson_excitatory,50.0,0.0,198,1.0106858969666064,0.09722222222222222,156.851875,9.716246678604048,79,0.049873737373737376,0.6363636363636364,False,False,False,,ECIES|m1|p3|r1,1,3,1,1734355667,105,145.61801952063576,-145.61801952063576,0.1
ECIES,full_noise_campaign,es_stdp_teacher_off,1,1010649285,ES+STDP teacher-free,poisson_excitatory,100.0,0.0,198,1.00457453308627,0.25315656565656564,193.89687500000014,11.499740264765904,229,0.14457070707070707,0.303030303030303,False,False,False,,ECIES|m1|p3|r1,1,3,1,1825551180,105,145.61801952063576,-145.61801952063576,0.1
ECIES,full_noise_campaign,es_stdp_teacher_off,1,1010649285,ES+STDP teacher-free,poisson_inhibitory,5.0,0.0,198,1.001375611172989,0.003787878787878788,138.4537500000001,8.672852216567152,3,0.001893939393939394,0.9848484848484849,False,False,False,,ECIES|m1|p3|r1,1,3,1,1118374092,105,145.61801952063576,-145.61801952063576,0.1
ECIES,full_noise_campaign,es_stdp_teacher_off,1,1010649285,ES+STDP teacher-free,poisson_inhibitory,10.0,0.0,198,1.0108521301299334,0.006313131313131313,139.62812500000018,8.710157385129317,3,0.001893939393939394,0.9848484848484849,False,False,False,,ECIES|m1|p3|r1,1,3,1,31101514,105,145.61801952063576,-145.61801952063576,0.1
ECIES,full_noise_campaign,es_stdp_teacher_off,1,1010649285,ES+STDP teacher-free,poisson_inhibitory,25.0,0.0,198,1.0058537269942462,0.008838383838383838,142.7975000000001,8.807261401875857,6,0.003787878787878788,0.9696969696969697,False,False,False,,ECIES|m1|p3|r1,1,3,1,363134789,105,145.61801952063576,-145.61801952063576,0.1
ECIES,full_noise_campaign,es_stdp_teacher_off,1,1010649285,ES+STDP teacher-free,poisson_inhibitory,50.0,0.0,198,1.0117410868406296,0.03598484848484849,148.38625000000008,9.050210016419335,25,0.015782828282828284,0.8737373737373737,False,False,False,,ECIES|m1|p3|r1,1,3,1,246941042,105,145.61801952063576,-145.61801952063576,0.1
ECIES,full_noise_campaign,es_stdp_teacher_off,1,1010649285,ES+STDP teacher-free,poisson_inhibitory,100.0,0.0,198,1.0030033700168133,0.17929292929292928,156.77749999999997,9.599228499359324,194,0.12247474747474747,0.36868686868686873,False,False,False,,ECIES|m1|p3|r1,1,3,1,1001110030,105,145.61801952063576,-145.61801952063576,0.1
ECIES,full_noise_campaign,es_stdp_teacher_off,1,1010649285,ES+STDP teacher-free,poisson_mixed,5.0,0.0,198,1.0136236711405218,0.0012626262626262627,137.75062500000016,8.657600811365572,1,0.0006313131313131314,0.9949494949494949,False,False,False,,ECIES|m1|p3|r1,1,3,1,1780084490,105,145.61801952063576,-145.61801952063576,0.1
ECIES,full_noise_campaign,es_stdp_teacher_off,1,1010649285,ES+STDP teacher-free,poisson_mixed,10.0,0.0,198,1.006876764120534,0.0031565656565656565,138.30937500000007,8.689100680883428,2,0.0012626262626262627,0.98989898989899,False,False,False,,ECIES|m1|p3|r1,1,3,1,421528175,105,145.61801952063576,-145.61801952063576,0.1
ECIES,full_noise_campaign,es_stdp_teacher_off,1,1010649285,ES+STDP teacher-free,poisson_mixed,25.0,0.0,198,1.0035120700486004,0.010732323232323232,139.74249999999998,8.755255992721054,10,0.006313131313131313,0.9494949494949495,False,False,False,,ECIES|m1|p3|r1,1,3,1,224292714,105,145.61801952063576,-145.61801952063576,0.1
ECIES,full_noise_campaign,es_stdp_teacher_off,1,1010649285,ES+STDP teacher-free,poisson_mixed,50.0,0.0,198,1.0108028501272202,0.017676767676767676,142.24000000000007,8.872173355616523,17,0.010732323232323232,0.9191919191919192,False,False,False,,ECIES|m1|p3|r1,1,3,1,373462333,105,145.61801952063576,-145.61801952063576,0.1
ECIES,full_noise_campaign,es_stdp_teacher_off,1,1010649285,ES+STDP teacher-free,poisson_mixed,100.0,0.0,198,1.0127926839049906,0.05303030303030303,149.94125000000005,9.25035201114084,48,0.030303030303030304,0.7878787878787878,False,False,False,,ECIES|m1|p3|r1,1,3,1,814611395,105,145.61801952063576,-145.61801952063576,0.1
ECIES,full_noise_campaign,es_stdp_teacher_off,2,249347248,ES+STDP teacher-free,none,0.0,0.0,198,1.0107861629221588,0.0,137.57437500000012,8.645942464649126,0,0.0,1.0,True,True,True,1.0,ECIES|m2|p0|r0,2,0,0,42898220,105,145.61801952063576,-145.61801952063576,0.1
ECIES,full_noise_campaign,es_stdp_teacher_off,2,249347248,ES+STDP teacher-free,poisson_excitatory,5.0,0.0,198,1.0169065250083804,0.0025252525252525255,137.04312500000017,8.643223226880215,1,0.0006313131313131314,0.9949494949494949,False,False,False,,ECIES|m2|p0|r0,2,0,0,1843960052,105,145.61801952063576,-145.61801952063576,0.1
ECIES,full_noise_campaign,es_stdp_teacher_off,2,249347248,ES+STDP teacher-free,poisson_excitatory,10.0,0.0,198,1.007734205108136,0.007575757575757576,137.55000000000007,8.690726660698875,7,0.004419191919191919,0.9646464646464646,False,False,False,,ECIES|m2|p0|r0,2,0,0,1528130441,105,145.61801952063576,-145.61801952063576,0.1
ECIES,full_noise_campaign,es_stdp_teacher_off,2,249347248,ES+STDP teacher-free,poisson_excitatory,25.0,0.0,198,0.9941509289201349,0.034722222222222224,142.6193749999999,8.979369697735837,28,0.017676767676767676,0.8737373737373737,False,False,False,,ECIES|m2|p0|r0,2,0,0,1332414084,105,145.61801952063576,-145.61801952063576,0.1
ECIES,full_noise_campaign,es_stdp_teacher_off,2,249347248,ES+STDP teacher-free,poisson_excitatory,50.0,0.0,198,1.016029735095799,0.09911616161616162,156.54124999999982,9.718634501248353,73,0.046085858585858584,0.702020202020202,False,False,False,,ECIES|m2|p0|r0,2,0,0,1417149491,105,145.61801952063576,-145.61801952063576,0.1
ECIES,full_noise_campaign,es_stdp_teacher_off,2,249347248,ES+STDP teacher-free,poisson_excitatory,100.0,0.0,198,1.0050929160788655,0.24305555555555555,190.33249999999998,11.310933495102017,210,0.13257575757575757,0.297979797979798,False,False,False,,ECIES|m2|p0|r0,2,0,0,1303197621,105,145.61801952063576,-145.61801952063576,0.1
ECIES,full_noise_campaign,es_stdp_teacher_off,2,249347248,ES+STDP teacher-free,poisson_inhibitory,5.0,0.0,198,1.0088385390117764,0.004419191919191919,138.62125,8.680963006861239,5,0.0031565656565656565,0.9747474747474747,False,False,False,,ECIES|m2|p0|r0,2,0,0,856000388,105,145.61801952063576,-145.61801952063576,0.1
ECIES,full_noise_campaign,es_stdp_teacher_off,2,249347248,ES+STDP teacher-free,poisson_inhibitory,10.0,0.0,198,1.005865474930033,0.007575757575757576,139.77250000000004,8.71383551534107,5,0.0031565656565656565,0.9747474747474747,False,False,False,,ECIES|m2|p0|r0,2,0,0,852313320,105,145.61801952063576,-145.61801952063576,0.1
ECIES,full_noise_campaign,es_stdp_teacher_off,2,249347248,ES+STDP teacher-free,poisson_inhibitory,25.0,0.0,198,1.0123236840590835,0.017676767676767676,142.87250000000006,8.820895361100076,11,0.006944444444444444,0.9444444444444444,False,False,False,,ECIES|m2|p0|r0,2,0,0,649275877,105,145.61801952063576,-145.61801952063576,0.1
ECIES,full_noise_campaign,es_stdp_teacher_off,2,249347248,ES+STDP teacher-free,poisson_inhibitory,50.0,0.0,198,1.0199564381036907,0.034722222222222224,147.90187500000008,9.026069261399474,24,0.015151515151515152,0.8939393939393939,False,False,False,,ECIES|m2|p0|r0,2,0,0,1034933268,105,145.61801952063576,-145.61801952063576,0.1
ECIES,full_noise_campaign,es_stdp_teacher_off,2,249347248,ES+STDP teacher-free,poisson_inhibitory,100.0,0.0,198,1.0026346580125391,0.17613636363636365,158.23249999999987,9.658570041634718,187,0.11805555555555555,0.4040404040404041,False,False,False,,ECIES|m2|p0|r0,2,0,0,449396085,105,145.61801952063576,-145.61801952063576,0.1
ECIES,full_noise_campaign,es_stdp_teacher_off,2,249347248,ES+STDP teacher-free,poisson_mixed,5.0,0.0,198,1.0077575480099767,0.004419191919191919,137.84625000000017,8.66115209297619,4,0.0025252525252525255,0.9797979797979798,False,False,False,,ECIES|m2|p0|r0,2,0,0,805361041,105,145.61801952063576,-145.61801952063576,0.1
ECIES,full_noise_campaign,es_stdp_teacher_off,2,249347248,ES+STDP teacher-free,poisson_mixed,10.0,0.0,198,1.0139418169856071,0.003787878787878788,138.12437500000007,8.669874378983504,4,0.0025252525252525255,0.9797979797979798,False,False,False,,ECIES|m2|p0|r0,2,0,0,488717717,105,145.61801952063576,-145.61801952063576,0.1
ECIES,full_noise_campaign,es_stdp_teacher_off,2,249347248,ES+STDP teacher-free,poisson_mixed,25.0,0.0,198,1.010006844997406,0.011994949494949494,139.54062499999998,8.74931735093952,8,0.005050505050505051,0.9595959595959596,False,False,False,,ECIES|m2|p0|r0,2,0,0,157241496,105,145.61801952063576,-145.61801952063576,0.1
ECIES,full_noise_campaign,es_stdp_teacher_off,2,249347248,ES+STDP teacher-free,poisson_mixed,50.0,0.0,198,1.0030387069564313,0.03345959595959596,143.25437499999995,8.91805283814109,28,0.017676767676767676,0.8636363636363636,False,False,False,,ECIES|m2|p0|r0,2,0,0,306424423,105,145.61801952063576,-145.61801952063576,0.1
ECIES,full_noise_campaign,es_stdp_teacher_off,2,249347248,ES+STDP teacher-free,poisson_mixed,100.0,0.0,198,1.0095529241953045,0.05555555555555555,148.93937499999996,9.20468265970879,46,0.02904040404040404,0.7929292929292929,False,False,False,,ECIES|m2|p0|r0,2,0,0,1818228628,105,145.61801952063576,-145.61801952063576,0.1
ECIES,full_noise_campaign,es_stdp_teacher_off,2,2044431422,ES+STDP teacher-free,none,0.0,0.0,198,1.0051687608938664,0.0,137.57437500000012,8.645942464649126,0,0.0,1.0,True,True,True,1.0,ECIES|m2|p0|r1,2,0,1,1833760873,105,145.61801952063576,-145.61801952063576,0.1
ECIES,full_noise_campaign,es_stdp_teacher_off,2,2044431422,ES+STDP teacher-free,poisson_excitatory,5.0,0.0,198,1.0117030970286578,0.003787878787878788,136.84437500000007,8.632757280938218,2,0.0012626262626262627,0.98989898989899,False,False,False,,ECIES|m2|p0|r1,2,0,1,1825439256,105,145.61801952063576,-145.61801952063576,0.1
ECIES,full_noise_campaign,es_stdp_teacher_off,2,2044431422,ES+STDP teacher-free,poisson_excitatory,10.0,0.0,198,1.0019380529411137,0.00946969696969697,138.1275,8.715864308166505,7,0.004419191919191919,0.9646464646464646,False,False,False,,ECIES|m2|p0|r1,2,0,1,2124348284,105,145.61801952063576,-145.61801952063576,0.1
ECIES,full_noise_campaign,es_stdp_teacher_off,2,2044431422,ES+STDP teacher-free,poisson_excitatory,25.0,0.0,198,1.0023283439222723,0.037247474747474744,143.175,9.015594514251752,38,0.023989898989898988,0.8282828282828283,False,False,False,,ECIES|m2|p0|r1,2,0,1,1793103487,105,145.61801952063576,-145.61801952063576,0.1
ECIES,full_noise_campaign,es_stdp_teacher_off,2,2044431422,ES+STDP teacher-free,poisson_excitatory,50.0,0.0,198,1.014298310969025,0.08585858585858586,155.4468749999999,9.672229106242977,85,0.05366161616161616,0.6414141414141414,False,False,False,,ECIES|m2|p0|r1,2,0,1,1912368176,105,145.61801952063576,-145.61801952063576,0.1
ECIES,full_noise_campaign,es_stdp_teacher_off,2,2044431422,ES+STDP teacher-free,poisson_excitatory,100.0,0.0,198,1.0112580228596926,0.26073232323232326,193.67812500000005,11.493406915742773,236,0.14898989898989898,0.2676767676767676,False,False,False,,ECIES|m2|p0|r1,2,0,1,716214599,105,145.61801952063576,-145.61801952063576,0.1
ECIES,full_noise_campaign,es_stdp_teacher_off,2,2044431422,ES+STDP teacher-free,poisson_inhibitory,5.0,0.0,198,1.01129489694722,0.0031565656565656565,138.46937499999999,8.669254320103095,1,0.0006313131313131314,0.9949494949494949,False,False,False,,ECIES|m2|p0|r1,2,0,1,841015976,105,145.61801952063576,-145.61801952063576,0.1
ECIES,full_noise_campaign,es_stdp_teacher_off,2,2044431422,ES+STDP teacher-free,poisson_inhibitory,10.0,0.0,198,1.0151120400987566,0.007575757575757576,139.57875,8.705768306350912,6,0.003787878787878788,0.9696969696969697,False,False,False,,ECIES|m2|p0|r1,2,0,1,390517979,105,145.61801952063576,-145.61801952063576,0.1
ECIES,full_noise_campaign,es_stdp_teacher_off,2,2044431422,ES+STDP teacher-free,poisson_inhibitory,25.0,0.0,198,1.0077892129775137,0.013257575757575758,142.74312500000002,8.808182823937099,8,0.005050505050505051,0.9595959595959596,False,False,False,,ECIES|m2|p0|r1,2,0,1,54049248,105,145.61801952063576,-145.61801952063576,0.1
ECIES,full_noise_campaign,es_stdp_teacher_off,2,2044431422,ES+STDP teacher-free,poisson_inhibitory,50.0,0.0,198,1.003714987076819,0.041035353535353536,148.16937499999997,9.047638066275027,39,0.02462121212121212,0.8181818181818181,False,False,False,,ECIES|m2|p0|r1,2,0,1,405029905,105,145.61801952063576,-145.61801952063576,0.1
ECIES,full_noise_campaign,es_stdp_teacher_off,2,2044431422,ES+STDP teacher-free,poisson_inhibitory,100.0,0.0,198,1.0011898858938366,0.16792929292929293,157.83125,9.635938348485737,196,0.12373737373737374,0.35858585858585856,False,False,False,,ECIES|m2|p0|r1,2,0,1,2111085575,105,145.61801952063576,-145.61801952063576,0.1
ECIES,full_noise_campaign,es_stdp_teacher_off,2,2044431422,ES+STDP teacher-free,poisson_mixed,5.0,0.0,198,0.9995002059731632,0.0012626262626262627,137.79875000000013,8.65794844546577,1,0.0006313131313131314,0.9949494949494949,False,False,False,,ECIES|m2|p0|r1,2,0,1,1742886248,105,145.61801952063576,-145.61801952063576,0.1
ECIES,full_noise_campaign,es_stdp_teacher_off,2,2044431422,ES+STDP teacher-free,poisson_mixed,10.0,0.0,198,1.012415167177096,0.004419191919191919,138.17187500000006,8.676085870013122,4,0.0025252525252525255,0.9797979797979798,False,False,False,,ECIES|m2|p0|r1,2,0,1,2017855063,105,145.61801952063576,-145.61801952063576,0.1
ECIES,full_noise_campaign,es_stdp_teacher_off,2,2044431422,ES+STDP teacher-free,poisson_mixed,25.0,0.0,198,0.9992347899824381,0.006313131313131313,139.35187500000006,8.740222717238566,8,0.005050505050505051,0.9595959595959596,False,False,False,,ECIES|m2|p0|r1,2,0,1,1815636818,105,145.61801952063576,-145.61801952063576,0.1
ECIES,full_noise_campaign,es_stdp_teacher_off,2,2044431422,ES+STDP teacher-free,poisson_mixed,50.0,0.0,198,1.0017549050971866,0.025883838383838384,142.06062499999996,8.87498720787473,21,0.013257575757575758,0.898989898989899,False,False,False,,ECIES|m2|p0|r1,2,0,1,1998885285,105,145.61801952063576,-145.61801952063576,0.1
ECIES,full_noise_campaign,es_stdp_teacher_off,2,2044431422,ES+STDP teacher-free,poisson_mixed,100.0,0.0,198,1.0087555528152734,0.054292929292929296,149.48187499999995,9.219093092903663,52,0.03282828282828283,0.7575757575757576,False,False,False,,ECIES|m2|p0|r1,2,0,1,1938126113,105,145.61801952063576,-145.61801952063576,0.1
ECIES,full_noise_campaign,es_stdp_teacher_off,2,253679325,ES+STDP teacher-free,none,0.0,0.0,198,0.998096588999033,0.0,137.1625,8.63640982890183,0,0.0,1.0,True,True,True,1.0,ECIES|m2|p1|r0,2,1,0,422305688,105,145.61801952063576,-145.61801952063576,0.1
ECIES,full_noise_campaign,es_stdp_teacher_off,2,253679325,ES+STDP teacher-free,poisson_excitatory,5.0,0.0,198,1.0036964600440115,0.004419191919191919,137.031875,8.649422622367917,3,0.001893939393939394,0.9848484848484849,False,False,False,,ECIES|m2|p1|r0,2,1,0,183844488,105,145.61801952063576,-145.61801952063576,0.1
ECIES,full_noise_campaign,es_stdp_teacher_off,2,253679325,ES+STDP teacher-free,poisson_excitatory,10.0,0.0,198,0.9905117591843009,0.004419191919191919,137.1275,8.673043695572915,2,0.0012626262626262627,0.98989898989899,False,False,False,,ECIES|m2|p1|r0,2,1,0,899248200,105,145.61801952063576,-145.61801952063576,0.1
ECIES,full_noise_campaign,es_stdp_teacher_off,2,253679325,ES+STDP teacher-free,poisson_excitatory,25.0,0.0,198,0.9982569969724864,0.030934343434343436,142.93874999999983,8.993620729710388,31,0.019570707070707072,0.8535353535353536,False,False,False,,ECIES|m2|p1|r0,2,1,0,568794437,105,145.61801952063576,-145.61801952063576,0.1
ECIES,full_noise_campaign,es_stdp_teacher_off,2,253679325,ES+STDP teacher-free,poisson_excitatory,50.0,0.0,198,0.9988283340353519,0.10479797979797979,158.14312499999983,9.792198482504846,95,0.05997474747474747,0.601010101010101,False,False,False,,ECIES|m2|p1|r0,2,1,0,989587316,105,145.61801952063576,-145.61801952063576,0.1
ECIES,full_noise_campaign,es_stdp_teacher_off,2,253679325,ES+STDP teacher-free,poisson_excitatory,100.0,0.0,198,0.9989600169938058,0.25063131313131315,192.94437499999992,11.45310399880752,233,0.14709595959595959,0.2777777777777778,False,False,False,,ECIES|m2|p1|r0,2,1,0,1276693186,105,145.61801952063576,-145.61801952063576,0.1
ECIES,full_noise_campaign,es_stdp_teacher_off,2,253679325,ES+STDP teacher-free,poisson_inhibitory,5.0,0.0,198,1.0026390219572932,0.0025252525252525255,138.20499999999998,8.668011019129937,3,0.001893939393939394,0.9848484848484849,False,False,False,,ECIES|m2|p1|r0,2,1,0,1410867704,105,145.61801952063576,-145.61801952063576,0.1
ECIES,full_noise_campaign,es_stdp_teacher_off,2,253679325,ES+STDP teacher-free,poisson_inhibitory,10.0,0.0,198,1.0063879191875458,0.004419191919191919,139.279375,8.697059778941766,5,0.0031565656565656565,0.9747474747474747,False,False,False,,ECIES|m2|p1|r0,2,1,0,1547788329,105,145.61801952063576,-145.61801952063576,0.1
ECIES,full_noise_campaign,es_stdp_teacher_off,2,253679325,ES+STDP teacher-free,poisson_inhibitory,25.0,0.0,198,1.002708466956392,0.008207070707070708,142.31312499999987,8.794709621045914,8,0.005050505050505051,0.9595959595959596,False,False,False,,ECIES|m2|p1|r0,2,1,0,1212101412,105,145.61801952063576,-145.61801952063576,0.1
ECIES,full_noise_campaign,es_stdp_teacher_off,2,253679325,ES+STDP teacher-free,poisson_inhibitory,50.0,0.0,198,0.9929423150606453,0.03409090909090909,147.90124999999986,9.028780237501373,28,0.017676767676767676,0.8686868686868687,False,False,False,,ECIES|m2|p1|r0,2,1,0,1394854099,105,145.61801952063576,-145.61801952063576,0.1
ECIES,full_noise_campaign,es_stdp_teacher_off,2,253679325,ES+STDP teacher-free,poisson_inhibitory,100.0,0.0,198,1.009795306948945,0.17676767676767677,157.7318749999999,9.630425851499131,182,0.1148989898989899,0.35858585858585856,False,False,False,,ECIES|m2|p1|r0,2,1,0,461160576,105,145.61801952063576,-145.61801952063576,0.1
ECIES,full_noise_campaign,es_stdp_teacher_off,2,253679325,ES+STDP teacher-free,poisson_mixed,5.0,0.0,198,1.0014286660589278,0.005050505050505051,137.33624999999995,8.642486152976918,4,0.0025252525252525255,0.9797979797979798,False,False,False,,ECIES|m2|p1|r0,2,1,0,802838306,105,145.61801952063576,-145.61801952063576,0.1
ECIES,full_noise_campaign,es_stdp_teacher_off,2,253679325,ES+STDP teacher-free,poisson_mixed,10.0,0.0,198,1.0120143881067634,0.003787878787878788,137.73375000000001,8.663226715099377,2,0.0012626262626262627,0.98989898989899,False,False,False,,ECIES|m2|p1|r0,2,1,0,168384981,105,145.61801952063576,-145.61801952063576,0.1
ECIES,full_noise_campaign,es_stdp_teacher_off,2,253679325,ES+STDP teacher-free,poisson_mixed,25.0,0.0,198,1.0031208188738674,0.015151515151515152,139.91500000000008,8.765139304759014,17,0.010732323232323232,0.9191919191919192,False,False,False,,ECIES|m2|p1|r0,2,1,0,511128792,105,145.61801952063576,-145.61801952063576,0.1
ECIES,full_noise_campaign,es_stdp_teacher_off,2,253679325,ES+STDP teacher-free,poisson_mixed,50.0,0.0,198,0.9972297078929842,0.01893939393939394,142.28062500000001,8.878224243536799,23,0.01452020202020202,0.8888888888888888,False,False,False,,ECIES|m2|p1|r0,2,1,0,90951463,105,145.61801952063576,-145.61801952063576,0.1
ECIES,full_noise_campaign,es_stdp_teacher_off,2,253679325,ES+STDP teacher-free,poisson_mixed,100.0,0.0,198,1.007772478973493,0.047979797979797977,149.153125,9.2079566183187,39,0.02462121212121212,0.8383838383838383,False,False,False,,ECIES|m2|p1|r0,2,1,0,1999379943,105,145.61801952063576,-145.61801952063576,0.1
ECIES,full_noise_campaign,es_stdp_teacher_off,2,2014963279,ES+STDP teacher-free,none,0.0,0.0,198,0.9965127531904727,0.0,137.1625,8.63640982890183,0,0.0,1.0,True,True,True,1.0,ECIES|m2|p1|r1,2,1,1,1995027579,105,145.61801952063576,-145.61801952063576,0.1
ECIES,full_noise_campaign,es_stdp_teacher_off,2,2014963279,ES+STDP teacher-free,poisson_excitatory,5.0,0.0,198,1.0120316580869257,0.001893939393939394,136.43125,8.6210770343975,3,0.001893939393939394,0.9848484848484849,False,False,False,,ECIES|m2|p1|r1,2,1,1,198204324,105,145.61801952063576,-145.61801952063576,0.1
ECIES,full_noise_campaign,es_stdp_teacher_off,2,2014963279,ES+STDP teacher-free,poisson_excitatory,10.0,0.0,198,0.994979728013277,0.006313131313131313,137.426875,8.687229818800734,5,0.0031565656565656565,0.9747474747474747,False,False,False,,ECIES|m2|p1|r1,2,1,1,269672507,105,145.61801952063576,-145.61801952063576,0.1
ECIES,full_noise_campaign,es_stdp_teacher_off,2,2014963279,ES+STDP teacher-free,poisson_excitatory,25.0,0.0,198,1.0008431950118393,0.027777777777777776,141.93999999999997,8.949619793941492,27,0.017045454545454544,0.8737373737373737,False,False,False,,ECIES|m2|p1|r1,2,1,1,74222912,105,145.61801952063576,-145.61801952063576,0.1
ECIES,full_noise_campaign,es_stdp_teacher_off,2,2014963279,ES+STDP teacher-free,poisson_excitatory,50.0,0.0,198,1.0043339391704649,0.09911616161616162,157.49999999999983,9.736810222077137,94,0.059343434343434344,0.6060606060606061,False,False,False,,ECIES|m2|p1|r1,2,1,1,527464305,105,145.61801952063576,-145.61801952063576,0.1
ECIES,full_noise_campaign,es_stdp_teacher_off,2,2014963279,ES+STDP teacher-free,poisson_excitatory,100.0,0.0,198,1.0122233310248703,0.26452020202020204,192.70625000000004,11.433605623151692,242,0.1527777777777778,0.24747474747474751,False,False,False,,ECIES|m2|p1|r1,2,1,1,721775658,105,145.61801952063576,-145.61801952063576,0.1
ECIES,full_noise_campaign,es_stdp_teacher_off,2,2014963279,ES+STDP teacher-free,poisson_inhibitory,5.0,0.0,198,1.0147798887919635,0.0025252525252525255,138.28312500000004,8.6696776520529,2,0.0012626262626262627,0.98989898989899,False,False,False,,ECIES|m2|p1|r1,2,1,1,1430078740,105,145.61801952063576,-145.61801952063576,0.1
ECIES,full_noise_campaign,es_stdp_teacher_off,2,2014963279,ES+STDP teacher-free,poisson_inhibitory,10.0,0.0,198,1.00507708103396,0.006313131313131313,139.34999999999997,8.701833997772097,5,0.0031565656565656565,0.9747474747474747,False,False,False,,ECIES|m2|p1|r1,2,1,1,2043334684,105,145.61801952063576,-145.61801952063576,0.1
ECIES,full_noise_campaign,es_stdp_teacher_off,2,2014963279,ES+STDP teacher-free,poisson_inhibitory,25.0,0.0,198,1.0029897259082645,0.010101010101010102,142.34625000000003,8.78804529090367,6,0.003787878787878788,0.9696969696969697,False,False,False,,ECIES|m2|p1|r1,2,1,1,1840554783,105,145.61801952063576,-145.61801952063576,0.1
ECIES,full_noise_campaign,es_stdp_teacher_off,2,2014963279,ES+STDP teacher-free,poisson_inhibitory,50.0,0.0,198,1.0049814679659903,0.037247474747474744,147.41374999999994,9.009889411277062,33,0.020833333333333332,0.8434343434343434,False,False,False,,ECIES|m2|p1|r1,2,1,1,1990744272,105,145.61801952063576,-145.61801952063576,0.1
ECIES,full_noise_campaign,es_stdp_teacher_off,2,2014963279,ES+STDP teacher-free,poisson_inhibitory,100.0,0.0,198,1.013842204818502,0.1710858585858586,156.25749999999988,9.566713762896505,186,0.11742424242424243,0.3737373737373737,False,False,False,,ECIES|m2|p1|r1,2,1,1,2086758124,105,145.61801952063576,-145.61801952063576,0.1
ECIES,full_noise_campaign,es_stdp_teacher_off,2,2014963279,ES+STDP teacher-free,poisson_mixed,5.0,0.0,198,1.0056727670598775,0.0025252525252525255,137.3593750000001,8.646833488151248,3,0.001893939393939394,0.9848484848484849,False,False,False,,ECIES|m2|p1|r1,2,1,1,2016990923,105,145.61801952063576,-145.61801952063576,0.1
ECIES,full_noise_campaign,es_stdp_teacher_off,2,2014963279,ES+STDP teacher-free,poisson_mixed,10.0,0.0,198,1.0187929570674896,0.005050505050505051,137.64750000000004,8.661321196398056,5,0.0031565656565656565,0.9747474747474747,False,False,False,,ECIES|m2|p1|r1,2,1,1,1869505303,105,145.61801952063576,-145.61801952063576,0.1
ECIES,full_noise_campaign,es_stdp_teacher_off,2,2014963279,ES+STDP teacher-free,poisson_mixed,25.0,0.0,198,1.011265910929069,0.007575757575757576,138.66249999999997,8.708715050005601,7,0.004419191919191919,0.9646464646464646,False,False,False,,ECIES|m2|p1|r1,2,1,1,2064650258,105,145.61801952063576,-145.61801952063576,0.1
ECIES,full_noise_campaign,es_stdp_teacher_off,2,2014963279,ES+STDP teacher-free,poisson_mixed,50.0,0.0,198,1.0072677310090512,0.025883838383838384,142.6125,8.906616748111265,26,0.016414141414141416,0.8686868686868687,False,False,False,,ECIES|m2|p1|r1,2,1,1,1611462117,105,145.61801952063576,-145.61801952063576,0.1
ECIES,full_noise_campaign,es_stdp_teacher_off,2,2014963279,ES+STDP teacher-free,poisson_mixed,100.0,0.0,198,1.014852404827252,0.047979797979797977,148.79624999999987,9.177103400723968,45,0.028409090909090908,0.7929292929292929,False,False,False,,ECIES|m2|p1|r1,2,1,1,1760992846,105,145.61801952063576,-145.61801952063576,0.1
ECIES,full_noise_campaign,es_stdp_teacher_off,2,223897878,ES+STDP teacher-free,none,0.0,0.0,198,0.9921187518630177,0.0,136.9612500000002,8.597819225157451,0,0.0,1.0,True,True,True,1.0,ECIES|m2|p2|r0,2,2,0,1857359304,105,145.61801952063576,-145.61801952063576,0.1
ECIES,full_noise_campaign,es_stdp_teacher_off,2,223897878,ES+STDP teacher-free,poisson_excitatory,5.0,0.0,198,0.9960034610703588,0.006313131313131313,136.8531250000001,8.618919546788643,7,0.004419191919191919,0.9696969696969697,False,False,False,,ECIES|m2|p2|r0,2,2,0,2023936977,105,145.61801952063576,-145.61801952063576,0.1
ECIES,full_noise_campaign,es_stdp_teacher_off,2,223897878,ES+STDP teacher-free,poisson_excitatory,10.0,0.0,198,0.9965528070461005,0.005681818181818182,137.07562500000006,8.650294521192084,5,0.0031565656565656565,0.9747474747474747,False,False,False,,ECIES|m2|p2|r0,2,2,0,101539336,105,145.61801952063576,-145.61801952063576,0.1
ECIES,full_noise_campaign,es_stdp_teacher_off,2,223897878,ES+STDP teacher-free,poisson_excitatory,25.0,0.0,198,1.0018886970356107,0.03787878787878788,142.51124999999996,8.967941897520959,32,0.020202020202020204,0.8535353535353536,False,False,False,,ECIES|m2|p2|r0,2,2,0,309539075,105,145.61801952063576,-145.61801952063576,0.1
ECIES,full_noise_campaign,es_stdp_teacher_off,2,223897878,ES+STDP teacher-free,poisson_excitatory,50.0,0.0,198,1.002812741091475,0.10164141414141414,156.32312499999995,9.683740859278359,95,0.05997474747474747,0.6313131313131313,False,False,False,,ECIES|m2|p2|r0,2,2,0,158321332,105,145.61801952063576,-145.61801952063576,0.1
ECIES,full_noise_campaign,es_stdp_teacher_off,2,223897878,ES+STDP teacher-free,poisson_excitatory,100.0,0.0,198,1.0115890309680253,0.2588383838383838,194.23937500000002,11.498228289818389,249,0.1571969696969697,0.2525252525252525,False,False,False,,ECIES|m2|p2|r0,2,2,0,1321651675,105,145.61801952063576,-145.61801952063576,0.1
ECIES,full_noise_campaign,es_stdp_teacher_off,2,223897878,ES+STDP teacher-free,poisson_inhibitory,5.0,0.0,198,1.0056069931015372,0.005681818181818182,138.38812500000012,8.64522018504776,8,0.005050505050505051,0.9595959595959596,False,False,False,,ECIES|m2|p2|r0,2,2,0,642763871,105,145.61801952063576,-145.61801952063576,0.1
ECIES,full_noise_campaign,es_stdp_teacher_off,2,223897878,ES+STDP teacher-free,poisson_inhibitory,10.0,0.0,198,0.9989567548036575,0.0031565656565656565,139.36937500000008,8.669539102069615,4,0.0025252525252525255,0.9797979797979798,False,False,False,,ECIES|m2|p2|r0,2,2,0,1876259431,105,145.61801952063576,-145.61801952063576,0.1
ECIES,full_noise_campaign,es_stdp_teacher_off,2,223897878,ES+STDP teacher-free,poisson_inhibitory,25.0,0.0,198,0.9970670759212226,0.011994949494949494,142.24875000000003,8.76532038862682,10,0.006313131313131313,0.9494949494949495,False,False,False,,ECIES|m2|p2|r0,2,2,0,2074812260,105,145.61801952063576,-145.61801952063576,0.1
ECIES,full_noise_campaign,es_stdp_teacher_off,2,223897878,ES+STDP teacher-free,poisson_inhibitory,50.0,0.0,198,0.993953914148733,0.03409090909090909,147.82,9.001472055777112,26,0.016414141414141416,0.8737373737373737,False,False,False,,ECIES|m2|p2|r0,2,2,0,1622664597,105,145.61801952063576,-145.61801952063576,0.1
ECIES,full_noise_campaign,es_stdp_teacher_off,2,223897878,ES+STDP teacher-free,poisson_inhibitory,100.0,0.0,198,0.9994683568365872,0.19065656565656566,157.6775,9.621959648450716,189,0.11931818181818182,0.36363636363636365,False,False,False,,ECIES|m2|p2|r0,2,2,0,430098331,105,145.61801952063576,-145.61801952063576,0.1
ECIES,full_noise_campaign,es_stdp_teacher_off,2,223897878,ES+STDP teacher-free,poisson_mixed,5.0,0.0,198,1.0177917191758752,0.001893939393939394,137.21125000000018,8.612982169087811,3,0.001893939393939394,0.9848484848484849,False,False,False,,ECIES|m2|p2|r0,2,2,0,1422185541,105,145.61801952063576,-145.61801952063576,0.1
ECIES,full_noise_campaign,es_stdp_teacher_off,2,223897878,ES+STDP teacher-free,poisson_mixed,10.0,0.0,198,1.0124133911449462,0.004419191919191919,137.49250000000012,8.628735327607394,4,0.0025252525252525255,0.9797979797979798,False,False,False,,ECIES|m2|p2|r0,2,2,0,863106325,105,145.61801952063576,-145.61801952063576,0.1
ECIES,full_noise_campaign,es_stdp_teacher_off,2,223897878,ES+STDP teacher-free,poisson_mixed,25.0,0.0,198,1.0042481129057705,0.015151515151515152,140.05624999999998,8.745294246746225,16,0.010101010101010102,0.9242424242424242,False,False,False,,ECIES|m2|p2|r0,2,2,0,655333912,105,145.61801952063576,-145.61801952063576,0.1
ECIES,full_noise_campaign,es_stdp_teacher_off,2,223897878,ES+STDP teacher-free,poisson_mixed,50.0,0.0,198,0.9972513378597796,0.025883838383838384,142.5300000000001,8.86195902536813,19,0.011994949494949494,0.9090909090909091,False,False,False,,ECIES|m2|p2|r0,2,2,0,1007903719,105,145.61801952063576,-145.61801952063576,0.1
ECIES,full_noise_campaign,es_stdp_teacher_off,2,223897878,ES+STDP teacher-free,poisson_mixed,100.0,0.0,198,1.0006233919411898,0.054292929292929296,149.35812499999994,9.187548487548002,51,0.032196969696969696,0.7777777777777778,False,False,False,,ECIES|m2|p2|r0,2,2,0,29959338,105,145.61801952063576,-145.61801952063576,0.1
ECIES,full_noise_campaign,es_stdp_teacher_off,2,2053068968,ES+STDP teacher-free,none,0.0,0.0,198,1.0075023928657174,0.0,136.9612500000002,8.597819225157451,0,0.0,1.0,True,True,True,1.0,ECIES|m2|p2|r1,2,2,1,24602315,105,145.61801952063576,-145.61801952063576,0.1
ECIES,full_noise_campaign,es_stdp_teacher_off,2,2053068968,ES+STDP teacher-free,poisson_excitatory,5.0,0.0,198,0.9962841789238155,0.0031565656565656565,136.57312500000018,8.60174862654495,3,0.001893939393939394,0.9848484848484849,False,False,False,,ECIES|m2|p2|r1,2,2,1,2038937259,105,145.61801952063576,-145.61801952063576,0.1
ECIES,full_noise_campaign,es_stdp_teacher_off,2,2053068968,ES+STDP teacher-free,poisson_excitatory,10.0,0.0,198,0.9940072640310973,0.00946969696969697,137.55250000000007,8.670325582667125,8,0.005050505050505051,0.9595959595959596,False,False,False,,ECIES|m2|p2|r1,2,2,1,596037117,105,145.61801952063576,-145.61801952063576,0.1
ECIES,full_noise_campaign,es_stdp_teacher_off,2,2053068968,ES+STDP teacher-free,poisson_excitatory,25.0,0.0,198,0.9952206069137901,0.04292929292929293,142.2874999999999,8.961177361446559,38,0.023989898989898988,0.8181818181818181,False,False,False,,ECIES|m2|p2|r1,2,2,1,939041024,105,145.61801952063576,-145.61801952063576,0.1
ECIES,full_noise_campaign,es_stdp_teacher_off,2,2053068968,ES+STDP teacher-free,poisson_excitatory,50.0,0.0,198,0.9999752040021122,0.10164141414141414,156.8599999999999,9.735033883386535,82,0.05176767676767677,0.6515151515151515,False,False,False,,ECIES|m2|p2|r1,2,2,1,753162927,105,145.61801952063576,-145.61801952063576,0.1
ECIES,full_noise_campaign,es_stdp_teacher_off,2,2053068968,ES+STDP teacher-free,poisson_excitatory,100.0,0.0,198,0.9985474469140172,0.2582070707070707,192.71687500000007,11.430041921470172,245,0.15467171717171718,0.2525252525252525,False,False,False,,ECIES|m2|p2|r1,2,2,1,702245713,105,145.61801952063576,-145.61801952063576,0.1
ECIES,full_noise_campaign,es_stdp_teacher_off,2,2053068968,ES+STDP teacher-free,poisson_inhibitory,5.0,0.0,198,1.0041653232183307,0.005050505050505051,138.31687500000015,8.640350470053107,6,0.003787878787878788,0.9696969696969697,False,False,False,,ECIES|m2|p2|r1,2,2,1,661301565,105,145.61801952063576,-145.61801952063576,0.1
ECIES,full_noise_campaign,es_stdp_teacher_off,2,2053068968,ES+STDP teacher-free,poisson_inhibitory,10.0,0.0,198,0.9943953310139477,0.008207070707070708,139.4787500000001,8.674955243952866,10,0.006313131313131313,0.9494949494949495,False,False,False,,ECIES|m2|p2|r1,2,2,1,1247732316,105,145.61801952063576,-145.61801952063576,0.1
ECIES,full_noise_campaign,es_stdp_teacher_off,2,2053068968,ES+STDP teacher-free,poisson_inhibitory,25.0,0.0,198,0.9977083620615304,0.013257575757575758,142.49875,8.775703234718407,12,0.007575757575757576,0.9393939393939394,False,False,False,,ECIES|m2|p2|r1,2,2,1,1579192161,105,145.61801952063576,-145.61801952063576,0.1
ECIES,full_noise_campaign,es_stdp_teacher_off,2,2053068968,ES+STDP teacher-free,poisson_inhibitory,50.0,0.0,198,0.9959211279638112,0.032196969696969696,148.29500000000002,9.025247609293361,28,0.017676767676767676,0.8636363636363636,False,False,False,,ECIES|m2|p2|r1,2,2,1,1161590160,105,145.61801952063576,-145.61801952063576,0.1
ECIES,full_noise_campaign,es_stdp_teacher_off,2,2053068968,ES+STDP teacher-free,poisson_inhibitory,100.0,0.0,198,0.9951278269290924,0.17803030303030304,158.31312499999996,9.637683571121805,182,0.1148989898989899,0.3787878787878788,False,False,False,,ECIES|m2|p2|r1,2,2,1,2126471697,105,145.61801952063576,-145.61801952063576,0.1
ECIES,full_noise_campaign,es_stdp_teacher_off,2,2053068968,ES+STDP teacher-free,poisson_mixed,5.0,0.0,198,1.0063190071377903,0.0025252525252525255,137.26687500000014,8.612095184062252,4,0.0025252525252525255,0.9797979797979798,False,False,False,,ECIES|m2|p2|r1,2,2,1,52843630,105,145.61801952063576,-145.61801952063576,0.1
ECIES,full_noise_campaign,es_stdp_teacher_off,2,2053068968,ES+STDP teacher-free,poisson_mixed,10.0,0.0,198,1.0083713079802692,0.005050505050505051,137.91750000000013,8.642297337678599,6,0.003787878787878788,0.9696969696969697,False,False,False,,ECIES|m2|p2|r1,2,2,1,1444335575,105,145.61801952063576,-145.61801952063576,0.1
ECIES,full_noise_campaign,es_stdp_teacher_off,2,2053068968,ES+STDP teacher-free,poisson_mixed,25.0,0.0,198,1.0021141530014575,0.010101010101010102,139.395625,8.715753460515398,10,0.006313131313131313,0.9494949494949495,False,False,False,,ECIES|m2|p2|r1,2,2,1,1114153682,105,145.61801952063576,-145.61801952063576,0.1
ECIES,full_noise_campaign,es_stdp_teacher_off,2,2053068968,ES+STDP teacher-free,poisson_mixed,50.0,0.0,198,0.9995747748762369,0.03156565656565657,142.91875000000005,8.896871792992538,36,0.022727272727272728,0.8282828282828283,False,False,False,,ECIES|m2|p2|r1,2,2,1,1500797221,105,145.61801952063576,-145.61801952063576,0.1
ECIES,full_noise_campaign,es_stdp_teacher_off,2,2053068968,ES+STDP teacher-free,poisson_mixed,100.0,0.0,198,0.9989998620003462,0.05113636363636364,148.77562500000005,9.179235316029981,38,0.023989898989898988,0.8333333333333334,False,False,False,,ECIES|m2|p2|r1,2,2,1,504604489,105,145.61801952063576,-145.61801952063576,0.1
ECIES,full_noise_campaign,es_stdp_teacher_off,2,211419911,ES+STDP teacher-free,none,0.0,0.0,198,0.9978567000944167,0.0,137.5043750000001,8.643720695861322,0,0.0,1.0,True,True,True,1.0,ECIES|m2|p3|r0,2,3,0,1963999772,105,145.61801952063576,-145.61801952063576,0.1
ECIES,full_noise_campaign,es_stdp_teacher_off,2,211419911,ES+STDP teacher-free,poisson_excitatory,5.0,0.0,198,0.9976172330789268,0.001893939393939394,136.93500000000012,8.644958463296813,2,0.0012626262626262627,0.98989898989899,False,False,False,,ECIES|m2|p3|r0,2,3,0,532641115,105,145.61801952063576,-145.61801952063576,0.1
ECIES,full_noise_campaign,es_stdp_teacher_off,2,211419911,ES+STDP teacher-free,poisson_excitatory,10.0,0.0,198,1.000560651998967,0.01452020202020202,138.55500000000018,8.7357510621374,12,0.007575757575757576,0.9444444444444444,False,False,False,,ECIES|m2|p3|r0,2,3,0,1753302727,105,145.61801952063576,-145.61801952063576,0.1
ECIES,full_noise_campaign,es_stdp_teacher_off,2,211419911,ES+STDP teacher-free,poisson_excitatory,25.0,0.0,198,0.9993102210573852,0.036616161616161616,142.66375,8.97678041926644,32,0.020202020202020204,0.8484848484848485,False,False,False,,ECIES|m2|p3|r0,2,3,0,2097097668,105,145.61801952063576,-145.61801952063576,0.1
ECIES,full_noise_campaign,es_stdp_teacher_off,2,211419911,ES+STDP teacher-free,poisson_excitatory,50.0,0.0,198,1.0016935660969466,0.10542929292929293,156.51062500000012,9.708544578440744,88,0.05555555555555555,0.6212121212121212,False,False,False,,ECIES|m2|p3|r0,2,3,0,1742983669,105,145.61801952063576,-145.61801952063576,0.1
ECIES,full_noise_campaign,es_stdp_teacher_off,2,211419911,ES+STDP teacher-free,poisson_excitatory,100.0,0.0,198,1.005995085928589,0.2556818181818182,193.31312500000007,11.452990803055624,226,0.14267676767676768,0.2727272727272727,False,False,False,,ECIES|m2|p3|r0,2,3,0,1332949208,105,145.61801952063576,-145.61801952063576,0.1
ECIES,full_noise_campaign,es_stdp_teacher_off,2,211419911,ES+STDP teacher-free,poisson_inhibitory,5.0,0.0,198,1.013256395002827,0.0031565656565656565,138.6768750000001,8.68046354000025,4,0.0025252525252525255,0.9797979797979798,False,False,False,,ECIES|m2|p3|r0,2,3,0,1095920333,105,145.61801952063576,-145.61801952063576,0.1
ECIES,full_noise_campaign,es_stdp_teacher_off,2,211419911,ES+STDP teacher-free,poisson_inhibitory,10.0,0.0,198,0.9992289799265563,0.003787878787878788,139.6475000000001,8.709764494816943,2,0.0012626262626262627,0.98989898989899,False,False,False,,ECIES|m2|p3|r0,2,3,0,22636968,105,145.61801952063576,-145.61801952063576,0.1
ECIES,full_noise_campaign,es_stdp_teacher_off,2,211419911,ES+STDP teacher-free,poisson_inhibitory,25.0,0.0,198,1.0084849221166223,0.013888888888888888,142.71750000000011,8.819200942632644,11,0.006944444444444444,0.9444444444444444,False,False,False,,ECIES|m2|p3|r0,2,3,0,354878627,105,145.61801952063576,-145.61801952063576,0.1
ECIES,full_noise_campaign,es_stdp_teacher_off,2,211419911,ES+STDP teacher-free,poisson_inhibitory,50.0,0.0,198,1.006940474966541,0.03409090909090909,147.86500000000015,9.016899260810682,32,0.020202020202020204,0.8434343434343434,False,False,False,,ECIES|m2|p3|r0,2,3,0,238812756,105,145.61801952063576,-145.61801952063576,0.1
ECIES,full_noise_campaign,es_stdp_teacher_off,2,211419911,ES+STDP teacher-free,poisson_inhibitory,100.0,0.0,198,1.0037911080289632,0.16414141414141414,157.64125000000007,9.622890214750992,188,0.11868686868686869,0.3434343434343434,False,False,False,,ECIES|m2|p3|r0,2,3,0,404175510,105,145.61801952063576,-145.61801952063576,0.1
ECIES,full_noise_campaign,es_stdp_teacher_off,2,211419911,ES+STDP teacher-free,poisson_mixed,5.0,0.0,198,1.0205861360300332,0.0031565656565656565,137.83437500000008,8.662653746248989,3,0.001893939393939394,0.9848484848484849,False,False,False,,ECIES|m2|p3|r0,2,3,0,1260279728,105,145.61801952063576,-145.61801952063576,0.1
ECIES,full_noise_campaign,es_stdp_teacher_off,2,211419911,ES+STDP teacher-free,poisson_mixed,10.0,0.0,198,1.0099181171972305,0.005681818181818182,138.10500000000008,8.673674607768334,2,0.0012626262626262627,0.98989898989899,False,False,False,,ECIES|m2|p3|r0,2,3,0,609849429,105,145.61801952063576,-145.61801952063576,0.1
ECIES,full_noise_campaign,es_stdp_teacher_off,2,211419911,ES+STDP teacher-free,poisson_mixed,25.0,0.0,198,0.9987605791538954,0.011994949494949494,140.03812500000006,8.762053584154923,9,0.005681818181818182,0.9545454545454546,False,False,False,,ECIES|m2|p3|r0,2,3,0,807927128,105,145.61801952063576,-145.61801952063576,0.1
ECIES,full_noise_campaign,es_stdp_teacher_off,2,211419911,ES+STDP teacher-free,poisson_mixed,50.0,0.0,198,0.9994473920669407,0.029671717171717172,144.02187500000002,8.961472211198345,27,0.017045454545454544,0.8636363636363636,False,False,False,,ECIES|m2|p3|r0,2,3,0,725288871,105,145.61801952063576,-145.61801952063576,0.1
ECIES,full_noise_campaign,es_stdp_teacher_off,2,211419911,ES+STDP teacher-free,poisson_mixed,100.0,0.0,198,1.0047823849599808,0.046085858585858584,148.88624999999993,9.187627645282841,41,0.025883838383838384,0.8232323232323232,False,False,False,,ECIES|m2|p3|r0,2,3,0,448450175,105,145.61801952063576,-145.61801952063576,0.1
ECIES,full_noise_campaign,es_stdp_teacher_off,2,2073899637,ES+STDP teacher-free,none,0.0,0.0,198,1.00112315104343,0.0,137.5043750000001,8.643720695861322,0,0.0,1.0,True,True,True,1.0,ECIES|m2|p3|r1,2,3,1,449981177,105,145.61801952063576,-145.61801952063576,0.1
ECIES,full_noise_campaign,es_stdp_teacher_off,2,2073899637,ES+STDP teacher-free,poisson_excitatory,5.0,0.0,198,1.0049603758379817,0.0031565656565656565,137.36625000000012,8.660837960684415,3,0.001893939393939394,0.9848484848484849,False,False,False,,ECIES|m2|p3|r1,2,3,1,513413185,105,145.61801952063576,-145.61801952063576,0.1
ECIES,full_noise_campaign,es_stdp_teacher_off,2,2073899637,ES+STDP teacher-free,poisson_excitatory,10.0,0.0,198,0.9972012061625719,0.005681818181818182,137.6787500000001,8.703305067244077,5,0.0031565656565656565,0.9747474747474747,False,False,False,,ECIES|m2|p3|r1,2,3,1,1292555964,105,145.61801952063576,-145.61801952063576,0.1
ECIES,full_noise_campaign,es_stdp_teacher_off,2,2073899637,ES+STDP teacher-free,poisson_excitatory,25.0,0.0,198,1.0019238810054958,0.025252525252525252,142.74625000000003,8.99349951635037,22,0.013888888888888888,0.8939393939393939,False,False,False,,ECIES|m2|p3|r1,2,3,1,1500822465,105,145.61801952063576,-145.61801952063576,0.1
ECIES,full_noise_campaign,es_stdp_teacher_off,2,2073899637,ES+STDP teacher-free,poisson_excitatory,50.0,0.0,198,0.9999531691428274,0.09217171717171717,154.97875,9.644509819458467,86,0.054292929292929296,0.6767676767676767,False,False,False,,ECIES|m2|p3|r1,2,3,1,1114128880,105,145.61801952063576,-145.61801952063576,0.1
ECIES,full_noise_campaign,es_stdp_teacher_off,2,2073899637,ES+STDP teacher-free,poisson_excitatory,100.0,0.0,198,1.000051714014262,0.2316919191919192,193.30750000000006,11.497299540015911,235,0.14835858585858586,0.31818181818181823,False,False,False,,ECIES|m2|p3|r1,2,3,1,678336100,105,145.61801952063576,-145.61801952063576,0.1
ECIES,full_noise_campaign,es_stdp_teacher_off,2,2073899637,ES+STDP teacher-free,poisson_inhibitory,5.0,0.0,198,1.0156752381008118,0.001893939393939394,138.57125000000008,8.677541881793882,1,0.0006313131313131314,0.9949494949494949,False,False,False,,ECIES|m2|p3|r1,2,3,1,1081544623,105,145.61801952063576,-145.61801952063576,0.1
ECIES,full_noise_campaign,es_stdp_teacher_off,2,2073899637,ES+STDP teacher-free,poisson_inhibitory,10.0,0.0,198,0.9913772421423346,0.005681818181818182,139.7131250000001,8.713529102773535,6,0.003787878787878788,0.9696969696969697,False,False,False,,ECIES|m2|p3|r1,2,3,1,617806237,105,145.61801952063576,-145.61801952063576,0.1
ECIES,full_noise_campaign,es_stdp_teacher_off,2,2073899637,ES+STDP teacher-free,poisson_inhibitory,25.0,0.0,198,0.9959573619998991,0.008838383838383838,142.4550000000001,8.79940000770248,6,0.003787878787878788,0.9696969696969697,False,False,False,,ECIES|m2|p3|r1,2,3,1,816616608,105,145.61801952063576,-145.61801952063576,0.1
ECIES,full_noise_campaign,es_stdp_teacher_off,2,2073899637,ES+STDP teacher-free,poisson_inhibitory,50.0,0.0,198,0.9955528420396149,0.026515151515151516,147.56312499999996,9.004250024359699,21,0.013257575757575758,0.898989898989899,False,False,False,,ECIES|m2|p3|r1,2,3,1,732982863,105,145.61801952063576,-145.61801952063576,0.1
ECIES,full_noise_campaign,es_stdp_teacher_off,2,2073899637,ES+STDP teacher-free,poisson_inhibitory,100.0,0.0,198,0.99897470488213,0.17866161616161616,157.92749999999995,9.644415787805396,186,0.11742424242424243,0.36363636363636365,False,False,False,,ECIES|m2|p3|r1,2,3,1,2131402022,105,145.61801952063576,-145.61801952063576,0.1
ECIES,full_noise_campaign,es_stdp_teacher_off,2,2073899637,ES+STDP teacher-free,poisson_mixed,5.0,0.0,198,1.0110793311614543,0.0012626262626262627,137.59375000000017,8.649978761763144,0,0.0,1.0,True,True,True,1.0,ECIES|m2|p3|r1,2,3,1,486332423,105,145.61801952063576,-145.61801952063576,0.1
ECIES,full_noise_campaign,es_stdp_teacher_off,2,2073899637,ES+STDP teacher-free,poisson_mixed,10.0,0.0,198,1.009573868010193,0.005681818181818182,138.34500000000014,8.687509881732744,4,0.0025252525252525255,0.9797979797979798,False,False,False,,ECIES|m2|p3|r1,2,3,1,1094626199,105,145.61801952063576,-145.61801952063576,0.1
ECIES,full_noise_campaign,es_stdp_teacher_off,2,2073899637,ES+STDP teacher-free,poisson_mixed,25.0,0.0,198,0.9995071869343519,0.013257575757575758,139.94812500000006,8.761375420831495,8,0.005050505050505051,0.9595959595959596,False,False,False,,ECIES|m2|p3|r1,2,3,1,1430308498,105,145.61801952063576,-145.61801952063576,0.1
ECIES,full_noise_campaign,es_stdp_teacher_off,2,2073899637,ES+STDP teacher-free,poisson_mixed,50.0,0.0,198,0.9986304608173668,0.022095959595959596,143.0406250000001,8.905604542471089,22,0.013888888888888888,0.8939393939393939,False,False,False,,ECIES|m2|p3|r1,2,3,1,1314667621,105,145.61801952063576,-145.61801952063576,0.1
ECIES,full_noise_campaign,es_stdp_teacher_off,2,2073899637,ES+STDP teacher-free,poisson_mixed,100.0,0.0,198,1.0093161819968373,0.05618686868686869,150.21999999999997,9.242092527131572,40,0.025252525252525252,0.8080808080808081,False,False,False,,ECIES|m2|p3|r1,2,3,1,90197492,105,145.61801952063576,-145.61801952063576,0.1
