algorithm,experiment,condition,trial,network_seed,parameter_source,noise_type,noise_rate_hz,teacher_weight,ciphertext_bytes,simulation_wall_s,decoder_tie_fraction,victor_purpura_mean,van_rossum_mean,bit_errors,ber,ciphertext_byte_accuracy,exact_ciphertext_recovery,decryption_success,exact_plaintext_recovery,plaintext_byte_accuracy,noise_seed
S-DES,teaching_ablation,es_stdp_teacher_off,0,183685252,ES+STDP no teacher,poisson_excitatory,10.0,1200.0,105,0.5356733161024749,0.009523809523809525,72.776875,6.27174830972064,5,0.005952380952380952,0.9523809523809523,False,True,False,0.9523809523809523,1148395644
S-DES,teaching_ablation,es_static_teacher_off,0,183685252,ES static,poisson_excitatory,10.0,1200.0,105,0.5279282790143043,0.005952380952380952,66.39562500000001,5.9226144925932065,4,0.004761904761904762,0.9619047619047619,False,True,False,0.9619047619047619,1148395644
S-DES,teaching_ablation,default_stdp_teacher_off,0,183685252,default+STDP no teacher,poisson_excitatory,10.0,1200.0,105,0.5319659560918808,0.0761904761904762,75.50187500000006,6.643074979872495,51,0.060714285714285714,0.6095238095238096,False,True,False,0.6095238095238096,1148395644
S-DES,teaching_ablation,teacher_assisted_then_off,0,183685252,ES+teacher training,poisson_excitatory,10.0,1200.0,105,0.5343445108737797,0.036904761904761905,82.61000000000001,6.8605512595899985,21,0.025,0.8,False,True,False,0.8,1148395644
S-DES,teaching_ablation,teacher_only,0,183685252,Teaching-only shortcut,poisson_excitatory,10.0,1200.0,105,1.019183789845556,0.0,51.36437500000004,5.542983517382245,0,0.0,1.0,True,True,True,1.0,1148395644
S-DES,teaching_ablation,full_network,0,183685252,ES+teacher full network,poisson_excitatory,10.0,1200.0,105,1.0228553130291402,0.0,130.34187499999996,10.805169173972052,0,0.0,1.0,True,True,True,1.0,1148395644
S-DES,teaching_ablation,es_stdp_teacher_off,1,2113265914,ES+STDP no teacher,poisson_excitatory,10.0,1200.0,105,0.5349668110720813,0.010714285714285714,71.84437499999999,6.221803789828225,6,0.007142857142857143,0.9428571428571428,False,True,False,0.9428571428571428,1643688073
S-DES,teaching_ablation,es_static_teacher_off,1,2113265914,ES static,poisson_excitatory,10.0,1200.0,105,0.5361168100498617,0.005952380952380952,64.72562500000001,5.841131445563463,3,0.0035714285714285713,0.9714285714285714,False,True,False,0.9714285714285714,1643688073
S-DES,teaching_ablation,default_stdp_teacher_off,1,2113265914,default+STDP no teacher,poisson_excitatory,10.0,1200.0,105,0.5290529681369662,0.07023809523809524,75.33875000000003,6.634858740825068,50,0.05952380952380952,0.638095238095238,False,True,False,0.638095238095238,1643688073
S-DES,teaching_ablation,teacher_assisted_then_off,1,2113265914,ES+teacher training,poisson_excitatory,10.0,1200.0,105,0.5322683108970523,0.036904761904761905,81.41062499999997,6.778811753584373,20,0.023809523809523808,0.8285714285714285,False,True,False,0.8285714285714285,1643688073
S-DES,teaching_ablation,teacher_only,1,2113265914,Teaching-only shortcut,poisson_excitatory,10.0,1200.0,105,1.0311205389443785,0.0,51.36437500000004,5.542983517382245,0,0.0,1.0,True,True,True,1.0,1643688073
S-DES,teaching_ablation,full_network,1,2113265914,ES+teacher full network,poisson_excitatory,10.0,1200.0,105,1.0213360281195492,0.0,129.09875,10.718739985470206,0,0.0,1.0,True,True,True,1.0,1643688073
S-DES,teaching_ablation,es_stdp_teacher_off,2,1694282143,ES+STDP no teacher,poisson_excitatory,10.0,1200.0,105,0.5276624669786543,0.010714285714285714,72.19312500000001,6.239667012526479,3,0.0035714285714285713,0.9714285714285714,False,True,False,0.9714285714285714,1410663990
S-DES,teaching_ablation,es_static_teacher_off,2,1694282143,ES static,poisson_excitatory,10.0,1200.0,105,0.5315594361163676,0.004761904761904762,64.96312500000002,5.849772975693018,1,0.0011904761904761906,0.9904761904761905,False,True,False,0.9904761904761905,1410663990
S-DES,teaching_ablation,default_stdp_teacher_off,2,1694282143,default+STDP no teacher,poisson_excitatory,10.0,1200.0,105,0.5311710499227047,0.07142857142857142,75.42125000000003,6.637138302291956,53,0.0630952380952381,0.6095238095238096,False,True,False,0.6095238095238096,1410663990
S-DES,teaching_ablation,teacher_assisted_then_off,2,1694282143,ES+teacher training,poisson_excitatory,10.0,1200.0,105,0.541221430990845,0.02738095238095238,81.36437500000002,6.772033199340017,18,0.02142857142857143,0.8380952380952381,False,True,False,0.8380952380952381,1410663990
S-DES,teaching_ablation,teacher_only,2,1694282143,Teaching-only shortcut,poisson_excitatory,10.0,1200.0,105,1.0381582798436284,0.0,51.36437500000004,5.542983517382245,0,0.0,1.0,True,True,True,1.0,1410663990
S-DES,teaching_ablation,full_network,2,1694282143,ES+teacher full network,poisson_excitatory,10.0,1200.0,105,1.0222677940037102,0.0,129.123125,10.719095183738919,0,0.0,1.0,True,True,True,1.0,1410663990
S-DES,teaching_ablation,es_stdp_teacher_off,3,335249933,ES+STDP no teacher,poisson_excitatory,10.0,1200.0,105,0.5324795919004828,0.015476190476190477,72.1825,6.2427756369003715,7,0.008333333333333333,0.9333333333333333,False,True,False,0.9333333333333333,1906218541
S-DES,teaching_ablation,es_static_teacher_off,3,335249933,ES static,poisson_excitatory,10.0,1200.0,105,0.5421294569969177,0.007142857142857143,65.27437499999999,5.861102922776595,3,0.0035714285714285713,0.9714285714285714,False,True,False,0.9714285714285714,1906218541
S-DES,teaching_ablation,default_stdp_teacher_off,3,335249933,default+STDP no teacher,poisson_excitatory,10.0,1200.0,105,0.5347555868793279,0.07261904761904762,75.41750000000005,6.637635647213257,51,0.060714285714285714,0.6285714285714286,False,True,False,0.6285714285714286,1906218541
S-DES,teaching_ablation,teacher_assisted_then_off,3,335249933,ES+teacher training,poisson_excitatory,10.0,1200.0,105,0.5344974009785801,0.04047619047619048,81.72062499999998,6.79799308022632,24,0.02857142857142857,0.7904761904761904,False,True,False,0.7904761904761904,1906218541
S-DES,teaching_ablation,teacher_only,3,335249933,Teaching-only shortcut,poisson_excitatory,10.0,1200.0,105,1.031818682095036,0.0,51.36437500000004,5.542983517382245,0,0.0,1.0,True,True,True,1.0,1906218541
S-DES,teaching_ablation,full_network,3,335249933,ES+teacher full network,poisson_excitatory,10.0,1200.0,105,1.0310152440797538,0.0,129.24249999999995,10.733494320829765,0,0.0,1.0,True,True,True,1.0,1906218541
S-DES,teaching_ablation,es_stdp_teacher_off,4,228529259,ES+STDP no teacher,poisson_excitatory,10.0,1200.0,105,0.5395069278310984,0.016666666666666666,72.39187500000003,6.245256823542699,7,0.008333333333333333,0.9333333333333333,False,True,False,0.9333333333333333,1070492372
S-DES,teaching_ablation,es_static_teacher_off,4,228529259,ES static,poisson_excitatory,10.0,1200.0,105,0.5336160541046411,0.004761904761904762,65.60312500000002,5.8804925437351905,1,0.0011904761904761906,0.9904761904761905,False,True,False,0.9904761904761905,1070492372
S-DES,teaching_ablation,default_stdp_teacher_off,4,228529259,default+STDP no teacher,poisson_excitatory,10.0,1200.0,105,0.5345398560166359,0.0761904761904762,75.44500000000004,6.638049841464945,53,0.0630952380952381,0.6190476190476191,False,True,False,0.6190476190476191,1070492372
S-DES,teaching_ablation,teacher_assisted_then_off,4,228529259,ES+teacher training,poisson_excitatory,10.0,1200.0,105,0.537685529096052,0.02738095238095238,81.56562500000001,6.7870662879400765,17,0.02023809523809524,0.8571428571428572,False,True,False,0.8571428571428572,1070492372
S-DES,teaching_ablation,teacher_only,4,228529259,Teaching-only shortcut,poisson_excitatory,10.0,1200.0,105,1.0324890371412039,0.0,51.36437500000004,5.542983517382245,0,0.0,1.0,True,True,True,1.0,1070492372
S-DES,teaching_ablation,full_network,4,228529259,ES+teacher full network,poisson_excitatory,10.0,1200.0,105,1.0407257229089737,0.0,129.70125,10.766357431442582,0,0.0,1.0,True,True,True,1.0,1070492372
S-DES,teaching_ablation,es_stdp_teacher_off,5,2056791297,ES+STDP no teacher,poisson_excitatory,10.0,1200.0,105,0.5320140239782631,0.010714285714285714,72.25562500000001,6.232893834909138,2,0.002380952380952381,0.9809523809523809,False,True,False,0.9809523809523809,440793807
S-DES,teaching_ablation,es_static_teacher_off,5,2056791297,ES static,poisson_excitatory,10.0,1200.0,105,0.5369424589443952,0.0011904761904761906,65.556875,5.8686401863522875,1,0.0011904761904761906,0.9904761904761905,False,True,False,0.9904761904761905,440793807
S-DES,teaching_ablation,default_stdp_teacher_off,5,2056791297,default+STDP no teacher,poisson_excitatory,10.0,1200.0,105,0.5353878140449524,0.07738095238095238,75.49187500000005,6.640153900535755,53,0.0630952380952381,0.6095238095238096,False,True,False,0.6095238095238096,440793807
S-DES,teaching_ablation,teacher_assisted_then_off,5,2056791297,ES+teacher training,poisson_excitatory,10.0,1200.0,105,0.5500522230286151,0.02738095238095238,81.30499999999999,6.783752911303919,14,0.016666666666666666,0.8857142857142857,False,True,False,0.8857142857142857,440793807
S-DES,teaching_ablation,teacher_only,5,2056791297,Teaching-only shortcut,poisson_excitatory,10.0,1200.0,105,1.030715054133907,0.0,51.36437500000004,5.542983517382245,0,0.0,1.0,True,True,True,1.0,440793807
S-DES,teaching_ablation,full_network,5,2056791297,ES+teacher full network,poisson_excitatory,10.0,1200.0,105,1.0261893158312887,0.0,129.765625,10.762722692986916,0,0.0,1.0,True,True,True,1.0,440793807
S-DES,teaching_ablation,es_stdp_teacher_off,6,1670477206,ES+STDP no teacher,poisson_excitatory,10.0,1200.0,105,0.5344185368157923,0.007142857142857143,71.87562499999999,6.2196528221283955,3,0.0035714285714285713,0.9714285714285714,False,True,False,0.9714285714285714,799558946
S-DES,teaching_ablation,es_static_teacher_off,6,1670477206,ES static,poisson_excitatory,10.0,1200.0,105,0.5346832119394094,0.002380952380952381,65.05687500000002,5.847074750028742,2,0.002380952380952381,0.9809523809523809,False,True,False,0.9809523809523809,799558946
S-DES,teaching_ablation,default_stdp_teacher_off,6,1670477206,default+STDP no teacher,poisson_excitatory,10.0,1200.0,105,0.5438718488439918,0.0761904761904762,75.36437500000005,6.6360723080433335,50,0.05952380952380952,0.6285714285714286,False,True,False,0.6285714285714286,799558946
S-DES,teaching_ablation,teacher_assisted_then_off,6,1670477206,ES+teacher training,poisson_excitatory,10.0,1200.0,105,0.5342190461233258,0.02857142857142857,80.980625,6.759716872841773,19,0.02261904761904762,0.8380952380952381,False,True,False,0.8380952380952381,799558946
S-DES,teaching_ablation,teacher_only,6,1670477206,Teaching-only shortcut,poisson_excitatory,10.0,1200.0,105,1.0285211000591516,0.0,51.36437500000004,5.542983517382245,0,0.0,1.0,True,True,True,1.0,799558946
S-DES,teaching_ablation,full_network,6,1670477206,ES+teacher full network,poisson_excitatory,10.0,1200.0,105,1.0310956060420722,0.0,129.348125,10.72935003740776,0,0.0,1.0,True,True,True,1.0,799558946
S-DES,teaching_ablation,es_stdp_teacher_off,7,345392676,ES+STDP no teacher,poisson_excitatory,10.0,1200.0,105,0.5393743431195617,0.014285714285714285,72.36437499999997,6.239579271281523,6,0.007142857142857143,0.9428571428571428,False,True,False,0.9428571428571428,170122531
S-DES,teaching_ablation,es_static_teacher_off,7,345392676,ES static,poisson_excitatory,10.0,1200.0,105,0.5325471691321582,0.004761904761904762,65.89500000000001,5.893472299360576,2,0.002380952380952381,0.9809523809523809,False,True,False,0.9809523809523809,170122531
S-DES,teaching_ablation,default_stdp_teacher_off,7,345392676,default+STDP no teacher,poisson_excitatory,10.0,1200.0,105,0.5342187089845538,0.07261904761904762,75.56125000000003,6.64324970302511,50,0.05952380952380952,0.6095238095238096,False,True,False,0.6095238095238096,170122531
S-DES,teaching_ablation,teacher_assisted_then_off,7,345392676,ES+teacher training,poisson_excitatory,10.0,1200.0,105,0.5345544330775738,0.03214285714285714,81.98062499999999,6.811923077196937,15,0.017857142857142856,0.8571428571428572,False,True,False,0.8571428571428572,170122531
S-DES,teaching_ablation,teacher_only,7,345392676,Teaching-only shortcut,poisson_excitatory,10.0,1200.0,105,1.0212411698885262,0.0,51.36437500000004,5.542983517382245,0,0.0,1.0,True,True,True,1.0,170122531
S-DES,teaching_ablation,full_network,7,345392676,ES+teacher full network,poisson_excitatory,10.0,1200.0,105,1.0219666080083698,0.0,129.663125,10.756195100723772,0,0.0,1.0,True,True,True,1.0,170122531
S-DES,teaching_ablation,es_stdp_teacher_off,8,69818518,ES+STDP no teacher,poisson_excitatory,10.0,1200.0,105,0.5289469021372497,0.014285714285714285,72.20562500000004,6.2415154195666815,6,0.007142857142857143,0.9428571428571428,False,True,False,0.9428571428571428,1752740881
S-DES,teaching_ablation,es_static_teacher_off,8,69818518,ES static,poisson_excitatory,10.0,1200.0,105,0.5332973210606724,0.005952380952380952,65.51687500000003,5.870840815911097,4,0.004761904761904762,0.9619047619047619,False,True,False,0.9619047619047619,1752740881
S-DES,teaching_ablation,default_stdp_teacher_off,8,69818518,default+STDP no teacher,poisson_excitatory,10.0,1200.0,105,0.5332321571186185,0.07023809523809524,75.36062500000007,6.632859321183135,51,0.060714285714285714,0.638095238095238,False,True,False,0.638095238095238,1752740881
S-DES,teaching_ablation,teacher_assisted_then_off,8,69818518,ES+teacher training,poisson_excitatory,10.0,1200.0,105,0.5390332771930844,0.030952380952380953,81.63062499999998,6.796929381538722,21,0.025,0.819047619047619,False,True,False,0.819047619047619,1752740881
S-DES,teaching_ablation,teacher_only,8,69818518,Teaching-only shortcut,poisson_excitatory,10.0,1200.0,105,1.0344330361112952,0.0,51.36437500000004,5.542983517382245,0,0.0,1.0,True,True,True,1.0,1752740881
S-DES,teaching_ablation,full_network,8,69818518,ES+teacher full network,poisson_excitatory,10.0,1200.0,105,1.0243710759095848,0.0,129.28624999999997,10.732743738845743,0,0.0,1.0,True,True,True,1.0,1752740881
S-DES,teaching_ablation,es_stdp_teacher_off,9,1932421416,ES+STDP no teacher,poisson_excitatory,10.0,1200.0,105,0.5342204431071877,0.014285714285714285,72.41499999999999,6.256756088345515,5,0.005952380952380952,0.9523809523809523,False,True,False,0.9523809523809523,1307780114
S-DES,teaching_ablation,es_static_teacher_off,9,1932421416,ES static,poisson_excitatory,10.0,1200.0,105,0.5375934448093176,0.0035714285714285713,65.42750000000002,5.874801211585094,1,0.0011904761904761906,0.9904761904761905,False,True,False,0.9904761904761905,1307780114
S-DES,teaching_ablation,default_stdp_teacher_off,9,1932421416,default+STDP no teacher,poisson_excitatory,10.0,1200.0,105,0.5374157309997827,0.07023809523809524,75.51687500000007,6.639940340105797,54,0.06428571428571428,0.6095238095238096,False,True,False,0.6095238095238096,1307780114
S-DES,teaching_ablation,teacher_assisted_then_off,9,1932421416,ES+teacher training,poisson_excitatory,10.0,1200.0,105,0.5355526350904256,0.03571428571428571,81.78125,6.7913841502273025,21,0.025,0.8095238095238095,False,True,False,0.8095238095238095,1307780114
S-DES,teaching_ablation,teacher_only,9,1932421416,Teaching-only shortcut,poisson_excitatory,10.0,1200.0,105,1.0375132099725306,0.0,51.36437500000004,5.542983517382245,0,0.0,1.0,True,True,True,1.0,1307780114
S-DES,teaching_ablation,full_network,9,1932421416,ES+teacher full network,poisson_excitatory,10.0,1200.0,105,1.0380833349190652,0.0,129.57874999999999,10.757090039579642,0,0.0,1.0,True,True,True,1.0,1307780114
S-DES,teaching_weight_sweep,teacher_assisted_then_off,0,226785320,ES+teacher training,poisson_excitatory,10.0,0.0,105,0.5449639251455665,0.016666666666666666,72.670625,6.274252830367404,8,0.009523809523809525,0.9238095238095239,False,True,False,0.9238095238095239,1297166988
S-DES,teaching_weight_sweep,teacher_assisted_then_off,0,226785320,ES+teacher training,poisson_excitatory,10.0,300.0,105,0.5371806488838047,0.06428571428571428,77.57687499999999,6.525065862938913,29,0.034523809523809526,0.7523809523809524,False,True,False,0.7523809523809524,1297166988
S-DES,teaching_weight_sweep,teacher_assisted_then_off,0,226785320,ES+teacher training,poisson_excitatory,10.0,600.0,105,0.5351373350713402,0.03571428571428571,78.34812499999997,6.581658562451208,13,0.015476190476190477,0.8761904761904762,False,True,False,0.8761904761904762,1297166988
S-DES,teaching_weight_sweep,teacher_assisted_then_off,0,226785320,ES+teacher training,poisson_excitatory,10.0,900.0,105,0.5342310001142323,0.025,79.75937499999998,6.688272465440788,16,0.01904761904761905,0.8857142857142857,False,True,False,0.8857142857142857,1297166988
S-DES,teaching_weight_sweep,teacher_assisted_then_off,0,226785320,ES+teacher training,poisson_excitatory,10.0,1200.0,105,0.5361636269371957,0.034523809523809526,81.63875000000002,6.796319235516382,23,0.02738095238095238,0.8095238095238095,False,True,False,0.8095238095238095,1297166988
S-DES,teaching_weight_sweep,teacher_assisted_then_off,1,2055423894,ES+teacher training,poisson_excitatory,10.0,0.0,105,0.5483231050893664,0.013095238095238096,72.11250000000001,6.227315348436386,6,0.007142857142857143,0.9428571428571428,False,True,False,0.9428571428571428,1759158937
S-DES,teaching_weight_sweep,teacher_assisted_then_off,1,2055423894,ES+teacher training,poisson_excitatory,10.0,300.0,105,0.533536764094606,0.05714285714285714,77.32187499999995,6.505122660749388,25,0.02976190476190476,0.7904761904761904,False,True,False,0.7904761904761904,1759158937
S-DES,teaching_weight_sweep,teacher_assisted_then_off,1,2055423894,ES+teacher training,poisson_excitatory,10.0,600.0,105,0.5443954011425376,0.034523809523809526,78.10374999999998,6.56161095466611,11,0.013095238095238096,0.8952380952380953,False,True,False,0.8952380952380953,1759158937
S-DES,teaching_weight_sweep,teacher_assisted_then_off,1,2055423894,ES+teacher training,poisson_excitatory,10.0,900.0,105,0.5346650620922446,0.02738095238095238,79.87187499999999,6.693206213733568,14,0.016666666666666666,0.8761904761904762,False,True,False,0.8761904761904762,1759158937
S-DES,teaching_weight_sweep,teacher_assisted_then_off,1,2055423894,ES+teacher training,poisson_excitatory,10.0,1200.0,105,0.5367536218836904,0.025,81.55125000000001,6.79212087698374,13,0.015476190476190477,0.8857142857142857,False,True,False,0.8857142857142857,1759158937
S-DES,teaching_weight_sweep,teacher_assisted_then_off,2,1669994235,ES+teacher training,poisson_excitatory,10.0,0.0,105,0.5445532940793782,0.015476190476190477,72.334375,6.241421418586433,6,0.007142857142857143,0.9428571428571428,False,True,False,0.9428571428571428,1563890790
S-DES,teaching_weight_sweep,teacher_assisted_then_off,2,1669994235,ES+teacher training,poisson_excitatory,10.0,300.0,105,0.535200682003051,0.05357142857142857,77.30187499999997,6.505728739260587,23,0.02738095238095238,0.8,False,True,False,0.8,1563890790
S-DES,teaching_weight_sweep,teacher_assisted_then_off,2,1669994235,ES+teacher training,poisson_excitatory,10.0,600.0,105,0.5435988868121058,0.02857142857142857,78.32499999999995,6.5882557660738685,9,0.010714285714285714,0.9142857142857143,False,True,False,0.9142857142857143,1563890790
S-DES,teaching_weight_sweep,teacher_assisted_then_off,2,1669994235,ES+teacher training,poisson_excitatory,10.0,900.0,105,0.5305030369199812,0.02261904761904762,80.05375,6.7085665951047755,11,0.013095238095238096,0.9047619047619048,False,True,False,0.9047619047619048,1563890790
S-DES,teaching_weight_sweep,teacher_assisted_then_off,2,1669994235,ES+teacher training,poisson_excitatory,10.0,1200.0,105,0.530540982959792,0.030952380952380953,81.60874999999996,6.802465252531971,20,0.023809523809523808,0.819047619047619,False,True,False,0.819047619047619,1563890790
S-DES,teaching_weight_sweep,teacher_assisted_then_off,3,344794737,ES+teacher training,poisson_excitatory,10.0,0.0,105,0.5308797110337764,0.014285714285714285,72.18687499999999,6.235901094749412,2,0.002380952380952381,0.9809523809523809,False,True,False,0.9809523809523809,2025620573
S-DES,teaching_weight_sweep,teacher_assisted_then_off,3,344794737,ES+teacher training,poisson_excitatory,10.0,300.0,105,0.5357050290331244,0.05476190476190476,76.865,6.480386970919544,20,0.023809523809523808,0.8380952380952381,False,True,False,0.8380952380952381,2025620573
S-DES,teaching_weight_sweep,teacher_assisted_then_off,3,344794737,ES+teacher training,poisson_excitatory,10.0,600.0,105,0.5333560509607196,0.02976190476190476,77.80374999999995,6.5457071086122856,5,0.005952380952380952,0.9523809523809523,False,True,False,0.9523809523809523,2025620573
S-DES,teaching_weight_sweep,teacher_assisted_then_off,3,344794737,ES+teacher training,poisson_excitatory,10.0,900.0,105,0.535587253049016,0.02142857142857143,79.12749999999997,6.644125537653833,11,0.013095238095238096,0.9047619047619048,False,True,False,0.9047619047619048,2025620573
S-DES,teaching_weight_sweep,teacher_assisted_then_off,3,344794737,ES+teacher training,poisson_excitatory,10.0,1200.0,105,0.543929958017543,0.036904761904761905,81.47437500000001,6.783214470819049,22,0.02619047619047619,0.8,False,True,False,0.8,2025620573
S-DES,teaching_weight_sweep,teacher_assisted_then_off,4,183088143,ES+teacher training,poisson_excitatory,10.0,0.0,105,0.5318353038746864,0.015476190476190477,72.08187499999998,6.230043034968775,8,0.009523809523809525,0.9238095238095239,False,True,False,0.9238095238095239,921467076
S-DES,teaching_weight_sweep,teacher_assisted_then_off,4,183088143,ES+teacher training,poisson_excitatory,10.0,300.0,105,0.5423143559601158,0.05714285714285714,76.72687499999994,6.469582252626095,23,0.02738095238095238,0.8285714285714285,False,True,False,0.8285714285714285,921467076
S-DES,teaching_weight_sweep,teacher_assisted_then_off,4,183088143,ES+teacher training,poisson_excitatory,10.0,600.0,105,0.534480761969462,0.036904761904761905,77.96312499999999,6.558913409294009,14,0.016666666666666666,0.8761904761904762,False,True,False,0.8761904761904762,921467076
S-DES,teaching_weight_sweep,teacher_assisted_then_off,4,183088143,ES+teacher training,poisson_excitatory,10.0,900.0,105,0.5368302022106946,0.02976190476190476,79.81312499999999,6.695242325430919,16,0.01904761904761905,0.8571428571428572,False,True,False,0.8571428571428572,921467076
S-DES,teaching_weight_sweep,teacher_assisted_then_off,4,183088143,ES+teacher training,poisson_excitatory,10.0,1200.0,105,0.5359065840020776,0.036904761904761905,81.71187500000003,6.802904758066782,22,0.02619047619047619,0.819047619047619,False,True,False,0.819047619047619,921467076
S-DES,teaching_weight_sweep,teacher_assisted_then_off,5,2112783261,ES+teacher training,poisson_excitatory,10.0,0.0,105,0.5339434409979731,0.011904761904761904,72.31437500000001,6.241586415507369,4,0.004761904761904762,0.9619047619047619,False,True,False,0.9619047619047619,325576895
S-DES,teaching_weight_sweep,teacher_assisted_then_off,5,2112783261,ES+teacher training,poisson_excitatory,10.0,300.0,105,0.5347028260584921,0.05,76.99312499999996,6.492481701922184,20,0.023809523809523808,0.8285714285714285,False,True,False,0.8285714285714285,325576895
S-DES,teaching_weight_sweep,teacher_assisted_then_off,5,2112783261,ES+teacher training,poisson_excitatory,10.0,600.0,105,0.5328415299300104,0.030952380952380953,77.79375,6.552631973182123,9,0.010714285714285714,0.9238095238095239,False,True,False,0.9238095238095239,325576895
S-DES,teaching_weight_sweep,teacher_assisted_then_off,5,2112783261,ES+teacher training,poisson_excitatory,10.0,900.0,105,0.531000770162791,0.016666666666666666,79.486875,6.667526854060843,11,0.013095238095238096,0.9047619047619048,False,True,False,0.9047619047619048,325576895
S-DES,teaching_weight_sweep,teacher_assisted_then_off,5,2112783261,ES+teacher training,poisson_excitatory,10.0,1200.0,105,0.5327083179727197,0.02857142857142857,81.41624999999999,6.777104119325221,19,0.02261904761904762,0.8380952380952381,False,True,False,0.8380952380952381,325576895
S-DES,teaching_weight_sweep,teacher_assisted_then_off,6,1692914418,ES+teacher training,poisson_excitatory,10.0,0.0,105,0.5430642839055508,0.010714285714285714,72.47125,6.25150186168625,6,0.007142857142857143,0.9428571428571428,False,True,False,0.9428571428571428,646602482
S-DES,teaching_weight_sweep,teacher_assisted_then_off,6,1692914418,ES+teacher training,poisson_excitatory,10.0,300.0,105,0.5290989438071847,0.05714285714285714,77.18812499999993,6.493938310624725,25,0.02976190476190476,0.7904761904761904,False,True,False,0.7904761904761904,646602482
S-DES,teaching_weight_sweep,teacher_assisted_then_off,6,1692914418,ES+teacher training,poisson_excitatory,10.0,600.0,105,0.5418402987997979,0.034523809523809526,77.90437499999996,6.555128875101607,11,0.013095238095238096,0.9142857142857143,False,True,False,0.9142857142857143,646602482
S-DES,teaching_weight_sweep,teacher_assisted_then_off,6,1692914418,ES+teacher training,poisson_excitatory,10.0,900.0,105,0.5347015929874033,0.02619047619047619,79.81062499999996,6.697817885328148,14,0.016666666666666666,0.8761904761904762,False,True,False,0.8761904761904762,646602482
S-DES,teaching_weight_sweep,teacher_assisted_then_off,6,1692914418,ES+teacher training,poisson_excitatory,10.0,1200.0,105,0.5369058751966804,0.030952380952380953,81.74812499999997,6.802032577020523,18,0.02142857142857143,0.8380952380952381,False,True,False,0.8380952380952381,646602482
S-DES,teaching_weight_sweep,teacher_assisted_then_off,7,333505160,ES+teacher training,poisson_excitatory,10.0,0.0,105,0.5367321060039103,0.009523809523809525,72.00187500000003,6.221643511383162,3,0.0035714285714285713,0.9714285714285714,False,True,False,0.9714285714285714,50450163
S-DES,teaching_weight_sweep,teacher_assisted_then_off,7,333505160,ES+teacher training,poisson_excitatory,10.0,300.0,105,0.5298475939780474,0.055952380952380955,76.86062499999996,6.483587551383067,23,0.02738095238095238,0.8095238095238095,False,True,False,0.8095238095238095,50450163
S-DES,teaching_weight_sweep,teacher_assisted_then_off,7,333505160,ES+teacher training,poisson_excitatory,10.0,600.0,105,0.5418589569162577,0.02619047619047619,77.37625000000003,6.522155663600301,7,0.008333333333333333,0.9333333333333333,False,True,False,0.9333333333333333,50450163
S-DES,teaching_weight_sweep,teacher_assisted_then_off,7,333505160,ES+teacher training,poisson_excitatory,10.0,900.0,105,0.5369813009165227,0.02023809523809524,79.2525,6.6558032640873375,9,0.010714285714285714,0.9142857142857143,False,True,False,0.9142857142857143,50450163
S-DES,teaching_weight_sweep,teacher_assisted_then_off,7,333505160,ES+teacher training,poisson_excitatory,10.0,1200.0,105,0.5359711349010468,0.02619047619047619,81.32375000000002,6.767360880117369,16,0.01904761904761905,0.8761904761904762,False,True,False,0.8761904761904762,50450163
S-DES,teaching_weight_sweep,teacher_assisted_then_off,8,56623098,ES+teacher training,poisson_excitatory,10.0,0.0,105,0.5393486390821636,0.013095238095238096,72.21375000000002,6.2316158243007935,5,0.005952380952380952,0.9523809523809523,False,True,False,0.9523809523809523,1633329665
S-DES,teaching_weight_sweep,teacher_assisted_then_off,8,56623098,ES+teacher training,poisson_excitatory,10.0,300.0,105,0.536125976126641,0.058333333333333334,77.095625,6.491194268512851,24,0.02857142857142857,0.8,False,True,False,0.8,1633329665
S-DES,teaching_weight_sweep,teacher_assisted_then_off,8,56623098,ES+teacher training,poisson_excitatory,10.0,600.0,105,0.5366368668619543,0.02619047619047619,77.77249999999998,6.544811349094916,6,0.007142857142857143,0.9428571428571428,False,True,False,0.9428571428571428,1633329665
S-DES,teaching_weight_sweep,teacher_assisted_then_off,8,56623098,ES+teacher training,poisson_excitatory,10.0,900.0,105,0.5432501148898154,0.01904761904761905,79.44999999999997,6.661011270357594,12,0.014285714285714285,0.8952380952380953,False,True,False,0.8952380952380953,1633329665
S-DES,teaching_weight_sweep,teacher_assisted_then_off,8,56623098,ES+teacher training,poisson_excitatory,10.0,1200.0,105,0.5458114219363779,0.02976190476190476,81.67500000000004,6.794643693965803,20,0.023809523809523808,0.8285714285714285,False,True,False,0.8285714285714285,1633329665
S-DES,teaching_weight_sweep,teacher_assisted_then_off,9,1951977348,ES+teacher training,poisson_excitatory,10.0,0.0,105,0.5326549729797989,0.014285714285714285,72.75687499999997,6.270143229254401,5,0.005952380952380952,0.9523809523809523,False,True,False,0.9523809523809523,1154560514
S-DES,teaching_weight_sweep,teacher_assisted_then_off,9,1951977348,ES+teacher training,poisson_excitatory,10.0,300.0,105,0.5322333120275289,0.06190476190476191,77.71937499999993,6.530042093825458,27,0.03214285714285714,0.7904761904761904,False,True,False,0.7904761904761904,1154560514
S-DES,teaching_weight_sweep,teacher_assisted_then_off,9,1951977348,ES+teacher training,poisson_excitatory,10.0,600.0,105,0.5290033901110291,0.041666666666666664,78.98625000000001,6.6186108931831225,16,0.01904761904761905,0.8571428571428572,False,True,False,0.8571428571428572,1154560514
S-DES,teaching_weight_sweep,teacher_assisted_then_off,9,1951977348,ES+teacher training,poisson_excitatory,10.0,900.0,105,0.5295436300802976,0.02261904761904762,80.69812499999996,6.73477398881953,12,0.014285714285714285,0.8952380952380953,False,True,False,0.8952380952380953,1154560514
S-DES,teaching_weight_sweep,teacher_assisted_then_off,9,1951977348,ES+teacher training,poisson_excitatory,10.0,1200.0,105,0.5329530178569257,0.030952380952380953,82.24625,6.836585851032572,17,0.02023809523809524,0.8476190476190476,False,True,False,0.8476190476190476,1154560514
DES,teaching_ablation,es_stdp_teacher_off,0,1099652597,ES+STDP no teacher,poisson_excitatory,10.0,1200.0,120,0.6054750899784267,0.03125,81.88500000000002,6.665370227178366,16,0.016666666666666666,0.8833333333333333,False,False,False,,1675493137
DES,teaching_ablation,es_static_teacher_off,0,1099652597,ES static,poisson_excitatory,10.0,1200.0,120,0.613296537892893,0.005208333333333333,76.18812500000003,6.3545315903385795,1,0.0010416666666666667,0.9916666666666667,False,True,False,0.9142857142857143,1675493137
DES,teaching_ablation,default_stdp_teacher_off,0,1099652597,default+STDP no teacher,poisson_excitatory,10.0,1200.0,120,0.6079488168470562,0.1,90.22437499999998,7.374566331263718,70,0.07291666666666667,0.5166666666666666,False,False,False,,1675493137
DES,teaching_ablation,teacher_assisted_then_off,0,1099652597,ES+teacher training,poisson_excitatory,10.0,1200.0,120,0.6121492970269173,0.07395833333333333,91.46562499999996,7.229435516748456,40,0.041666666666666664,0.725,False,False,False,,1675493137
DES,teaching_ablation,teacher_only,0,1099652597,Teaching-only shortcut,poisson_excitatory,10.0,1200.0,120,1.1732848330866545,0.0,60.34125000000009,6.0393692538079575,0,0.0,1.0,True,True,True,1.0,1675493137
DES,teaching_ablation,full_network,0,1099652597,ES+teacher full network,poisson_excitatory,10.0,1200.0,120,1.1641018928494304,0.0,144.166875,11.467172510995542,0,0.0,1.0,True,True,True,1.0,1675493137
DES,teaching_ablation,es_stdp_teacher_off,1,915172743,ES+STDP no teacher,poisson_excitatory,10.0,1200.0,120,0.6038502871524543,0.023958333333333335,81.88000000000004,6.667611490713776,12,0.0125,0.9,False,False,False,,1180069652
DES,teaching_ablation,es_static_teacher_off,1,915172743,ES static,poisson_excitatory,10.0,1200.0,120,0.6070767398923635,0.005208333333333333,76.57812500000003,6.376835488431915,4,0.004166666666666667,0.9666666666666667,False,False,False,,1180069652
DES,teaching_ablation,default_stdp_teacher_off,1,915172743,default+STDP no teacher,poisson_excitatory,10.0,1200.0,120,0.6185742418747395,0.10833333333333334,90.13624999999999,7.369801256905619,63,0.065625,0.5666666666666667,False,False,False,,1180069652
DES,teaching_ablation,teacher_assisted_then_off,1,915172743,ES+teacher training,poisson_excitatory,10.0,1200.0,120,0.6041299430653453,0.071875,91.53562500000001,7.239734470739048,42,0.04375,0.7083333333333333,False,False,False,,1180069652
DES,teaching_ablation,teacher_only,1,915172743,Teaching-only shortcut,poisson_excitatory,10.0,1200.0,120,1.1697752429172397,0.0,60.34125000000009,6.0393692538079575,0,0.0,1.0,True,True,True,1.0,1180069652
DES,teaching_ablation,full_network,1,915172743,ES+teacher full network,poisson_excitatory,10.0,1200.0,120,1.1889010730665177,0.0,144.583125,11.500781607546097,0,0.0,1.0,True,True,True,1.0,1180069652
DES,teaching_ablation,es_stdp_teacher_off,2,797261074,ES+STDP no teacher,poisson_excitatory,10.0,1200.0,120,0.6137931148987263,0.026041666666666668,82.239375,6.677302139216577,14,0.014583333333333334,0.8916666666666666,False,False,False,,1941690597
DES,teaching_ablation,es_static_teacher_off,2,797261074,ES static,poisson_excitatory,10.0,1200.0,120,0.6238795439712703,0.005208333333333333,77.02812500000005,6.388496512810418,2,0.0020833333333333333,0.9833333333333333,False,True,False,0.8285714285714285,1941690597
DES,teaching_ablation,default_stdp_teacher_off,2,797261074,default+STDP no teacher,poisson_excitatory,10.0,1200.0,120,0.6145373119506985,0.1,89.78124999999997,7.355404548322198,65,0.06770833333333333,0.525,False,False,False,,1941690597
DES,teaching_ablation,teacher_assisted_then_off,2,797261074,ES+teacher training,poisson_excitatory,10.0,1200.0,120,0.6119252820499241,0.07083333333333333,91.65750000000001,7.252789206479745,40,0.041666666666666664,0.7083333333333333,False,False,False,,1941690597
DES,teaching_ablation,teacher_only,2,797261074,Teaching-only shortcut,poisson_excitatory,10.0,1200.0,120,1.1766753729898483,0.0,60.34125000000009,6.0393692538079575,0,0.0,1.0,True,True,True,1.0,1941690597
DES,teaching_ablation,full_network,2,797261074,ES+teacher full network,poisson_excitatory,10.0,1200.0,120,1.177199267083779,0.0,144.886875,11.51152587641337,0,0.0,1.0,True,True,True,1.0,1941690597
DES,teaching_ablation,es_stdp_teacher_off,3,1484917916,ES+STDP no teacher,poisson_excitatory,10.0,1200.0,120,0.605749653885141,0.026041666666666668,82.37437499999999,6.687344759409574,12,0.0125,0.9,False,False,False,,1446004958
DES,teaching_ablation,es_static_teacher_off,3,1484917916,ES static,poisson_excitatory,10.0,1200.0,120,0.6130774919874966,0.00625,77.12687499999998,6.39641143219746,2,0.0020833333333333333,0.9833333333333333,False,True,False,0.8380952380952381,1446004958
DES,teaching_ablation,default_stdp_teacher_off,3,1484917916,default+STDP no teacher,poisson_excitatory,10.0,1200.0,120,0.6208821770269424,0.11145833333333334,90.07187499999999,7.365656407504796,56,0.058333333333333334,0.5833333333333333,False,False,False,,1446004958
DES,teaching_ablation,teacher_assisted_then_off,3,1484917916,ES+teacher training,poisson_excitatory,10.0,1200.0,120,0.6116120750084519,0.07708333333333334,92.16812499999999,7.2697135755602815,40,0.041666666666666664,0.725,False,False,False,,1446004958
DES,teaching_ablation,teacher_only,3,1484917916,Teaching-only shortcut,poisson_excitatory,10.0,1200.0,120,1.1793279880657792,0.0,60.34125000000009,6.0393692538079575,0,0.0,1.0,True,True,True,1.0,1446004958
DES,teaching_ablation,full_network,3,1484917916,ES+teacher full network,poisson_excitatory,10.0,1200.0,120,1.1785953450016677,0.0,145.3,11.5478393154114,0,0.0,1.0,True,True,True,1.0,1446004958
DES,teaching_ablation,es_stdp_teacher_off,4,1189517820,ES+STDP no teacher,poisson_excitatory,10.0,1200.0,120,0.6104289300274104,0.019791666666666666,81.93812500000004,6.66704405468566,11,0.011458333333333333,0.9166666666666666,False,False,False,,408990791
DES,teaching_ablation,es_static_teacher_off,4,1189517820,ES static,poisson_excitatory,10.0,1200.0,120,0.6109722929541022,0.007291666666666667,76.92062500000009,6.389730896946375,3,0.003125,0.975,False,True,False,0.7619047619047619,408990791
DES,teaching_ablation,default_stdp_teacher_off,4,1189517820,default+STDP no teacher,poisson_excitatory,10.0,1200.0,120,0.6093067480251193,0.10208333333333333,90.10249999999999,7.368622546747645,61,0.06354166666666666,0.5583333333333333,False,False,False,,408990791
DES,teaching_ablation,teacher_assisted_then_off,4,1189517820,ES+teacher training,poisson_excitatory,10.0,1200.0,120,0.6167079471051693,0.07291666666666667,91.65624999999999,7.236063958416852,40,0.041666666666666664,0.7166666666666667,False,False,False,,408990791
DES,teaching_ablation,teacher_only,4,1189517820,Teaching-only shortcut,poisson_excitatory,10.0,1200.0,120,1.1870403848588467,0.0,60.34125000000009,6.0393692538079575,0,0.0,1.0,True,True,True,1.0,408990791
DES,teaching_ablation,full_network,4,1189517820,ES+teacher full network,poisson_excitatory,10.0,1200.0,120,1.1819257161114365,0.0,144.35562500000003,11.47824906507812,0,0.0,1.0,True,True,True,1.0,408990791
DES,teaching_ablation,es_stdp_teacher_off,5,836872558,ES+STDP no teacher,poisson_excitatory,10.0,1200.0,120,0.6034135438967496,0.025,82.10062500000005,6.669430831971114,12,0.0125,0.9083333333333333,False,False,False,,1038820412
DES,teaching_ablation,es_static_teacher_off,5,836872558,ES static,poisson_excitatory,10.0,1200.0,120,0.6171750309877098,0.007291666666666667,76.97937500000003,6.387673964037911,5,0.005208333333333333,0.9583333333333334,False,True,False,0.6761904761904762,1038820412
DES,teaching_ablation,default_stdp_teacher_off,5,836872558,default+STDP no teacher,poisson_excitatory,10.0,1200.0,120,0.608299617189914,0.09583333333333334,90.04874999999997,7.364526699256567,68,0.07083333333333333,0.5083333333333333,False,False,False,,1038820412
DES,teaching_ablation,teacher_assisted_then_off,5,836872558,ES+teacher training,poisson_excitatory,10.0,1200.0,120,0.6073148008435965,0.06875,91.85687499999997,7.257063935075783,42,0.04375,0.7,False,False,False,,1038820412
DES,teaching_ablation,teacher_only,5,836872558,Teaching-only shortcut,poisson_excitatory,10.0,1200.0,120,1.1762122309301049,0.0,60.34125000000009,6.0393692538079575,0,0.0,1.0,True,True,True,1.0,1038820412
DES,teaching_ablation,full_network,5,836872558,ES+teacher full network,poisson_excitatory,10.0,1200.0,120,1.1775931289885193,0.0,144.87,11.51396047235429,0,0.0,1.0,True,True,True,1.0,1038820412
DES,teaching_ablation,es_stdp_teacher_off,6,686356777,ES+STDP no teacher,poisson_excitatory,10.0,1200.0,120,0.6147434180602431,0.034375,82.18937500000003,6.676828372386083,15,0.015625,0.8833333333333333,False,True,False,0.12380952380952381,134648427
DES,teaching_ablation,es_static_teacher_off,6,686356777,ES static,poisson_excitatory,10.0,1200.0,120,0.6011429759673774,0.009375,77.00250000000003,6.399280659718292,4,0.004166666666666667,0.9666666666666667,False,True,False,0.7333333333333334,134648427
DES,teaching_ablation,default_stdp_teacher_off,6,686356777,default+STDP no teacher,poisson_excitatory,10.0,1200.0,120,0.6147240230347961,0.10416666666666667,90.138125,7.372146048539296,65,0.06770833333333333,0.5416666666666667,False,False,False,,134648427
DES,teaching_ablation,teacher_assisted_then_off,6,686356777,ES+teacher training,poisson_excitatory,10.0,1200.0,120,0.6098312879912555,0.078125,91.74562499999998,7.244484462319222,42,0.04375,0.7,False,False,False,,134648427
DES,teaching_ablation,teacher_only,6,686356777,Teaching-only shortcut,poisson_excitatory,10.0,1200.0,120,1.1771651348099113,0.0,60.34125000000009,6.0393692538079575,0,0.0,1.0,True,True,True,1.0,134648427
DES,teaching_ablation,full_network,6,686356777,ES+teacher full network,poisson_excitatory,10.0,1200.0,120,1.1846501228865236,0.0,144.736875,11.498696340216586,0,0.0,1.0,True,True,True,1.0,134648427
DES,teaching_ablation,es_stdp_teacher_off,7,1609549971,ES+STDP no teacher,poisson_excitatory,10.0,1200.0,120,0.6055769398808479,0.030208333333333334,82.22375000000001,6.6824264300974905,19,0.019791666666666666,0.8666666666666667,False,False,False,,764215930
DES,teaching_ablation,es_static_teacher_off,7,1609549971,ES static,poisson_excitatory,10.0,1200.0,120,0.6101784398779273,0.004166666666666667,76.57937499999998,6.372408709350379,3,0.003125,0.975,False,False,False,,764215930
DES,teaching_ablation,default_stdp_teacher_off,7,1609549971,default+STDP no teacher,poisson_excitatory,10.0,1200.0,120,0.6090596481226385,0.10104166666666667,89.90062500000005,7.360557374749977,65,0.06770833333333333,0.525,False,False,False,,764215930
DES,teaching_ablation,teacher_assisted_then_off,7,1609549971,ES+teacher training,poisson_excitatory,10.0,1200.0,120,0.6038544999901205,0.07395833333333333,91.50562500000002,7.231395037000969,44,0.04583333333333333,0.7,False,False,False,,764215930
DES,teaching_ablation,teacher_only,7,1609549971,Teaching-only shortcut,poisson_excitatory,10.0,1200.0,120,1.1805096298921853,0.0,60.34125000000009,6.0393692538079575,0,0.0,1.0,True,True,True,1.0,764215930
DES,teaching_ablation,full_network,7,1609549971,ES+teacher full network,poisson_excitatory,10.0,1200.0,120,1.1826434158720076,0.0,144.68375,11.500102377661923,0,0.0,1.0,True,True,True,1.0,764215930
DES,teaching_ablation,es_stdp_teacher_off,8,1330697763,ES+STDP no teacher,poisson_excitatory,10.0,1200.0,120,0.6034623379819095,0.030208333333333334,82.01937500000003,6.664564128105962,18,0.01875,0.8583333333333334,False,False,False,,1339452794
DES,teaching_ablation,es_static_teacher_off,8,1330697763,ES static,poisson_excitatory,10.0,1200.0,120,0.6094897128641605,0.00625,76.62312500000004,6.37450183789759,4,0.004166666666666667,0.9666666666666667,False,False,False,,1339452794
DES,teaching_ablation,default_stdp_teacher_off,8,1330697763,default+STDP no teacher,poisson_excitatory,10.0,1200.0,120,0.6078091650269926,0.09791666666666667,89.85437500000002,7.358873759086167,67,0.06979166666666667,0.5,False,False,False,,1339452794
DES,teaching_ablation,teacher_assisted_then_off,8,1330697763,ES+teacher training,poisson_excitatory,10.0,1200.0,120,0.606936746975407,0.075,91.69937500000002,7.247374189587159,40,0.041666666666666664,0.725,False,False,False,,1339452794
DES,teaching_ablation,teacher_only,8,1330697763,Teaching-only shortcut,poisson_excitatory,10.0,1200.0,120,1.166680705966428,0.0,60.34125000000009,6.0393692538079575,0,0.0,1.0,True,True,True,1.0,1339452794
DES,teaching_ablation,full_network,8,1330697763,ES+teacher full network,poisson_excitatory,10.0,1200.0,120,1.1755589928943664,0.0,144.45812500000005,11.482017482485949,0,0.0,1.0,True,True,True,1.0,1339452794
DES,teaching_ablation,es_stdp_teacher_off,9,945284505,ES+STDP no teacher,poisson_excitatory,10.0,1200.0,120,0.6110213038045913,0.022916666666666665,81.85750000000002,6.6591500888401685,14,0.014583333333333334,0.8833333333333333,False,False,False,,1784544649
DES,teaching_ablation,es_static_teacher_off,9,945284505,ES static,poisson_excitatory,10.0,1200.0,120,0.6162756311241537,0.00625,76.74125,6.383161898432087,4,0.004166666666666667,0.9666666666666667,False,False,False,,1784544649
DES,teaching_ablation,default_stdp_teacher_off,9,945284505,default+STDP no teacher,poisson_excitatory,10.0,1200.0,120,0.6112425869796425,0.09791666666666667,89.99687499999999,7.366911490705018,66,0.06875,0.5166666666666666,False,False,False,,1784544649
DES,teaching_ablation,teacher_assisted_then_off,9,945284505,ES+teacher training,poisson_excitatory,10.0,1200.0,120,0.6107126430142671,0.07291666666666667,91.41812500000003,7.230003714941233,38,0.03958333333333333,0.725,False,False,False,,1784544649
DES,teaching_ablation,teacher_only,9,945284505,Teaching-only shortcut,poisson_excitatory,10.0,1200.0,120,1.1815016169566661,0.0,60.34125000000009,6.0393692538079575,0,0.0,1.0,True,True,True,1.0,1784544649
DES,teaching_ablation,full_network,9,945284505,ES+teacher full network,poisson_excitatory,10.0,1200.0,120,1.1780108439270407,0.0,144.58062500000005,11.490360113619708,0,0.0,1.0,True,True,True,1.0,1784544649
DES,teaching_weight_sweep,teacher_assisted_then_off,0,596845256,ES+teacher training,poisson_excitatory,10.0,0.0,120,0.6105478398967534,0.027083333333333334,82.50937500000003,6.7029836790708694,14,0.014583333333333334,0.8833333333333333,False,False,False,,1509783192
DES,teaching_weight_sweep,teacher_assisted_then_off,0,596845256,ES+teacher training,poisson_excitatory,10.0,300.0,120,0.6197451311163604,0.030208333333333334,84.17750000000005,6.809057939238891,19,0.019791666666666666,0.85,False,False,False,,1509783192
DES,teaching_weight_sweep,teacher_assisted_then_off,0,596845256,ES+teacher training,poisson_excitatory,10.0,600.0,120,0.6139693260192871,0.06458333333333334,88.40125,7.045664721206701,23,0.023958333333333335,0.8166666666666667,False,False,False,,1509783192
DES,teaching_weight_sweep,teacher_assisted_then_off,0,596845256,ES+teacher training,poisson_excitatory,10.0,900.0,120,0.6240989759098738,0.07395833333333333,91.07562499999997,7.193260486349999,42,0.04375,0.7166666666666667,False,False,False,,1509783192
DES,teaching_weight_sweep,teacher_assisted_then_off,0,596845256,ES+teacher training,poisson_excitatory,10.0,1200.0,120,0.6096518698614091,0.06770833333333333,91.83312500000002,7.2507002007792085,41,0.042708333333333334,0.725,False,False,False,,1509783192
DES,teaching_weight_sweep,teacher_assisted_then_off,1,1418990130,ES+teacher training,poisson_excitatory,10.0,0.0,120,0.6070940589997917,0.023958333333333335,81.971875,6.6601840891098805,9,0.009375,0.925,False,True,False,0.49523809523809526,2088167051
DES,teaching_weight_sweep,teacher_assisted_then_off,1,1418990130,ES+teacher training,poisson_excitatory,10.0,300.0,120,0.6207931190729141,0.026041666666666668,83.89000000000006,6.7845535834647075,16,0.016666666666666666,0.875,False,False,False,,2088167051
DES,teaching_weight_sweep,teacher_assisted_then_off,1,1418990130,ES+teacher training,poisson_excitatory,10.0,600.0,120,0.6041823299601674,0.06354166666666666,88.1525,7.026253639749918,23,0.023958333333333335,0.8166666666666667,False,False,False,,2088167051
DES,teaching_weight_sweep,teacher_assisted_then_off,1,1418990130,ES+teacher training,poisson_excitatory,10.0,900.0,120,0.6074420961085707,0.08020833333333334,90.95812500000001,7.18942275599095,41,0.042708333333333334,0.7,False,False,False,,2088167051
DES,teaching_weight_sweep,teacher_assisted_then_off,1,1418990130,ES+teacher training,poisson_excitatory,10.0,1200.0,120,0.6077252009417862,0.071875,91.91187500000004,7.253046562896307,41,0.042708333333333334,0.725,False,False,False,,2088167051
DES,teaching_weight_sweep,teacher_assisted_then_off,2,1302152157,ES+teacher training,poisson_excitatory,10.0,0.0,120,0.6082597880158573,0.025,81.92124999999999,6.664066335425531,13,0.013541666666666667,0.8916666666666666,False,False,False,,1234915422
DES,teaching_weight_sweep,teacher_assisted_then_off,2,1302152157,ES+teacher training,poisson_excitatory,10.0,300.0,120,0.6084606810472906,0.026041666666666668,83.66687500000003,6.773725726593837,16,0.016666666666666666,0.875,False,False,False,,1234915422
DES,teaching_weight_sweep,teacher_assisted_then_off,2,1302152157,ES+teacher training,poisson_excitatory,10.0,600.0,120,0.6131373860407621,0.05625,88.045625,7.019381179049066,19,0.019791666666666666,0.85,False,False,False,,1234915422
DES,teaching_weight_sweep,teacher_assisted_then_off,2,1302152157,ES+teacher training,poisson_excitatory,10.0,900.0,120,0.6104842440690845,0.071875,90.81625,7.180309454527851,39,0.040625,0.725,False,False,False,,1234915422
DES,teaching_weight_sweep,teacher_assisted_then_off,2,1302152157,ES+teacher training,poisson_excitatory,10.0,1200.0,120,0.6054934330750257,0.06979166666666667,91.58937500000002,7.240827461277838,40,0.041666666666666664,0.7083333333333333,False,False,False,,1234915422
DES,teaching_weight_sweep,teacher_assisted_then_off,3,983200591,ES+teacher training,poisson_excitatory,10.0,0.0,120,0.6091354670934379,0.022916666666666665,81.60375000000002,6.645876452512678,11,0.011458333333333333,0.9166666666666666,False,False,False,,1813037159
DES,teaching_weight_sweep,teacher_assisted_then_off,3,983200591,ES+teacher training,poisson_excitatory,10.0,300.0,120,0.6116179609671235,0.030208333333333334,84.33312500000004,6.816045439089956,19,0.019791666666666666,0.8583333333333334,False,False,False,,1813037159
DES,teaching_weight_sweep,teacher_assisted_then_off,3,983200591,ES+teacher training,poisson_excitatory,10.0,600.0,120,0.6212058630771935,0.06458333333333334,88.363125,7.037042935564241,21,0.021875,0.8416666666666667,False,False,False,,1813037159
DES,teaching_weight_sweep,teacher_assisted_then_off,3,983200591,ES+teacher training,poisson_excitatory,10.0,900.0,120,0.6063813560176641,0.08020833333333334,90.64624999999998,7.167465895314512,39,0.040625,0.725,False,False,False,,1813037159
DES,teaching_weight_sweep,teacher_assisted_then_off,3,983200591,ES+teacher training,poisson_excitatory,10.0,1200.0,120,0.6091024409979582,0.06979166666666667,91.33312499999997,7.217944661996006,39,0.040625,0.7333333333333334,False,False,False,,1813037159
DES,teaching_weight_sweep,teacher_assisted_then_off,4,620684977,ES+teacher training,poisson_excitatory,10.0,0.0,120,0.610873845173046,0.03333333333333333,82.28812500000002,6.679514526551566,17,0.017708333333333333,0.8666666666666667,False,False,False,,574635200
DES,teaching_weight_sweep,teacher_assisted_then_off,4,620684977,ES+teacher training,poisson_excitatory,10.0,300.0,120,0.61109235486947,0.028125,83.91812500000002,6.787949348796285,16,0.016666666666666666,0.875,False,False,False,,574635200
DES,teaching_weight_sweep,teacher_assisted_then_off,4,620684977,ES+teacher training,poisson_excitatory,10.0,600.0,120,0.617573682917282,0.05625,87.825625,7.003866263154323,18,0.01875,0.8583333333333334,False,False,False,,574635200
DES,teaching_weight_sweep,teacher_assisted_then_off,4,620684977,ES+teacher training,poisson_excitatory,10.0,900.0,120,0.6203868188895285,0.08125,91.14437500000001,7.195286759107504,43,0.04479166666666667,0.7,False,False,False,,574635200
DES,teaching_weight_sweep,teacher_assisted_then_off,4,620684977,ES+teacher training,poisson_excitatory,10.0,1200.0,120,0.6121334149502218,0.07291666666666667,91.665625,7.240731620688154,40,0.041666666666666664,0.7166666666666667,False,False,False,,574635200
DES,teaching_weight_sweep,teacher_assisted_then_off,5,1408882235,ES+teacher training,poisson_excitatory,10.0,0.0,120,0.6110683029983193,0.03229166666666667,81.90812500000001,6.665079126772017,20,0.020833333333333332,0.8416666666666667,False,False,False,,130788549
DES,teaching_weight_sweep,teacher_assisted_then_off,5,1408882235,ES+teacher training,poisson_excitatory,10.0,300.0,120,0.6102736708708107,0.028125,84.10562500000002,6.803548777231643,19,0.019791666666666666,0.85,False,False,False,,130788549
DES,teaching_weight_sweep,teacher_assisted_then_off,5,1408882235,ES+teacher training,poisson_excitatory,10.0,600.0,120,0.6093989158980548,0.0625,88.248125,7.036251421088592,23,0.023958333333333335,0.8416666666666667,False,False,False,,130788549
DES,teaching_weight_sweep,teacher_assisted_then_off,5,1408882235,ES+teacher training,poisson_excitatory,10.0,900.0,120,0.615810297196731,0.08229166666666667,90.64062499999997,7.16872984621434,44,0.04583333333333333,0.7083333333333333,False,False,False,,130788549
DES,teaching_weight_sweep,teacher_assisted_then_off,5,1408882235,ES+teacher training,poisson_excitatory,10.0,1200.0,120,0.6077097118832171,0.078125,91.30187499999998,7.219331150227978,46,0.04791666666666667,0.6916666666666667,False,False,False,,130788549
DES,teaching_weight_sweep,teacher_assisted_then_off,6,1257277398,ES+teacher training,poisson_excitatory,10.0,0.0,120,0.61199885699898,0.023958333333333335,82.01625000000004,6.664965520357173,10,0.010416666666666666,0.9166666666666666,False,False,False,,841358066
DES,teaching_weight_sweep,teacher_assisted_then_off,6,1257277398,ES+teacher training,poisson_excitatory,10.0,300.0,120,0.6087375939823687,0.03229166666666667,84.52937500000002,6.822175451130139,21,0.021875,0.8416666666666667,False,False,False,,841358066
DES,teaching_weight_sweep,teacher_assisted_then_off,6,1257277398,ES+teacher training,poisson_excitatory,10.0,600.0,120,0.6086009610444307,0.06354166666666666,88.48999999999998,7.042880074885842,27,0.028125,0.8,False,False,False,,841358066
DES,teaching_weight_sweep,teacher_assisted_then_off,6,1257277398,ES+teacher training,poisson_excitatory,10.0,900.0,120,0.6080290079116821,0.08125,91.40687499999997,7.211149886378852,40,0.041666666666666664,0.7083333333333333,False,False,False,,841358066
DES,teaching_weight_sweep,teacher_assisted_then_off,6,1257277398,ES+teacher training,poisson_excitatory,10.0,1200.0,120,0.6220521610230207,0.06875,91.64250000000003,7.2362799317131365,38,0.03958333333333333,0.7166666666666667,False,False,False,,841358066
DES,teaching_weight_sweep,teacher_assisted_then_off,7,1039644520,ES+teacher training,poisson_excitatory,10.0,0.0,120,0.6091478778980672,0.027083333333333334,82.32500000000002,6.685501035261634,14,0.014583333333333334,0.8916666666666666,False,False,False,,397249265
DES,teaching_weight_sweep,teacher_assisted_then_off,7,1039644520,ES+teacher training,poisson_excitatory,10.0,300.0,120,0.6132076010107994,0.030208333333333334,84.28562500000007,6.812379142392832,19,0.019791666666666666,0.85,False,False,False,,397249265
DES,teaching_weight_sweep,teacher_assisted_then_off,7,1039644520,ES+teacher training,poisson_excitatory,10.0,600.0,120,0.608680475037545,0.058333333333333334,88.69375,7.061824908084695,24,0.025,0.8333333333333334,False,False,False,,397249265
DES,teaching_weight_sweep,teacher_assisted_then_off,7,1039644520,ES+teacher training,poisson_excitatory,10.0,900.0,120,0.6071123948786408,0.075,91.48124999999996,7.2238610261232665,37,0.03854166666666667,0.725,False,False,False,,397249265
DES,teaching_weight_sweep,teacher_assisted_then_off,7,1039644520,ES+teacher training,poisson_excitatory,10.0,1200.0,120,0.615030380897224,0.07291666666666667,92.33687499999999,7.279731420187536,39,0.040625,0.7333333333333334,False,False,False,,397249265
DES,teaching_weight_sweep,teacher_assisted_then_off,8,759737046,ES+teacher training,poisson_excitatory,10.0,0.0,120,0.6176522539462894,0.026041666666666668,81.79437500000004,6.654195229597104,12,0.0125,0.9083333333333333,False,False,False,,1979115011
DES,teaching_weight_sweep,teacher_assisted_then_off,8,759737046,ES+teacher training,poisson_excitatory,10.0,300.0,120,0.6111821960657835,0.036458333333333336,84.41437500000006,6.81700876331416,24,0.025,0.8083333333333333,False,False,False,,1979115011
DES,teaching_weight_sweep,teacher_assisted_then_off,8,759737046,ES+teacher training,poisson_excitatory,10.0,600.0,120,0.6080093309283257,0.06354166666666666,88.17624999999998,7.0264368920119304,23,0.023958333333333335,0.8166666666666667,False,False,False,,1979115011
DES,teaching_weight_sweep,teacher_assisted_then_off,8,759737046,ES+teacher training,poisson_excitatory,10.0,900.0,120,0.6078453329391778,0.08645833333333333,91.28125,7.205067436946344,47,0.04895833333333333,0.6833333333333333,False,False,False,,1979115011
DES,teaching_weight_sweep,teacher_assisted_then_off,8,759737046,ES+teacher training,poisson_excitatory,10.0,1200.0,120,0.6067872939165682,0.08020833333333334,92.176875,7.271813258477127,46,0.04791666666666667,0.675,False,False,False,,1979115011
DES,teaching_weight_sweep,teacher_assisted_then_off,9,1515166308,ES+teacher training,poisson_excitatory,10.0,0.0,120,0.6096828049048781,0.026041666666666668,81.68937500000004,6.645926016792787,15,0.015625,0.8833333333333333,False,False,False,,1350399490
DES,teaching_weight_sweep,teacher_assisted_then_off,9,1515166308,ES+teacher training,poisson_excitatory,10.0,300.0,120,0.6117994068190455,0.03125,84.14125000000004,6.798701405738277,23,0.023958333333333335,0.825,False,False,False,,1350399490
DES,teaching_weight_sweep,teacher_assisted_then_off,9,1515166308,ES+teacher training,poisson_excitatory,10.0,600.0,120,0.6088934489525855,0.06041666666666667,88.02874999999997,7.021207034156973,22,0.022916666666666665,0.825,False,False,False,,1350399490
DES,teaching_weight_sweep,teacher_assisted_then_off,9,1515166308,ES+teacher training,poisson_excitatory,10.0,900.0,120,0.6077300370670855,0.07916666666666666,90.77874999999997,7.178451447275638,41,0.042708333333333334,0.7083333333333333,False,False,False,,1350399490
DES,teaching_weight_sweep,teacher_assisted_then_off,9,1515166308,ES+teacher training,poisson_excitatory,10.0,1200.0,120,0.6100060390308499,0.07291666666666667,91.53437499999998,7.2330492236163195,43,0.04479166666666667,0.7,False,False,False,,1350399490
AES,teaching_ablation,es_stdp_teacher_off,0,158061286,ES+STDP no teacher,poisson_excitatory,10.0,1200.0,128,0.6453068989794701,0.03515625,88.22750000000006,6.915931904926718,14,0.013671875,0.890625,False,True,False,0.06666666666666665,1471431996
AES,teaching_ablation,es_static_teacher_off,0,158061286,ES static,poisson_excitatory,10.0,1200.0,128,0.6465061381459236,0.0068359375,82.49000000000002,6.598276728328147,6,0.005859375,0.953125,False,False,False,,1471431996
AES,teaching_ablation,default_stdp_teacher_off,0,158061286,default+STDP no teacher,poisson_excitatory,10.0,1200.0,128,0.6477049470413476,0.1064453125,96.591875,7.648148490408232,66,0.064453125,0.59375,False,False,False,,1471431996
AES,teaching_ablation,teacher_assisted_then_off,0,158061286,ES+teacher training,poisson_excitatory,10.0,1200.0,128,0.6496870750561357,0.0859375,99.15312499999996,7.556974445268198,47,0.0458984375,0.640625,False,False,False,,1471431996
AES,teaching_ablation,teacher_only,0,158061286,Teaching-only shortcut,poisson_excitatory,10.0,1200.0,128,1.2459587240591645,0.0,65.0968750000001,6.256346234633369,0,0.0,1.0,True,True,True,1.0,1471431996
AES,teaching_ablation,full_network,0,158061286,ES+teacher full network,poisson_excitatory,10.0,1200.0,128,1.263797746039927,0.0,154.11062499999997,11.89022905445626,0,0.0,1.0,True,True,True,1.0,1471431996
AES,teaching_ablation,es_stdp_teacher_off,1,2121065048,ES+STDP no teacher,poisson_excitatory,10.0,1200.0,128,0.6533461499493569,0.03515625,88.76500000000009,6.944869847251374,17,0.0166015625,0.875,False,False,False,,1916785991
AES,teaching_ablation,es_static_teacher_off,1,2121065048,ES static,poisson_excitatory,10.0,1200.0,128,0.6629884091671556,0.00390625,82.43375000000003,6.58937297942072,2,0.001953125,0.984375,False,True,False,0.8285714285714285,1916785991
AES,teaching_ablation,default_stdp_teacher_off,1,2121065048,default+STDP no teacher,poisson_excitatory,10.0,1200.0,128,0.6597164638806134,0.0986328125,96.704375,7.648053482768354,66,0.064453125,0.59375,False,False,False,,1916785991
AES,teaching_ablation,teacher_assisted_then_off,1,2121065048,ES+teacher training,poisson_excitatory,10.0,1200.0,128,0.6502651760820299,0.078125,99.32187500000002,7.559163575027952,40,0.0390625,0.703125,False,False,False,,1916785991
AES,teaching_ablation,teacher_only,1,2121065048,Teaching-only shortcut,poisson_excitatory,10.0,1200.0,128,1.2590204749722034,0.0,65.0968750000001,6.256346234633369,0,0.0,1.0,True,True,True,1.0,1916785991
AES,teaching_ablation,full_network,1,2121065048,ES+teacher full network,poisson_excitatory,10.0,1200.0,128,1.2537264099810272,0.0,154.299375,11.9043883844007,0,0.0,1.0,True,True,True,1.0,1916785991
AES,teaching_ablation,es_stdp_teacher_off,2,1734718401,ES+STDP no teacher,poisson_excitatory,10.0,1200.0,128,0.6460171309299767,0.037109375,88.30375000000002,6.909607352938454,19,0.0185546875,0.8515625,False,False,False,,1204970362
AES,teaching_ablation,es_static_teacher_off,2,1734718401,ES static,poisson_excitatory,10.0,1200.0,128,0.653470995137468,0.001953125,82.32812500000006,6.581478438636422,1,0.0009765625,0.9921875,False,True,False,0.8380952380952381,1204970362
AES,teaching_ablation,default_stdp_teacher_off,2,1734718401,default+STDP no teacher,poisson_excitatory,10.0,1200.0,128,0.6551671421620995,0.1044921875,96.73562500000001,7.655008904853059,66,0.064453125,0.6015625,False,False,False,,1204970362
AES,teaching_ablation,teacher_assisted_then_off,2,1734718401,ES+teacher training,poisson_excitatory,10.0,1200.0,128,0.6542902779765427,0.078125,99.13937499999994,7.554894590085834,44,0.04296875,0.671875,False,False,False,,1204970362
AES,teaching_ablation,teacher_only,2,1734718401,Teaching-only shortcut,poisson_excitatory,10.0,1200.0,128,1.2591815961059183,0.0,65.0968750000001,6.256346234633369,0,0.0,1.0,True,True,True,1.0,1204970362
AES,teaching_ablation,full_network,2,1734718401,ES+teacher full network,poisson_excitatory,10.0,1200.0,128,1.2544441430363804,0.0,154.11812499999996,11.8834366625596,0,0.0,1.0,True,True,True,1.0,1204970362
AES,teaching_ablation,es_stdp_teacher_off,3,274891563,ES+STDP no teacher,poisson_excitatory,10.0,1200.0,128,0.6603979109786451,0.0390625,88.58062500000003,6.9364779104368495,20,0.01953125,0.84375,False,False,False,,1650062187
AES,teaching_ablation,es_static_teacher_off,3,274891563,ES static,poisson_excitatory,10.0,1200.0,128,0.6596363259013742,0.0107421875,82.84062500000002,6.620664223238101,7,0.0068359375,0.9453125,False,False,False,,1650062187
AES,teaching_ablation,default_stdp_teacher_off,3,274891563,default+STDP no teacher,poisson_excitatory,10.0,1200.0,128,0.6466169978957623,0.1015625,96.31875,7.63959709132076,65,0.0634765625,0.5859375,False,False,False,,1650062187
AES,teaching_ablation,teacher_assisted_then_off,3,274891563,ES+teacher training,poisson_excitatory,10.0,1200.0,128,0.6471359729766846,0.08203125,99.39624999999997,7.570578698415547,42,0.041015625,0.6953125,False,False,False,,1650062187
AES,teaching_ablation,teacher_only,3,274891563,Teaching-only shortcut,poisson_excitatory,10.0,1200.0,128,1.2460366361774504,0.0,65.0968750000001,6.256346234633369,0,0.0,1.0,True,True,True,1.0,1650062187
AES,teaching_ablation,full_network,3,274891563,ES+teacher full network,poisson_excitatory,10.0,1200.0,128,1.2512325050774962,0.0,154.87,11.93001694395873,0,0.0,1.0,True,True,True,1.0,1650062187
AES,teaching_ablation,es_stdp_teacher_off,4,235280077,ES+STDP no teacher,poisson_excitatory,10.0,1200.0,128,0.6487184970173985,0.037109375,88.50000000000004,6.928223089994621,20,0.01953125,0.84375,False,False,False,,738791444
AES,teaching_ablation,es_static_teacher_off,4,235280077,ES static,poisson_excitatory,10.0,1200.0,128,0.6522758228238672,0.0048828125,82.76500000000006,6.607787478400242,2,0.001953125,0.984375,False,True,False,0.8380952380952381,738791444
AES,teaching_ablation,default_stdp_teacher_off,4,235280077,default+STDP no teacher,poisson_excitatory,10.0,1200.0,128,0.6497373699676245,0.111328125,96.80562499999999,7.665214173513101,65,0.0634765625,0.6015625,False,False,False,,738791444
AES,teaching_ablation,teacher_assisted_then_off,4,235280077,ES+teacher training,poisson_excitatory,10.0,1200.0,128,0.6498455139808357,0.0810546875,99.33312499999997,7.564466243164663,44,0.04296875,0.6640625,False,False,False,,738791444
AES,teaching_ablation,teacher_only,4,235280077,Teaching-only shortcut,poisson_excitatory,10.0,1200.0,128,1.251077241031453,0.0,65.0968750000001,6.256346234633369,0,0.0,1.0,True,True,True,1.0,738791444
AES,teaching_ablation,full_network,4,235280077,ES+teacher full network,poisson_excitatory,10.0,1200.0,128,1.2469679838977754,0.0,154.4075,11.89555076672126,0,0.0,1.0,True,True,True,1.0,738791444
AES,teaching_ablation,es_stdp_teacher_off,5,2030118495,ES+STDP no teacher,poisson_excitatory,10.0,1200.0,128,0.6539833010174334,0.0361328125,88.48750000000007,6.928671075053204,17,0.0166015625,0.8671875,False,False,False,,159555601
AES,teaching_ablation,es_static_teacher_off,5,2030118495,ES static,poisson_excitatory,10.0,1200.0,128,0.6492387948092073,0.0048828125,82.76062500000002,6.61332586193104,2,0.001953125,0.984375,False,True,False,0.6761904761904762,159555601
AES,teaching_ablation,default_stdp_teacher_off,5,2030118495,default+STDP no teacher,poisson_excitatory,10.0,1200.0,128,0.6489798449911177,0.107421875,96.585625,7.652393890874508,64,0.0625,0.609375,False,False,False,,159555601
AES,teaching_ablation,teacher_assisted_then_off,5,2030118495,ES+teacher training,poisson_excitatory,10.0,1200.0,128,0.6462942520156503,0.0849609375,99.30875000000006,7.562126340718979,46,0.044921875,0.65625,False,False,False,,159555601
AES,teaching_ablation,teacher_only,5,2030118495,Teaching-only shortcut,poisson_excitatory,10.0,1200.0,128,1.2491491681430489,0.0,65.0968750000001,6.256346234633369,0,0.0,1.0,True,True,True,1.0,159555601
AES,teaching_ablation,full_network,5,2030118495,ES+teacher full network,poisson_excitatory,10.0,1200.0,128,1.245689325965941,0.0,154.643125,11.918162318925285,0,0.0,1.0,True,True,True,1.0,159555601
AES,teaching_ablation,es_stdp_teacher_off,6,1611167672,ES+STDP no teacher,poisson_excitatory,10.0,1200.0,128,0.6580112201627344,0.0380859375,88.58937500000005,6.937674501667445,16,0.015625,0.875,False,False,False,,1013918174
AES,teaching_ablation,es_static_teacher_off,6,1611167672,ES static,poisson_excitatory,10.0,1200.0,128,0.6506020990200341,0.0078125,82.54937500000005,6.604979010586194,3,0.0029296875,0.9765625,False,True,False,0.6666666666666667,1013918174
AES,teaching_ablation,default_stdp_teacher_off,6,1611167672,default+STDP no teacher,poisson_excitatory,10.0,1200.0,128,0.6496129930019379,0.10546875,96.79937499999998,7.653379831418583,65,0.0634765625,0.6171875,False,False,False,,1013918174
AES,teaching_ablation,teacher_assisted_then_off,6,1611167672,ES+teacher training,poisson_excitatory,10.0,1200.0,128,0.6479851030744612,0.078125,99.29499999999999,7.57436416400847,41,0.0400390625,0.6953125,False,False,False,,1013918174
AES,teaching_ablation,teacher_only,6,1611167672,Teaching-only shortcut,poisson_excitatory,10.0,1200.0,128,1.2516501320060343,0.0,65.0968750000001,6.256346234633369,0,0.0,1.0,True,True,True,1.0,1013918174
AES,teaching_ablation,full_network,6,1611167672,ES+teacher full network,poisson_excitatory,10.0,1200.0,128,1.2452957769855857,0.0,154.65187499999996,11.917883895035814,0,0.0,1.0,True,True,True,1.0,1013918174
AES,teaching_ablation,es_stdp_teacher_off,7,386877250,ES+STDP no teacher,poisson_excitatory,10.0,1200.0,128,0.6445869670715183,0.0361328125,88.68187500000008,6.940072379049633,18,0.017578125,0.859375,False,False,False,,434420197
AES,teaching_ablation,es_static_teacher_off,7,386877250,ES static,poisson_excitatory,10.0,1200.0,128,0.6537344269454479,0.00390625,82.86250000000004,6.620002009960192,1,0.0009765625,0.9921875,False,True,False,0.8380952380952381,434420197
AES,teaching_ablation,default_stdp_teacher_off,7,386877250,default+STDP no teacher,poisson_excitatory,10.0,1200.0,128,0.6450557191856205,0.1005859375,96.394375,7.643699418480322,66,0.064453125,0.6015625,False,False,False,,434420197
AES,teaching_ablation,teacher_assisted_then_off,7,386877250,ES+teacher training,poisson_excitatory,10.0,1200.0,128,0.656081432942301,0.083984375,99.76999999999995,7.596079048373005,41,0.0400390625,0.6953125,False,False,False,,434420197
AES,teaching_ablation,teacher_only,7,386877250,Teaching-only shortcut,poisson_excitatory,10.0,1200.0,128,1.2452196858357638,0.0,65.0968750000001,6.256346234633369,0,0.0,1.0,True,True,True,1.0,434420197
AES,teaching_ablation,full_network,7,386877250,ES+teacher full network,poisson_excitatory,10.0,1200.0,128,1.242856060154736,0.0,155.01687499999997,11.933738937792551,0,0.0,1.0,True,True,True,1.0,434420197
AES,teaching_ablation,es_stdp_teacher_off,8,128998068,ES+STDP no teacher,poisson_excitatory,10.0,1200.0,128,0.6488851439207792,0.033203125,87.84625000000001,6.8921652127596715,14,0.013671875,0.890625,False,False,False,,2076169935
AES,teaching_ablation,es_static_teacher_off,8,128998068,ES static,poisson_excitatory,10.0,1200.0,128,0.6509416920598596,0.0029296875,82.22625000000002,6.5845287748743475,1,0.0009765625,0.9921875,False,True,False,0.8380952380952381,2076169935
AES,teaching_ablation,default_stdp_teacher_off,8,128998068,default+STDP no teacher,poisson_excitatory,10.0,1200.0,128,0.6542245829477906,0.1044921875,96.50375,7.649364035840221,67,0.0654296875,0.578125,False,False,False,,2076169935
AES,teaching_ablation,teacher_assisted_then_off,8,128998068,ES+teacher training,poisson_excitatory,10.0,1200.0,128,0.6516939990688115,0.0791015625,99.08124999999998,7.556022512386384,40,0.0390625,0.703125,False,False,False,,2076169935
AES,teaching_ablation,teacher_only,8,128998068,Teaching-only shortcut,poisson_excitatory,10.0,1200.0,128,1.2486167058814317,0.0,65.0968750000001,6.256346234633369,0,0.0,1.0,True,True,True,1.0,2076169935
AES,teaching_ablation,full_network,8,128998068,ES+teacher full network,poisson_excitatory,10.0,1200.0,128,1.2508643351029605,0.0,154.046875,11.877864128549708,0,0.0,1.0,True,True,True,1.0,2076169935
AES,teaching_ablation,es_stdp_teacher_off,9,1891068490,ES+STDP no teacher,poisson_excitatory,10.0,1200.0,128,0.6513722690287977,0.0390625,88.91062500000001,6.954078029799314,22,0.021484375,0.8359375,False,False,False,,1580484310
AES,teaching_ablation,es_static_teacher_off,9,1891068490,ES static,poisson_excitatory,10.0,1200.0,128,0.6561529550235718,0.0078125,82.92687500000005,6.6171901585642665,6,0.005859375,0.953125,False,False,False,,1580484310
AES,teaching_ablation,default_stdp_teacher_off,9,1891068490,default+STDP no teacher,poisson_excitatory,10.0,1200.0,128,0.6500420910306275,0.1015625,96.59937499999997,7.653632466454413,71,0.0693359375,0.5703125,False,False,False,,1580484310
AES,teaching_ablation,teacher_assisted_then_off,9,1891068490,ES+teacher training,poisson_excitatory,10.0,1200.0,128,0.6514175569172949,0.0791015625,99.52499999999999,7.570569532003478,43,0.0419921875,0.671875,False,False,False,,1580484310
AES,teaching_ablation,teacher_only,9,1891068490,Teaching-only shortcut,poisson_excitatory,10.0,1200.0,128,1.2536504671443254,0.0,65.0968750000001,6.256346234633369,0,0.0,1.0,True,True,True,1.0,1580484310
AES,teaching_ablation,full_network,9,1891068490,ES+teacher full network,poisson_excitatory,10.0,1200.0,128,1.2623826139606535,0.0,155.22749999999996,11.958427374330736,0,0.0,1.0,True,True,True,1.0,1580484310
AES,teaching_weight_sweep,teacher_assisted_then_off,0,1802743321,ES+teacher training,poisson_excitatory,10.0,0.0,128,0.654043307993561,0.0361328125,88.68750000000006,6.93958076552955,17,0.0166015625,0.8671875,False,False,False,,1838468549
AES,teaching_weight_sweep,teacher_assisted_then_off,0,1802743321,ES+teacher training,poisson_excitatory,10.0,300.0,128,0.6576607490424067,0.0234375,90.30625000000006,7.060593170109898,13,0.0126953125,0.8984375,False,False,False,,1838468549
AES,teaching_weight_sweep,teacher_assisted_then_off,0,1802743321,ES+teacher training,poisson_excitatory,10.0,600.0,128,0.6496168249286711,0.107421875,97.10125000000005,7.4086939300326975,55,0.0537109375,0.625,False,False,False,,1838468549
AES,teaching_weight_sweep,teacher_assisted_then_off,0,1802743321,ES+teacher training,poisson_excitatory,10.0,900.0,128,0.6518541278783232,0.099609375,98.70374999999999,7.5154339234383585,53,0.0517578125,0.6171875,False,False,False,,1838468549
AES,teaching_weight_sweep,teacher_assisted_then_off,0,1802743321,ES+teacher training,poisson_excitatory,10.0,1200.0,128,0.6473905311431736,0.0751953125,99.01249999999999,7.548167160377041,42,0.041015625,0.6796875,False,False,False,,1838468549
AES,teaching_weight_sweep,teacher_assisted_then_off,1,477404579,ES+teacher training,poisson_excitatory,10.0,0.0,128,0.6477277330122888,0.0341796875,88.81499999999997,6.957888185044524,19,0.0185546875,0.8515625,False,False,False,,1210015168
AES,teaching_weight_sweep,teacher_assisted_then_off,1,477404579,ES+teacher training,poisson_excitatory,10.0,300.0,128,0.6503649509977549,0.0244140625,89.85875000000007,7.037835263609361,13,0.0126953125,0.8984375,False,False,False,,1210015168
AES,teaching_weight_sweep,teacher_assisted_then_off,1,477404579,ES+teacher training,poisson_excitatory,10.0,600.0,128,0.6601251449901611,0.1123046875,97.22062499999998,7.428724503796701,59,0.0576171875,0.609375,False,False,False,,1210015168
AES,teaching_weight_sweep,teacher_assisted_then_off,1,477404579,ES+teacher training,poisson_excitatory,10.0,900.0,128,0.6611453348305076,0.1064453125,99.46624999999997,7.567029016650287,57,0.0556640625,0.609375,False,False,False,,1210015168
AES,teaching_weight_sweep,teacher_assisted_then_off,1,477404579,ES+teacher training,poisson_excitatory,10.0,1200.0,128,0.652784660924226,0.0859375,99.55875,7.588113456008967,45,0.0439453125,0.6796875,False,False,False,,1210015168
AES,teaching_weight_sweep,teacher_assisted_then_off,2,92130540,ES+teacher training,poisson_excitatory,10.0,0.0,128,0.6607531770132482,0.0361328125,88.56750000000007,6.930002759137942,16,0.015625,0.890625,False,False,False,,2113072113
AES,teaching_weight_sweep,teacher_assisted_then_off,2,92130540,ES+teacher training,poisson_excitatory,10.0,300.0,128,0.6515791059937328,0.0234375,89.64250000000006,7.010929364844717,8,0.0078125,0.9375,False,False,False,,2113072113
AES,teaching_weight_sweep,teacher_assisted_then_off,2,92130540,ES+teacher training,poisson_excitatory,10.0,600.0,128,0.6541801542043686,0.1103515625,97.05000000000004,7.401500138253619,58,0.056640625,0.6015625,False,False,False,,2113072113
AES,teaching_weight_sweep,teacher_assisted_then_off,2,92130540,ES+teacher training,poisson_excitatory,10.0,900.0,128,0.6532729531172663,0.1015625,99.31187499999996,7.550042739960564,58,0.056640625,0.5859375,False,False,False,,2113072113
AES,teaching_weight_sweep,teacher_assisted_then_off,2,92130540,ES+teacher training,poisson_excitatory,10.0,1200.0,128,0.6573979840613902,0.080078125,99.30812499999996,7.560473712776181,44,0.04296875,0.6640625,False,False,False,,2113072113
AES,teaching_weight_sweep,teacher_assisted_then_off,3,1920662654,ES+teacher training,poisson_excitatory,10.0,0.0,128,0.6483936598524451,0.0361328125,88.75562500000005,6.951433601822794,17,0.0166015625,0.890625,False,False,False,,1484356594
AES,teaching_weight_sweep,teacher_assisted_then_off,3,1920662654,ES+teacher training,poisson_excitatory,10.0,300.0,128,0.6482013899367303,0.021484375,89.86375000000004,7.040059874883619,11,0.0107421875,0.9140625,False,False,False,,1484356594
AES,teaching_weight_sweep,teacher_assisted_then_off,3,1920662654,ES+teacher training,poisson_excitatory,10.0,600.0,128,0.6601994738448411,0.1171875,97.65562499999997,7.446477549638589,63,0.0615234375,0.578125,False,False,False,,1484356594
AES,teaching_weight_sweep,teacher_assisted_then_off,3,1920662654,ES+teacher training,poisson_excitatory,10.0,900.0,128,0.6486169879790395,0.1142578125,99.34687499999998,7.553833495176647,62,0.060546875,0.578125,False,False,False,,1484356594
AES,teaching_weight_sweep,teacher_assisted_then_off,3,1920662654,ES+teacher training,poisson_excitatory,10.0,1200.0,128,0.6564347059465945,0.0810546875,99.65249999999997,7.585767855242891,45,0.0439453125,0.671875,False,False,False,,1484356594
AES,teaching_weight_sweep,teacher_assisted_then_off,4,1813932578,ES+teacher training,poisson_excitatory,10.0,0.0,128,0.6473785790149122,0.037109375,88.77500000000003,6.939426127002977,18,0.017578125,0.859375,False,False,False,,371820427
AES,teaching_weight_sweep,teacher_assisted_then_off,4,1813932578,ES+teacher training,poisson_excitatory,10.0,300.0,128,0.6452953219413757,0.0185546875,89.84562500000004,7.0248309284732855,7,0.0068359375,0.9453125,False,True,False,0.5047619047619047,371820427
AES,teaching_weight_sweep,teacher_assisted_then_off,4,1813932578,ES+teacher training,poisson_excitatory,10.0,600.0,128,0.6502681740093976,0.109375,96.98875000000001,7.407994776261683,60,0.05859375,0.59375,False,False,False,,371820427
AES,teaching_weight_sweep,teacher_assisted_then_off,4,1813932578,ES+teacher training,poisson_excitatory,10.0,900.0,128,0.6576649041380733,0.1064453125,98.78187500000001,7.521516501849375,57,0.0556640625,0.578125,False,False,False,,371820427
AES,teaching_weight_sweep,teacher_assisted_then_off,4,1813932578,ES+teacher training,poisson_excitatory,10.0,1200.0,128,0.6516449011396617,0.0830078125,99.164375,7.556510573878814,45,0.0439453125,0.65625,False,False,False,,371820427
AES,teaching_weight_sweep,teacher_assisted_then_off,5,454646156,ES+teacher training,poisson_excitatory,10.0,0.0,128,0.6542093029711396,0.037109375,88.44000000000003,6.927437022252069,19,0.0185546875,0.859375,False,False,False,,866260888
AES,teaching_weight_sweep,teacher_assisted_then_off,5,454646156,ES+teacher training,poisson_excitatory,10.0,300.0,128,0.6609878609888256,0.02734375,90.12625000000003,7.047549824589167,14,0.013671875,0.8984375,False,False,False,,866260888
AES,teaching_weight_sweep,teacher_assisted_then_off,5,454646156,ES+teacher training,poisson_excitatory,10.0,600.0,128,0.6573898908682168,0.1103515625,97.18125,7.4141777720935265,55,0.0537109375,0.625,False,False,False,,866260888
AES,teaching_weight_sweep,teacher_assisted_then_off,5,454646156,ES+teacher training,poisson_excitatory,10.0,900.0,128,0.6490715709514916,0.107421875,99.05187500000002,7.5405448308266045,54,0.052734375,0.609375,False,False,False,,866260888
AES,teaching_weight_sweep,teacher_assisted_then_off,5,454646156,ES+teacher training,poisson_excitatory,10.0,1200.0,128,0.6457229319494218,0.08203125,99.055,7.552535949471196,43,0.0419921875,0.671875,False,False,False,,866260888
AES,teaching_weight_sweep,teacher_assisted_then_off,6,34605317,ES+teacher training,poisson_excitatory,10.0,0.0,128,0.6585086770355701,0.037109375,88.58687500000003,6.9352506618712875,19,0.0185546875,0.8515625,False,False,False,,105881959
AES,teaching_weight_sweep,teacher_assisted_then_off,6,34605317,ES+teacher training,poisson_excitatory,10.0,300.0,128,0.65240607294254,0.0263671875,90.13125000000005,7.043733367469397,11,0.0107421875,0.921875,False,True,False,0.33333333333333337,105881959
AES,teaching_weight_sweep,teacher_assisted_then_off,6,34605317,ES+teacher training,poisson_excitatory,10.0,600.0,128,0.6633292988408357,0.103515625,96.85624999999999,7.3978789149441155,56,0.0546875,0.6015625,False,False,False,,105881959
AES,teaching_weight_sweep,teacher_assisted_then_off,6,34605317,ES+teacher training,poisson_excitatory,10.0,900.0,128,0.6511215979699045,0.1025390625,99.41624999999999,7.554637439680709,56,0.0546875,0.5859375,False,False,False,,105881959
AES,teaching_weight_sweep,teacher_assisted_then_off,6,34605317,ES+teacher training,poisson_excitatory,10.0,1200.0,128,0.6518786910455674,0.0751953125,99.24499999999995,7.561970482569459,41,0.0400390625,0.6796875,False,False,False,,105881959
AES,teaching_weight_sweep,teacher_assisted_then_off,7,1964456055,ES+teacher training,poisson_excitatory,10.0,0.0,128,0.6545014178846031,0.0361328125,88.43062500000008,6.924705730174266,19,0.0185546875,0.859375,False,False,False,,600060254
AES,teaching_weight_sweep,teacher_assisted_then_off,7,1964456055,ES+teacher training,poisson_excitatory,10.0,300.0,128,0.6578843819443136,0.0263671875,89.89875000000005,7.034105395059231,13,0.0126953125,0.90625,False,False,False,,600060254
AES,teaching_weight_sweep,teacher_assisted_then_off,7,1964456055,ES+teacher training,poisson_excitatory,10.0,600.0,128,0.6521312498953193,0.1083984375,96.84562500000001,7.39893237967373,59,0.0576171875,0.609375,False,False,False,,600060254
AES,teaching_weight_sweep,teacher_assisted_then_off,7,1964456055,ES+teacher training,poisson_excitatory,10.0,900.0,128,0.6410147740971297,0.109375,99.370625,7.557854587234475,55,0.0537109375,0.6015625,False,False,False,,600060254
AES,teaching_weight_sweep,teacher_assisted_then_off,7,1964456055,ES+teacher training,poisson_excitatory,10.0,1200.0,128,0.6581091720145196,0.083984375,99.44937499999999,7.5743574128271,41,0.0400390625,0.703125,False,False,False,,600060254
AES,teaching_weight_sweep,teacher_assisted_then_off,8,1705518599,ES+teacher training,poisson_excitatory,10.0,0.0,128,0.6448796300683171,0.0361328125,88.72125000000004,6.942129539148728,19,0.0185546875,0.8515625,False,False,False,,1100963414
AES,teaching_weight_sweep,teacher_assisted_then_off,8,1705518599,ES+teacher training,poisson_excitatory,10.0,300.0,128,0.6477677070070058,0.0244140625,89.96187500000005,7.033312746397689,13,0.0126953125,0.9140625,False,False,False,,1100963414
AES,teaching_weight_sweep,teacher_assisted_then_off,8,1705518599,ES+teacher training,poisson_excitatory,10.0,600.0,128,0.658140572020784,0.1103515625,97.19125000000005,7.4166429850894735,57,0.0556640625,0.609375,False,False,False,,1100963414
AES,teaching_weight_sweep,teacher_assisted_then_off,8,1705518599,ES+teacher training,poisson_excitatory,10.0,900.0,128,0.6453081159852445,0.1064453125,99.15437499999999,7.543452837109134,53,0.0517578125,0.609375,False,False,False,,1100963414
AES,teaching_weight_sweep,teacher_assisted_then_off,8,1705518599,ES+teacher training,poisson_excitatory,10.0,1200.0,128,0.6616455670446157,0.0732421875,99.27437499999996,7.565848582942567,37,0.0361328125,0.71875,False,False,False,,1100963414
AES,teaching_weight_sweep,teacher_assisted_then_off,9,313464181,ES+teacher training,poisson_excitatory,10.0,0.0,128,0.6524775309953839,0.0322265625,88.28500000000003,6.914920216777031,19,0.0185546875,0.8515625,False,False,False,,1679085133
AES,teaching_weight_sweep,teacher_assisted_then_off,9,313464181,ES+teacher training,poisson_excitatory,10.0,300.0,128,0.649873164948076,0.0224609375,89.52000000000002,7.013942531022559,11,0.0107421875,0.9140625,False,False,False,,1679085133
AES,teaching_weight_sweep,teacher_assisted_then_off,9,313464181,ES+teacher training,poisson_excitatory,10.0,600.0,128,0.65501470095478,0.115234375,97.58937499999996,7.438596082553463,63,0.0615234375,0.5625,False,False,False,,1679085133
AES,teaching_weight_sweep,teacher_assisted_then_off,9,313464181,ES+teacher training,poisson_excitatory,10.0,900.0,128,0.6662531960755587,0.1083984375,99.34375000000001,7.550471083910067,55,0.0537109375,0.59375,False,False,False,,1679085133
AES,teaching_weight_sweep,teacher_assisted_then_off,9,313464181,ES+teacher training,poisson_excitatory,10.0,1200.0,128,0.6463136209640652,0.0751953125,99.38562499999998,7.56768176161203,42,0.041015625,0.6796875,False,False,False,,1679085133
ChaCha20,teaching_ablation,es_stdp_teacher_off,0,1924565851,ES+STDP no teacher,poisson_excitatory,10.0,1200.0,117,0.6008871281519532,0.045940170940170943,81.18562500000002,6.642035978083012,23,0.024572649572649572,0.8205128205128205,False,True,False,0.0,138003099
ChaCha20,teaching_ablation,es_static_teacher_off,0,1924565851,ES static,poisson_excitatory,10.0,1200.0,117,0.608106856001541,0.00641025641025641,75.46375000000002,6.314385023149985,4,0.004273504273504274,0.9658119658119658,False,True,False,0.0,138003099
ChaCha20,teaching_ablation,default_stdp_teacher_off,0,1924565851,default+STDP no teacher,poisson_excitatory,10.0,1200.0,117,0.5884460248053074,0.11752136752136752,89.40874999999997,7.358259516400656,83,0.08867521367521368,0.5128205128205128,False,True,False,0.0,138003099
ChaCha20,teaching_ablation,teacher_assisted_then_off,0,1924565851,ES+teacher training,poisson_excitatory,10.0,1200.0,117,0.5968945499043912,0.07585470085470085,89.65624999999994,7.149856471224521,26,0.027777777777777776,0.7863247863247863,False,True,False,0.00952380952380949,138003099
ChaCha20,teaching_ablation,teacher_only,0,1924565851,Teaching-only shortcut,poisson_excitatory,10.0,1200.0,117,1.149334822082892,0.0,59.59000000000009,5.993762843648478,0,0.0,1.0,True,True,True,1.0,138003099
ChaCha20,teaching_ablation,full_network,0,1924565851,ES+teacher full network,poisson_excitatory,10.0,1200.0,117,1.1474178100470454,0.0,139.77750000000003,11.29531707759589,0,0.0,1.0,True,True,True,1.0,138003099
ChaCha20,teaching_ablation,es_stdp_teacher_off,1,95534033,ES+STDP no teacher,poisson_excitatory,10.0,1200.0,117,0.5918007590807974,0.03739316239316239,80.94999999999997,6.627519955462127,14,0.014957264957264958,0.8803418803418803,False,True,False,0.0,766661288
ChaCha20,teaching_ablation,es_static_teacher_off,1,95534033,ES static,poisson_excitatory,10.0,1200.0,117,0.6042411120142788,0.003205128205128205,75.32937500000003,6.306179182561785,2,0.002136752136752137,0.9829059829059829,False,True,False,0.9809523809523809,766661288
ChaCha20,teaching_ablation,default_stdp_teacher_off,1,95534033,default+STDP no teacher,poisson_excitatory,10.0,1200.0,117,0.6136583480983973,0.11217948717948718,89.62999999999997,7.36199872837007,80,0.08547008547008547,0.4871794871794872,False,True,False,0.0,766661288
ChaCha20,teaching_ablation,teacher_assisted_then_off,1,95534033,ES+teacher training,poisson_excitatory,10.0,1200.0,117,0.5985945970751345,0.07585470085470085,89.68937499999998,7.147515154110307,26,0.027777777777777776,0.7863247863247863,False,True,False,0.0,766661288
ChaCha20,teaching_ablation,teacher_only,1,95534033,Teaching-only shortcut,poisson_excitatory,10.0,1200.0,117,1.1528712699655443,0.0,59.59000000000009,5.993762843648478,0,0.0,1.0,True,True,True,1.0,766661288
ChaCha20,teaching_ablation,full_network,1,95534033,ES+teacher full network,poisson_excitatory,10.0,1200.0,117,1.1415901631116867,0.0,139.55437500000005,11.268696085665864,0,0.0,1.0,True,True,True,1.0,766661288
ChaCha20,teaching_ablation,es_stdp_teacher_off,2,481880646,ES+STDP no teacher,poisson_excitatory,10.0,1200.0,117,0.5894411189947277,0.04700854700854701,81.53875,6.663492013863605,23,0.024572649572649572,0.811965811965812,False,True,False,0.0,408937559
ChaCha20,teaching_ablation,es_static_teacher_off,2,481880646,ES static,poisson_excitatory,10.0,1200.0,117,0.5917930400464684,0.007478632478632479,76.09062500000005,6.346410094643673,2,0.002136752136752137,0.9829059829059829,False,True,False,0.00952380952380949,408937559
ChaCha20,teaching_ablation,default_stdp_teacher_off,2,481880646,default+STDP no teacher,poisson_excitatory,10.0,1200.0,117,0.5909821761306375,0.11858974358974358,89.24624999999995,7.345675129765689,76,0.0811965811965812,0.5299145299145299,False,True,False,0.0,408937559
ChaCha20,teaching_ablation,teacher_assisted_then_off,2,481880646,ES+teacher training,poisson_excitatory,10.0,1200.0,117,0.5934386160224676,0.08440170940170941,90.26124999999996,7.187357976806785,25,0.026709401709401708,0.7948717948717949,False,True,False,0.0,408937559
ChaCha20,teaching_ablation,teacher_only,2,481880646,Teaching-only shortcut,poisson_excitatory,10.0,1200.0,117,1.1591573909390718,0.0,59.59000000000009,5.993762843648478,0,0.0,1.0,True,True,True,1.0,408937559
ChaCha20,teaching_ablation,full_network,2,481880646,ES+teacher full network,poisson_excitatory,10.0,1200.0,117,1.1399706518277526,0.0,139.71937500000004,11.289018327178578,0,0.0,1.0,True,True,True,1.0,408937559
ChaCha20,teaching_ablation,es_stdp_teacher_off,3,1807735476,ES+STDP no teacher,poisson_excitatory,10.0,1200.0,117,0.5867119079921395,0.042735042735042736,81.00875000000002,6.6326225997287,18,0.019230769230769232,0.8461538461538461,False,True,False,0.0,1037333582
ChaCha20,teaching_ablation,es_static_teacher_off,3,1807735476,ES static,poisson_excitatory,10.0,1200.0,117,0.5911400208715349,0.00641025641025641,75.49937500000001,6.315636568316092,3,0.003205128205128205,0.9743589743589743,False,True,False,0.9714285714285714,1037333582
ChaCha20,teaching_ablation,default_stdp_teacher_off,3,1807735476,default+STDP no teacher,poisson_excitatory,10.0,1200.0,117,0.5917837598826736,0.10897435897435898,89.286875,7.348981200386431,83,0.08867521367521368,0.5042735042735043,False,True,False,0.0,1037333582
ChaCha20,teaching_ablation,teacher_assisted_then_off,3,1807735476,ES+teacher training,poisson_excitatory,10.0,1200.0,117,0.590971781173721,0.0811965811965812,89.9075,7.160190542111026,27,0.028846153846153848,0.7777777777777778,False,True,False,0.00952380952380949,1037333582
ChaCha20,teaching_ablation,teacher_only,3,1807735476,Teaching-only shortcut,poisson_excitatory,10.0,1200.0,117,1.1477280410472304,0.0,59.59000000000009,5.993762843648478,0,0.0,1.0,True,True,True,1.0,1037333582
ChaCha20,teaching_ablation,full_network,3,1807735476,ES+teacher full network,poisson_excitatory,10.0,1200.0,117,1.1711391848511994,0.0,139.85000000000002,11.295477755132314,0,0.0,1.0,True,True,True,1.0,1037333582
ChaCha20,teaching_ablation,es_stdp_teacher_off,4,1977306964,ES+STDP no teacher,poisson_excitatory,10.0,1200.0,117,0.5957270138897002,0.035256410256410256,80.86187500000001,6.620670870835828,15,0.016025641025641024,0.8803418803418803,False,True,False,0.01904761904761909,1938065589
ChaCha20,teaching_ablation,es_static_teacher_off,4,1977306964,ES static,poisson_excitatory,10.0,1200.0,117,0.5908202969003469,0.0010683760683760685,75.41000000000005,6.30172006249971,0,0.0,1.0,True,True,True,1.0,1938065589
ChaCha20,teaching_ablation,default_stdp_teacher_off,4,1977306964,default+STDP no teacher,poisson_excitatory,10.0,1200.0,117,0.5920797800645232,0.10790598290598291,89.30125,7.345969444128544,79,0.08440170940170941,0.5128205128205128,False,True,False,0.0,1938065589
ChaCha20,teaching_ablation,teacher_assisted_then_off,4,1977306964,ES+teacher training,poisson_excitatory,10.0,1200.0,117,0.5943785649724305,0.07905982905982906,89.77499999999998,7.14642478855276,26,0.027777777777777776,0.7863247863247863,False,True,False,0.0,1938065589
ChaCha20,teaching_ablation,teacher_only,4,1977306964,Teaching-only shortcut,poisson_excitatory,10.0,1200.0,117,1.1394992140121758,0.0,59.59000000000009,5.993762843648478,0,0.0,1.0,True,True,True,1.0,1938065589
ChaCha20,teaching_ablation,full_network,4,1977306964,ES+teacher full network,poisson_excitatory,10.0,1200.0,117,1.1522328639402986,0.0,139.51437500000003,11.281120866536778,0,0.0,1.0,True,True,True,1.0,1938065589
ChaCha20,teaching_ablation,es_stdp_teacher_off,5,48005098,ES+STDP no teacher,poisson_excitatory,10.0,1200.0,117,0.5880877340678126,0.04807692307692308,81.20687500000003,6.640467670068029,23,0.024572649572649572,0.8205128205128205,False,True,False,0.0,1443829936
ChaCha20,teaching_ablation,es_static_teacher_off,5,48005098,ES static,poisson_excitatory,10.0,1200.0,117,0.5929988569114357,0.009615384615384616,75.89062500000001,6.330918561034645,5,0.005341880341880342,0.9572649572649573,False,True,False,0.0,1443829936
ChaCha20,teaching_ablation,default_stdp_teacher_off,5,48005098,default+STDP no teacher,poisson_excitatory,10.0,1200.0,117,0.5902721849270165,0.10576923076923077,89.4275,7.354743674581396,80,0.08547008547008547,0.5299145299145299,False,True,False,0.0,1443829936
ChaCha20,teaching_ablation,teacher_assisted_then_off,5,48005098,ES+teacher training,poisson_excitatory,10.0,1200.0,117,0.5920372630935162,0.08012820512820513,89.87124999999995,7.156677190261179,31,0.03311965811965812,0.7521367521367521,False,True,False,0.0,1443829936
ChaCha20,teaching_ablation,teacher_only,5,48005098,Teaching-only shortcut,poisson_excitatory,10.0,1200.0,117,1.1315885328222066,0.0,59.59000000000009,5.993762843648478,0,0.0,1.0,True,True,True,1.0,1443829936
ChaCha20,teaching_ablation,full_network,5,48005098,ES+teacher full network,poisson_excitatory,10.0,1200.0,117,1.139431465882808,0.0,140.04125000000005,11.309483365764887,0,0.0,1.0,True,True,True,1.0,1443829936
ChaCha20,teaching_ablation,es_stdp_teacher_off,6,466955823,ES+STDP no teacher,poisson_excitatory,10.0,1200.0,117,0.5849435760173947,0.038461538461538464,81.28562500000002,6.649904752295235,17,0.018162393162393164,0.8547008547008547,False,True,False,0.0,1675800321
ChaCha20,teaching_ablation,es_static_teacher_off,6,466955823,ES static,poisson_excitatory,10.0,1200.0,117,0.6014155310112983,0.009615384615384616,75.99812500000003,6.351788798177534,4,0.004273504273504274,0.9658119658119658,False,True,False,0.00952380952380949,1675800321
ChaCha20,teaching_ablation,default_stdp_teacher_off,6,466955823,default+STDP no teacher,poisson_excitatory,10.0,1200.0,117,0.6039816308766603,0.11965811965811966,89.33187499999997,7.356062228552268,81,0.08653846153846154,0.4786324786324786,False,True,False,0.0,1675800321
ChaCha20,teaching_ablation,teacher_assisted_then_off,6,466955823,ES+teacher training,poisson_excitatory,10.0,1200.0,117,0.5952543881721795,0.0811965811965812,89.950625,7.16788793171208,28,0.029914529914529916,0.7863247863247863,False,True,False,0.00952380952380949,1675800321
ChaCha20,teaching_ablation,teacher_only,6,466955823,Teaching-only shortcut,poisson_excitatory,10.0,1200.0,117,1.1461694058962166,0.0,59.59000000000009,5.993762843648478,0,0.0,1.0,True,True,True,1.0,1675800321
ChaCha20,teaching_ablation,full_network,6,466955823,ES+teacher full network,poisson_excitatory,10.0,1200.0,117,1.1446269990410656,0.0,139.8,11.290828212516633,0,0.0,1.0,True,True,True,1.0,1675800321
ChaCha20,teaching_ablation,es_stdp_teacher_off,7,1825709757,ES+STDP no teacher,poisson_excitatory,10.0,1200.0,117,0.5919126039370894,0.03739316239316239,81.74937499999999,6.677806098196582,16,0.017094017094017096,0.8717948717948718,False,True,False,0.0,1181302530
ChaCha20,teaching_ablation,es_static_teacher_off,7,1825709757,ES static,poisson_excitatory,10.0,1200.0,117,0.593807146884501,0.003205128205128205,76.41375000000002,6.358724135916637,1,0.0010683760683760685,0.9914529914529915,False,True,False,0.00952380952380949,1181302530
ChaCha20,teaching_ablation,default_stdp_teacher_off,7,1825709757,default+STDP no teacher,poisson_excitatory,10.0,1200.0,117,0.5933503920678049,0.11431623931623931,89.41562499999996,7.356619174697973,85,0.09081196581196581,0.4786324786324786,False,True,False,0.0,1181302530
ChaCha20,teaching_ablation,teacher_assisted_then_off,7,1825709757,ES+teacher training,poisson_excitatory,10.0,1200.0,117,0.601710946066305,0.08333333333333333,90.36375000000001,7.18768284102925,30,0.03205128205128205,0.7606837606837606,False,True,False,0.0,1181302530
ChaCha20,teaching_ablation,teacher_only,7,1825709757,Teaching-only shortcut,poisson_excitatory,10.0,1200.0,117,1.1378536159172654,0.0,59.59000000000009,5.993762843648478,0,0.0,1.0,True,True,True,1.0,1181302530
ChaCha20,teaching_ablation,full_network,7,1825709757,ES+teacher full network,poisson_excitatory,10.0,1200.0,117,1.1398713430389762,0.0,140.268125,11.328987687436957,0,0.0,1.0,True,True,True,1.0,1181302530
ChaCha20,teaching_ablation,es_stdp_teacher_off,8,2087519021,ES+STDP no teacher,poisson_excitatory,10.0,1200.0,117,0.5909151479136199,0.045940170940170943,81.11000000000004,6.637827611321083,19,0.0202991452991453,0.8376068376068376,False,True,False,0.00952380952380949,607277554
ChaCha20,teaching_ablation,es_static_teacher_off,8,2087519021,ES static,poisson_excitatory,10.0,1200.0,117,0.5979177530389279,0.005341880341880342,75.29937500000003,6.312201675995778,0,0.0,1.0,True,True,True,1.0,607277554
ChaCha20,teaching_ablation,default_stdp_teacher_off,8,2087519021,default+STDP no teacher,poisson_excitatory,10.0,1200.0,117,0.6069714101031423,0.10790598290598291,89.28124999999997,7.348787843084063,81,0.08653846153846154,0.49572649572649574,False,True,False,0.0,607277554
ChaCha20,teaching_ablation,teacher_assisted_then_off,8,2087519021,ES+teacher training,poisson_excitatory,10.0,1200.0,117,0.5905367371160537,0.08226495726495726,89.66437499999998,7.14582251524256,27,0.028846153846153848,0.7863247863247863,False,True,False,0.0,607277554
ChaCha20,teaching_ablation,teacher_only,8,2087519021,Teaching-only shortcut,poisson_excitatory,10.0,1200.0,117,1.1478217719122767,0.0,59.59000000000009,5.993762843648478,0,0.0,1.0,True,True,True,1.0,607277554
ChaCha20,teaching_ablation,full_network,8,2087519021,ES+teacher full network,poisson_excitatory,10.0,1200.0,117,1.147260203026235,0.0,139.31250000000003,11.246004013806585,0,0.0,1.0,True,True,True,1.0,607277554
ChaCha20,teaching_ablation,es_stdp_teacher_off,9,191509439,ES+STDP no teacher,poisson_excitatory,10.0,1200.0,117,0.5906690750271082,0.03632478632478633,80.87312499999999,6.628197679461997,13,0.013888888888888888,0.8974358974358975,False,True,False,0.8857142857142857,28951027
ChaCha20,teaching_ablation,es_static_teacher_off,9,191509439,ES static,poisson_excitatory,10.0,1200.0,117,0.5990021149627864,0.003205128205128205,75.38624999999999,6.31744388096217,1,0.0010683760683760685,0.9914529914529915,False,True,False,0.9904761904761905,28951027
ChaCha20,teaching_ablation,default_stdp_teacher_off,9,191509439,default+STDP no teacher,poisson_excitatory,10.0,1200.0,117,0.6046710601076484,0.11431623931623931,89.28562499999997,7.355354856293308,81,0.08653846153846154,0.49572649572649574,False,True,False,0.0,28951027
ChaCha20,teaching_ablation,teacher_assisted_then_off,9,191509439,ES+teacher training,poisson_excitatory,10.0,1200.0,117,0.6059018289670348,0.08012820512820513,89.95875000000001,7.166436334665759,28,0.029914529914529916,0.7692307692307692,False,True,False,0.0,28951027
ChaCha20,teaching_ablation,teacher_only,9,191509439,Teaching-only shortcut,poisson_excitatory,10.0,1200.0,117,1.1511727361939847,0.0,59.59000000000009,5.993762843648478,0,0.0,1.0,True,True,True,1.0,28951027
ChaCha20,teaching_ablation,full_network,9,191509439,ES+teacher full network,poisson_excitatory,10.0,1200.0,117,1.1537744621746242,0.0,139.375625,11.26138613588001,0,0.0,1.0,True,True,True,1.0,28951027
ChaCha20,teaching_weight_sweep,teacher_assisted_then_off,0,1961328854,ES+teacher training,poisson_excitatory,10.0,0.0,117,0.5955980960279703,0.0438034188034188,80.93062500000002,6.6294341060507405,21,0.022435897435897436,0.829059829059829,False,True,False,0.0,29759240
ChaCha20,teaching_weight_sweep,teacher_assisted_then_off,0,1961328854,ES+teacher training,poisson_excitatory,10.0,300.0,117,0.5980279489886016,0.007478632478632479,81.33312500000005,6.680674130195856,2,0.002136752136752137,0.9829059829059829,False,True,False,0.9809523809523809,29759240
ChaCha20,teaching_weight_sweep,teacher_assisted_then_off,0,1961328854,ES+teacher training,poisson_excitatory,10.0,600.0,117,0.6055521161761135,0.08012820512820513,86.37937499999995,6.948866768585972,46,0.049145299145299144,0.6239316239316239,False,True,False,0.0,29759240
ChaCha20,teaching_weight_sweep,teacher_assisted_then_off,0,1961328854,ES+teacher training,poisson_excitatory,10.0,900.0,117,0.5975112118758261,0.09829059829059829,89.43062499999996,7.128178603291703,39,0.041666666666666664,0.6923076923076923,False,True,False,0.0,29759240
ChaCha20,teaching_weight_sweep,teacher_assisted_then_off,0,1961328854,ES+teacher training,poisson_excitatory,10.0,1200.0,117,0.5935324488673359,0.07585470085470085,89.59562499999996,7.147730738599243,25,0.026709401709401708,0.7948717948717949,False,True,False,0.0,29759240
ChaCha20,teaching_weight_sweep,teacher_assisted_then_off,1,65056868,ES+teacher training,poisson_excitatory,10.0,0.0,117,0.5956359109841287,0.04487179487179487,80.85750000000003,6.6231445830219755,24,0.02564102564102564,0.8205128205128205,False,True,False,0.0,609060603
ChaCha20,teaching_weight_sweep,teacher_assisted_then_off,1,65056868,ES+teacher training,poisson_excitatory,10.0,300.0,117,0.6024605839047581,0.014957264957264958,81.76250000000002,6.703432708423508,6,0.00641025641025641,0.9487179487179487,False,True,False,0.0,609060603
ChaCha20,teaching_weight_sweep,teacher_assisted_then_off,1,65056868,ES+teacher training,poisson_excitatory,10.0,600.0,117,0.5954707390628755,0.07905982905982906,86.68062499999996,6.964408261789446,47,0.050213675213675216,0.6153846153846154,False,True,False,0.0,609060603
ChaCha20,teaching_weight_sweep,teacher_assisted_then_off,1,65056868,ES+teacher training,poisson_excitatory,10.0,900.0,117,0.5878602189477533,0.09722222222222222,89.69437499999995,7.139705966677201,41,0.0438034188034188,0.6752136752136753,False,True,False,0.0,609060603
ChaCha20,teaching_weight_sweep,teacher_assisted_then_off,1,65056868,ES+teacher training,poisson_excitatory,10.0,1200.0,117,0.5994727190118283,0.07905982905982906,89.85499999999996,7.15682135601446,29,0.030982905982905984,0.7692307692307692,False,True,False,0.0,609060603
ChaCha20,teaching_weight_sweep,teacher_assisted_then_off,2,451535275,ES+teacher training,poisson_excitatory,10.0,0.0,117,0.6028365672100335,0.038461538461538464,81.09250000000002,6.639692407236806,23,0.024572649572649572,0.829059829059829,False,True,False,0.00952380952380949,295710894
ChaCha20,teaching_weight_sweep,teacher_assisted_then_off,2,451535275,ES+teacher training,poisson_excitatory,10.0,300.0,117,0.6004392739851028,0.011752136752136752,81.60687500000003,6.691238194736763,8,0.008547008547008548,0.9316239316239316,False,True,False,0.9238095238095239,295710894
ChaCha20,teaching_weight_sweep,teacher_assisted_then_off,2,451535275,ES+teacher training,poisson_excitatory,10.0,600.0,117,0.5935279540717602,0.0811965811965812,86.74874999999999,6.969302402220087,49,0.05235042735042735,0.6068376068376069,False,True,False,0.01904761904761909,295710894
ChaCha20,teaching_weight_sweep,teacher_assisted_then_off,2,451535275,ES+teacher training,poisson_excitatory,10.0,900.0,117,0.6070242850109935,0.09615384615384616,89.36874999999998,7.120356935676844,42,0.04487179487179487,0.6581196581196581,False,True,False,0.0,295710894
ChaCha20,teaching_weight_sweep,teacher_assisted_then_off,2,451535275,ES+teacher training,poisson_excitatory,10.0,1200.0,117,0.6087373979389668,0.08012820512820513,89.67562499999997,7.14507616356379,26,0.027777777777777776,0.7863247863247863,False,True,False,0.0,295710894
ChaCha20,teaching_weight_sweep,teacher_assisted_then_off,3,1844367681,ES+teacher training,poisson_excitatory,10.0,0.0,117,0.5990823900792748,0.0438034188034188,81.01312500000003,6.6372788032163985,20,0.021367521367521368,0.8376068376068376,False,True,False,0.819047619047619,875274423
ChaCha20,teaching_weight_sweep,teacher_assisted_then_off,3,1844367681,ES+teacher training,poisson_excitatory,10.0,300.0,117,0.5897167348302901,0.016025641025641024,81.87374999999999,6.71231281759756,10,0.010683760683760684,0.9230769230769231,False,True,False,0.0,875274423
ChaCha20,teaching_weight_sweep,teacher_assisted_then_off,3,1844367681,ES+teacher training,poisson_excitatory,10.0,600.0,117,0.5883908779360354,0.08547008547008547,87.08562499999994,6.995031307913923,52,0.05555555555555555,0.5897435897435898,False,True,False,0.00952380952380949,875274423
ChaCha20,teaching_weight_sweep,teacher_assisted_then_off,3,1844367681,ES+teacher training,poisson_excitatory,10.0,900.0,117,0.5927497551310807,0.09829059829059829,89.86437500000001,7.155674866621059,40,0.042735042735042736,0.7008547008547008,False,True,False,0.0,875274423
ChaCha20,teaching_weight_sweep,teacher_assisted_then_off,3,1844367681,ES+teacher training,poisson_excitatory,10.0,1200.0,117,0.6040372068528086,0.08547008547008547,90.25250000000001,7.189405223409771,31,0.03311965811965812,0.7606837606837606,False,True,False,0.0,875274423
ChaCha20,teaching_weight_sweep,teacher_assisted_then_off,4,1938441439,ES+teacher training,poisson_excitatory,10.0,0.0,117,0.6038663550280035,0.04487179487179487,81.19125,6.640384779130834,22,0.023504273504273504,0.8205128205128205,False,True,False,0.00952380952380949,2054904912
ChaCha20,teaching_weight_sweep,teacher_assisted_then_off,4,1938441439,ES+teacher training,poisson_excitatory,10.0,300.0,117,0.5979543691501021,0.017094017094017096,81.75375000000001,6.698984135539391,9,0.009615384615384616,0.9230769230769231,False,True,False,0.0,2054904912
ChaCha20,teaching_weight_sweep,teacher_assisted_then_off,4,1938441439,ES+teacher training,poisson_excitatory,10.0,600.0,117,0.6003373030107468,0.08333333333333333,86.97562499999998,6.984683903312751,45,0.04807692307692308,0.6495726495726496,False,True,False,0.00952380952380949,2054904912
ChaCha20,teaching_weight_sweep,teacher_assisted_then_off,4,1938441439,ES+teacher training,poisson_excitatory,10.0,900.0,117,0.5889109252020717,0.09294871794871795,89.40062499999996,7.121540562843662,37,0.03952991452991453,0.7008547008547008,False,True,False,0.00952380952380949,2054904912
ChaCha20,teaching_weight_sweep,teacher_assisted_then_off,4,1938441439,ES+teacher training,poisson_excitatory,10.0,1200.0,117,0.6037097820080817,0.08012820512820513,90.10187499999998,7.172923723445178,26,0.027777777777777776,0.7863247863247863,False,True,False,0.0,2054904912
ChaCha20,teaching_weight_sweep,teacher_assisted_then_off,5,76379213,ES+teacher training,poisson_excitatory,10.0,0.0,117,0.5925166280940175,0.042735042735042736,81.14812499999996,6.639831262307851,20,0.021367521367521368,0.8461538461538461,False,True,False,0.00952380952380949,1609616469
ChaCha20,teaching_weight_sweep,teacher_assisted_then_off,5,76379213,ES+teacher training,poisson_excitatory,10.0,300.0,117,0.5935272690840065,0.013888888888888888,82.05875,6.723249897720018,9,0.009615384615384616,0.9230769230769231,False,True,False,0.9142857142857143,1609616469
ChaCha20,teaching_weight_sweep,teacher_assisted_then_off,5,76379213,ES+teacher training,poisson_excitatory,10.0,600.0,117,0.592883134027943,0.08333333333333333,87.083125,6.994164687961428,49,0.05235042735042735,0.6239316239316239,False,True,False,0.00952380952380949,1609616469
ChaCha20,teaching_weight_sweep,teacher_assisted_then_off,5,76379213,ES+teacher training,poisson_excitatory,10.0,900.0,117,0.5933134399820119,0.09081196581196581,89.35500000000003,7.123558243950358,37,0.03952991452991453,0.7094017094017093,False,True,False,0.00952380952380949,1609616469
ChaCha20,teaching_weight_sweep,teacher_assisted_then_off,5,76379213,ES+teacher training,poisson_excitatory,10.0,1200.0,117,0.6065260008908808,0.08012820512820513,89.62312499999999,7.147335463598791,29,0.030982905982905984,0.7692307692307692,False,True,False,0.00952380952380949,1609616469
ChaCha20,teaching_weight_sweep,teacher_assisted_then_off,6,495199684,ES+teacher training,poisson_excitatory,10.0,0.0,117,0.5956357421819121,0.038461538461538464,81.23312500000007,6.643142779805632,16,0.017094017094017096,0.8717948717948718,False,True,False,0.00952380952380949,1780316834
ChaCha20,teaching_weight_sweep,teacher_assisted_then_off,6,495199684,ES+teacher training,poisson_excitatory,10.0,300.0,117,0.6050329939462245,0.011752136752136752,81.78687500000004,6.700243447784613,8,0.008547008547008548,0.9316239316239316,False,True,False,0.0,1780316834
ChaCha20,teaching_weight_sweep,teacher_assisted_then_off,6,495199684,ES+teacher training,poisson_excitatory,10.0,600.0,117,0.5998326551634818,0.07692307692307693,86.79874999999994,6.978013117453744,47,0.050213675213675216,0.6324786324786325,False,True,False,0.0,1780316834
ChaCha20,teaching_weight_sweep,teacher_assisted_then_off,6,495199684,ES+teacher training,poisson_excitatory,10.0,900.0,117,0.5980275380425155,0.09722222222222222,89.69687499999999,7.142305236102852,41,0.0438034188034188,0.6666666666666667,False,True,False,0.00952380952380949,1780316834
ChaCha20,teaching_weight_sweep,teacher_assisted_then_off,6,495199684,ES+teacher training,poisson_excitatory,10.0,1200.0,117,0.6068456931971014,0.0811965811965812,90.315,7.187146266951291,29,0.030982905982905984,0.7692307692307692,False,True,False,0.0,1780316834
ChaCha20,teaching_weight_sweep,teacher_assisted_then_off,7,1786975546,ES+teacher training,poisson_excitatory,10.0,0.0,117,0.5898733951617032,0.03311965811965812,80.41999999999997,6.595612291536399,16,0.017094017094017096,0.8803418803418803,False,True,False,0.0,1335290529
ChaCha20,teaching_weight_sweep,teacher_assisted_then_off,7,1786975546,ES+teacher training,poisson_excitatory,10.0,300.0,117,0.5935948928818107,0.011752136752136752,81.48687499999996,6.687910522985764,9,0.009615384615384616,0.9230769230769231,False,True,False,0.0,1335290529
ChaCha20,teaching_weight_sweep,teacher_assisted_then_off,7,1786975546,ES+teacher training,poisson_excitatory,10.0,600.0,117,0.595462593017146,0.07158119658119658,86.32812499999997,6.951177243063109,48,0.05128205128205128,0.6068376068376069,False,True,False,0.0,1335290529
ChaCha20,teaching_weight_sweep,teacher_assisted_then_off,7,1786975546,ES+teacher training,poisson_excitatory,10.0,900.0,117,0.59539601393044,0.1014957264957265,89.7525,7.145594999222474,44,0.04700854700854701,0.641025641025641,False,True,False,0.0,1335290529
ChaCha20,teaching_weight_sweep,teacher_assisted_then_off,7,1786975546,ES+teacher training,poisson_excitatory,10.0,1200.0,117,0.6078662378713489,0.08012820512820513,90.03375000000001,7.170246084892035,28,0.029914529914529916,0.7777777777777778,False,True,False,0.0,1335290529
ChaCha20,teaching_weight_sweep,teacher_assisted_then_off,8,2050754760,ES+teacher training,poisson_excitatory,10.0,0.0,117,0.5935747961048037,0.03632478632478633,80.90187500000002,6.625364468239164,20,0.021367521367521368,0.8461538461538461,False,True,False,0.00952380952380949,768443795
ChaCha20,teaching_weight_sweep,teacher_assisted_then_off,8,2050754760,ES+teacher training,poisson_excitatory,10.0,300.0,117,0.6017115691211075,0.014957264957264958,81.75874999999998,6.696774774217493,7,0.007478632478632479,0.9401709401709402,False,True,False,0.0,768443795
ChaCha20,teaching_weight_sweep,teacher_assisted_then_off,8,2050754760,ES+teacher training,poisson_excitatory,10.0,600.0,117,0.5932734759990126,0.08333333333333333,86.93312499999996,6.982104711602908,52,0.05555555555555555,0.5726495726495726,False,True,False,0.0,768443795
ChaCha20,teaching_weight_sweep,teacher_assisted_then_off,8,2050754760,ES+teacher training,poisson_excitatory,10.0,900.0,117,0.5935427360236645,0.09829059829059829,89.55562499999994,7.131635887684306,44,0.04700854700854701,0.641025641025641,False,True,False,0.0,768443795
ChaCha20,teaching_weight_sweep,teacher_assisted_then_off,8,2050754760,ES+teacher training,poisson_excitatory,10.0,1200.0,117,0.6005774070508778,0.07905982905982906,90.21812499999999,7.176533794777813,29,0.030982905982905984,0.7606837606837606,False,True,False,0.00952380952380949,768443795
ChaCha20,teaching_weight_sweep,teacher_assisted_then_off,9,221984818,ES+teacher training,poisson_excitatory,10.0,0.0,117,0.5908251968212426,0.038461538461538464,81.47750000000005,6.667410715633067,17,0.018162393162393164,0.8547008547008547,False,True,False,0.00952380952380949,138810770
ChaCha20,teaching_weight_sweep,teacher_assisted_then_off,9,221984818,ES+teacher training,poisson_excitatory,10.0,300.0,117,0.5949569400399923,0.010683760683760684,81.756875,6.702819714496849,2,0.002136752136752137,0.9829059829059829,False,True,False,0.9809523809523809,138810770
ChaCha20,teaching_weight_sweep,teacher_assisted_then_off,9,221984818,ES+teacher training,poisson_excitatory,10.0,600.0,117,0.5914711009245366,0.08974358974358974,87.09999999999997,6.996320147911538,50,0.053418803418803416,0.6068376068376069,False,True,False,0.0,138810770
ChaCha20,teaching_weight_sweep,teacher_assisted_then_off,9,221984818,ES+teacher training,poisson_excitatory,10.0,900.0,117,0.5937006720341742,0.09829059829059829,89.53187499999999,7.136491576914082,42,0.04487179487179487,0.6666666666666667,False,True,False,0.0,138810770
ChaCha20,teaching_weight_sweep,teacher_assisted_then_off,9,221984818,ES+teacher training,poisson_excitatory,10.0,1200.0,117,0.5961768729612231,0.07905982905982906,89.794375,7.1588211346621256,26,0.027777777777777776,0.7948717948717949,False,True,False,0.0,138810770
RSA,teaching_ablation,es_stdp_teacher_off,0,1157316831,ES+STDP no teacher,poisson_excitatory,10.0,1200.0,256,1.3034882710780948,0.05615234375,185.69874999999996,10.163457020160964,52,0.025390625,0.8125,False,False,False,,1778114909
RSA,teaching_ablation,es_static_teacher_off,0,1157316831,ES static,poisson_excitatory,10.0,1200.0,256,1.3127521339338273,0.00537109375,166.11312500000008,9.366138644989498,7,0.00341796875,0.97265625,False,False,False,,1778114909
RSA,teaching_ablation,default_stdp_teacher_off,0,1157316831,default+STDP no teacher,poisson_excitatory,10.0,1200.0,256,1.2915015451144427,0.06005859375,195.7862499999997,10.789445800508053,55,0.02685546875,0.80078125,False,False,False,,1778114909
RSA,teaching_ablation,teacher_assisted_then_off,0,1157316831,ES+teacher training,poisson_excitatory,10.0,1200.0,256,1.2974754420574754,0.0703125,212.60375,11.43629941737981,78,0.0380859375,0.74609375,False,False,False,,1778114909
RSA,teaching_ablation,teacher_only,0,1157316831,Teaching-only shortcut,poisson_excitatory,10.0,1200.0,256,2.5132598800119013,0.0,130.51750000000004,8.858462561522744,0,0.0,1.0,True,True,True,1.0,1778114909
RSA,teaching_ablation,full_network,0,1157316831,ES+teacher full network,poisson_excitatory,10.0,1200.0,256,2.4937902269884944,0.00048828125,346.2693749999997,18.349167603870075,1,0.00048828125,0.99609375,False,False,False,,1778114909
RSA,teaching_ablation,es_stdp_teacher_off,1,872181837,ES+STDP no teacher,poisson_excitatory,10.0,1200.0,256,1.2947258679196239,0.05126953125,184.751875,10.129042818901876,48,0.0234375,0.82421875,False,False,False,,1282437478
RSA,teaching_ablation,es_static_teacher_off,1,872181837,ES static,poisson_excitatory,10.0,1200.0,256,1.2987180440686643,0.00341796875,165.38812500000006,9.34286835265578,3,0.00146484375,0.98828125,False,False,False,,1282437478
RSA,teaching_ablation,default_stdp_teacher_off,1,872181837,default+STDP no teacher,poisson_excitatory,10.0,1200.0,256,1.3045690499711782,0.06005859375,195.61499999999978,10.786888566709264,55,0.02685546875,0.8046875,False,False,False,,1282437478
RSA,teaching_ablation,teacher_assisted_then_off,1,872181837,ES+teacher training,poisson_excitatory,10.0,1200.0,256,1.2973848870024085,0.06884765625,212.0124999999999,11.417020942958082,67,0.03271484375,0.7734375,False,False,False,,1282437478
RSA,teaching_ablation,teacher_only,1,872181837,Teaching-only shortcut,poisson_excitatory,10.0,1200.0,256,2.4907323350198567,0.0,130.51750000000004,8.858462561522744,0,0.0,1.0,True,True,True,1.0,1282437478
RSA,teaching_ablation,full_network,1,872181837,ES+teacher full network,poisson_excitatory,10.0,1200.0,256,2.529938525054604,0.0,345.48812499999974,18.3126526438364,0,0.0,1.0,True,True,True,1.0,1282437478
RSA,teaching_ablation,es_stdp_teacher_off,2,720708034,ES+STDP no teacher,poisson_excitatory,10.0,1200.0,256,1.3098659780807793,0.05517578125,184.64874999999986,10.123817141713031,52,0.025390625,0.81640625,False,False,False,,2040383385
RSA,teaching_ablation,es_static_teacher_off,2,720708034,ES static,poisson_excitatory,10.0,1200.0,256,1.299458485096693,0.00634765625,165.34875000000022,9.345834118507693,5,0.00244140625,0.98046875,False,False,False,,2040383385
RSA,teaching_ablation,default_stdp_teacher_off,2,720708034,default+STDP no teacher,poisson_excitatory,10.0,1200.0,256,1.309112022863701,0.0595703125,195.6887499999998,10.787760297366791,54,0.0263671875,0.8046875,False,False,False,,2040383385
RSA,teaching_ablation,teacher_assisted_then_off,2,720708034,ES+teacher training,poisson_excitatory,10.0,1200.0,256,1.3112260659690946,0.0712890625,212.64187499999989,11.440065443537062,73,0.03564453125,0.75390625,False,False,False,,2040383385
RSA,teaching_ablation,teacher_only,2,720708034,Teaching-only shortcut,poisson_excitatory,10.0,1200.0,256,2.5184043559711426,0.0,130.51750000000004,8.858462561522744,0,0.0,1.0,True,True,True,1.0,2040383385
RSA,teaching_ablation,full_network,2,720708034,ES+teacher full network,poisson_excitatory,10.0,1200.0,256,2.5363566670566797,0.0,345.16874999999953,18.29987152221406,0,0.0,1.0,True,True,True,1.0,2040383385
RSA,teaching_ablation,es_stdp_teacher_off,3,1576145208,ES+STDP no teacher,poisson_excitatory,10.0,1200.0,256,1.307809045072645,0.0537109375,184.9193749999999,10.12992951490491,48,0.0234375,0.82421875,False,False,False,,1544968076
RSA,teaching_ablation,es_static_teacher_off,3,1576145208,ES static,poisson_excitatory,10.0,1200.0,256,1.311919909901917,0.0029296875,164.67625000000015,9.31641864820099,4,0.001953125,0.984375,False,False,False,,1544968076
RSA,teaching_ablation,default_stdp_teacher_off,3,1576145208,default+STDP no teacher,poisson_excitatory,10.0,1200.0,256,1.3267166479490697,0.06103515625,195.70124999999982,10.787331599506794,57,0.02783203125,0.796875,False,False,False,,1544968076
RSA,teaching_ablation,teacher_assisted_then_off,3,1576145208,ES+teacher training,poisson_excitatory,10.0,1200.0,256,1.3172725790645927,0.06689453125,212.18187499999985,11.410008770092617,72,0.03515625,0.75390625,False,False,False,,1544968076
RSA,teaching_ablation,teacher_only,3,1576145208,Teaching-only shortcut,poisson_excitatory,10.0,1200.0,256,2.53568930295296,0.0,130.51750000000004,8.858462561522744,0,0.0,1.0,True,True,True,1.0,1544968076
RSA,teaching_ablation,full_network,3,1576145208,ES+teacher full network,poisson_excitatory,10.0,1200.0,256,2.5446501770056784,0.0,344.51562499999966,18.26385203661023,0,0.0,1.0,True,True,True,1.0,1544968076
RSA,teaching_ablation,es_stdp_teacher_off,4,1133937880,ES+STDP no teacher,poisson_excitatory,10.0,1200.0,256,1.3084232141263783,0.05908203125,185.53375000000003,10.152560217019602,57,0.02783203125,0.796875,False,False,False,,306621427
RSA,teaching_ablation,es_static_teacher_off,4,1133937880,ES static,poisson_excitatory,10.0,1200.0,256,1.3034580959938467,0.00634765625,165.55812500000008,9.34675860809742,7,0.00341796875,0.97265625,False,False,False,,306621427
RSA,teaching_ablation,default_stdp_teacher_off,4,1133937880,default+STDP no teacher,poisson_excitatory,10.0,1200.0,256,1.3068532161414623,0.06103515625,195.73124999999987,10.788875214444314,56,0.02734375,0.796875,False,False,False,,306621427
RSA,teaching_ablation,teacher_assisted_then_off,4,1133937880,ES+teacher training,poisson_excitatory,10.0,1200.0,256,1.3132225850131363,0.06591796875,212.12749999999986,11.421990272202233,68,0.033203125,0.7734375,False,False,False,,306621427
RSA,teaching_ablation,teacher_only,4,1133937880,Teaching-only shortcut,poisson_excitatory,10.0,1200.0,256,2.5314299080055207,0.0,130.51750000000004,8.858462561522744,0,0.0,1.0,True,True,True,1.0,306621427
RSA,teaching_ablation,full_network,4,1133937880,ES+teacher full network,poisson_excitatory,10.0,1200.0,256,2.513158196816221,0.0,345.72374999999977,18.322158305706758,0,0.0,1.0,True,True,True,1.0,306621427
RSA,teaching_ablation,es_stdp_teacher_off,5,881964134,ES+STDP no teacher,poisson_excitatory,10.0,1200.0,256,1.2997843138873577,0.056640625,185.16,10.149187750434685,53,0.02587890625,0.8125,False,False,False,,936197106
RSA,teaching_ablation,es_static_teacher_off,5,881964134,ES static,poisson_excitatory,10.0,1200.0,256,1.3019819071050733,0.005859375,165.4375,9.347123611460944,6,0.0029296875,0.9765625,False,False,False,,936197106
RSA,teaching_ablation,default_stdp_teacher_off,5,881964134,default+STDP no teacher,poisson_excitatory,10.0,1200.0,256,1.3163343630731106,0.060546875,195.67999999999978,10.787155909293116,56,0.02734375,0.796875,False,False,False,,936197106
RSA,teaching_ablation,teacher_assisted_then_off,5,881964134,ES+teacher training,poisson_excitatory,10.0,1200.0,256,1.3100350208114833,0.06689453125,211.8518749999999,11.409983511707606,72,0.03515625,0.7578125,False,False,False,,936197106
RSA,teaching_ablation,teacher_only,5,881964134,Teaching-only shortcut,poisson_excitatory,10.0,1200.0,256,2.5488322551827878,0.0,130.51750000000004,8.858462561522744,0,0.0,1.0,True,True,True,1.0,936197106
RSA,teaching_ablation,full_network,5,881964134,ES+teacher full network,poisson_excitatory,10.0,1200.0,256,2.5262472541071475,0.0,345.29249999999956,18.304690659708143,0,0.0,1.0,True,True,True,1.0,936197106
RSA,teaching_ablation,es_stdp_teacher_off,6,764994987,ES+STDP no teacher,poisson_excitatory,10.0,1200.0,256,1.3188861049711704,0.05126953125,184.82437499999997,10.131208833548339,51,0.02490234375,0.81640625,False,False,False,,35687871
RSA,teaching_ablation,es_static_teacher_off,6,764994987,ES static,poisson_excitatory,10.0,1200.0,256,1.306012773886323,0.005859375,165.4468750000001,9.345304937046766,5,0.00244140625,0.98046875,False,False,False,,35687871
RSA,teaching_ablation,default_stdp_teacher_off,6,764994987,default+STDP no teacher,poisson_excitatory,10.0,1200.0,256,1.3021155160386115,0.060546875,195.5862499999998,10.783740489195532,56,0.02734375,0.796875,False,False,False,,35687871
RSA,teaching_ablation,teacher_assisted_then_off,6,764994987,ES+teacher training,poisson_excitatory,10.0,1200.0,256,1.303211143007502,0.068359375,212.46499999999992,11.43943165396442,72,0.03515625,0.75,False,False,False,,35687871
RSA,teaching_ablation,teacher_only,6,764994987,Teaching-only shortcut,poisson_excitatory,10.0,1200.0,256,2.5482078019995242,0.0,130.51750000000004,8.858462561522744,0,0.0,1.0,True,True,True,1.0,35687871
RSA,teaching_ablation,full_network,6,764994987,ES+teacher full network,poisson_excitatory,10.0,1200.0,256,2.5103684668429196,0.00048828125,345.5499999999996,18.321119462458192,1,0.00048828125,0.99609375,False,False,False,,35687871
RSA,teaching_ablation,es_stdp_teacher_off,7,1520424257,ES+STDP no teacher,poisson_excitatory,10.0,1200.0,256,1.3064819669816643,0.052734375,185.25187499999998,10.145219798611944,56,0.02734375,0.796875,False,False,False,,665525700
RSA,teaching_ablation,es_static_teacher_off,7,1520424257,ES static,poisson_excitatory,10.0,1200.0,256,1.3024080998729914,0.00537109375,166.04062499999998,9.362748553848972,8,0.00390625,0.96875,False,False,False,,665525700
RSA,teaching_ablation,default_stdp_teacher_off,7,1520424257,default+STDP no teacher,poisson_excitatory,10.0,1200.0,256,1.316827756119892,0.06103515625,195.80687499999976,10.790134420171793,56,0.02734375,0.796875,False,False,False,,665525700
RSA,teaching_ablation,teacher_assisted_then_off,7,1520424257,ES+teacher training,poisson_excitatory,10.0,1200.0,256,1.3164633600972593,0.0673828125,212.47062499999998,11.431809275987288,69,0.03369140625,0.76953125,False,False,False,,665525700
RSA,teaching_ablation,teacher_only,7,1520424257,Teaching-only shortcut,poisson_excitatory,10.0,1200.0,256,2.5227945239748806,0.0,130.51750000000004,8.858462561522744,0,0.0,1.0,True,True,True,1.0,665525700
RSA,teaching_ablation,full_network,7,1520424257,ES+teacher full network,poisson_excitatory,10.0,1200.0,256,2.535970395198092,0.0,346.0537499999997,18.346673086384566,0,0.0,1.0,True,True,True,1.0,665525700
RSA,teaching_ablation,es_stdp_teacher_off,8,1243662513,ES+STDP no teacher,poisson_excitatory,10.0,1200.0,256,1.322977279080078,0.05322265625,185.16937499999995,10.146558830624187,52,0.025390625,0.8046875,False,False,False,,1173385904
RSA,teaching_ablation,es_static_teacher_off,8,1243662513,ES static,poisson_excitatory,10.0,1200.0,256,1.3208863048348576,0.0048828125,165.10312499999992,9.33407186594324,4,0.001953125,0.984375,False,False,False,,1173385904
RSA,teaching_ablation,default_stdp_teacher_off,8,1243662513,default+STDP no teacher,poisson_excitatory,10.0,1200.0,256,1.3012537020258605,0.06005859375,195.6818749999997,10.787325555929392,55,0.02685546875,0.80078125,False,False,False,,1173385904
RSA,teaching_ablation,teacher_assisted_then_off,8,1243662513,ES+teacher training,poisson_excitatory,10.0,1200.0,256,1.311716086929664,0.07080078125,211.91874999999982,11.411625256459828,68,0.033203125,0.76953125,False,False,False,,1173385904
RSA,teaching_ablation,teacher_only,8,1243662513,Teaching-only shortcut,poisson_excitatory,10.0,1200.0,256,2.5473096820060164,0.0,130.51750000000004,8.858462561522744,0,0.0,1.0,True,True,True,1.0,1173385904
RSA,teaching_ablation,full_network,8,1243662513,ES+teacher full network,poisson_excitatory,10.0,1200.0,256,2.517865914152935,0.0,345.0574999999998,18.290743871502265,0,0.0,1.0,True,True,True,1.0,1173385904
RSA,teaching_ablation,es_stdp_teacher_off,9,1026029627,ES+STDP no teacher,poisson_excitatory,10.0,1200.0,256,1.3065948230214417,0.05029296875,184.58187500000005,10.11949071084491,49,0.02392578125,0.8203125,False,False,False,,1618731701
RSA,teaching_ablation,es_static_teacher_off,9,1026029627,ES static,poisson_excitatory,10.0,1200.0,256,1.3093027919530869,0.00537109375,165.29937500000005,9.3364114720615,5,0.00244140625,0.98046875,False,False,False,,1618731701
RSA,teaching_ablation,default_stdp_teacher_off,9,1026029627,default+STDP no teacher,poisson_excitatory,10.0,1200.0,256,1.317696358077228,0.0595703125,195.7518749999997,10.78802594236969,54,0.0263671875,0.80078125,False,False,False,,1618731701
RSA,teaching_ablation,teacher_assisted_then_off,9,1026029627,ES+teacher training,poisson_excitatory,10.0,1200.0,256,1.3229552400298417,0.07275390625,212.59124999999986,11.441480031693741,78,0.0380859375,0.74609375,False,False,False,,1618731701
RSA,teaching_ablation,teacher_only,9,1026029627,Teaching-only shortcut,poisson_excitatory,10.0,1200.0,256,2.502994501031935,0.0,130.51750000000004,8.858462561522744,0,0.0,1.0,True,True,True,1.0,1618731701
RSA,teaching_ablation,full_network,9,1026029627,ES+teacher full network,poisson_excitatory,10.0,1200.0,256,2.532964021898806,0.0,345.46062499999965,18.31740149625511,0,0.0,1.0,True,True,True,1.0,1618731701
RSA,teaching_weight_sweep,teacher_assisted_then_off,0,652427276,ES+teacher training,poisson_excitatory,10.0,0.0,256,1.3159144800156355,0.0546875,184.42437499999988,10.109281682500551,60,0.029296875,0.78125,False,False,False,,1406888422
RSA,teaching_weight_sweep,teacher_assisted_then_off,0,652427276,ES+teacher training,poisson_excitatory,10.0,300.0,256,1.312039562035352,0.07177734375,197.42937499999994,10.64854344704486,71,0.03466796875,0.75,False,False,False,,1406888422
RSA,teaching_weight_sweep,teacher_assisted_then_off,0,652427276,ES+teacher training,poisson_excitatory,10.0,600.0,256,1.3049496449530125,0.033203125,200.28687499999995,10.846708099103067,27,0.01318359375,0.90234375,False,False,False,,1406888422
RSA,teaching_weight_sweep,teacher_assisted_then_off,0,652427276,ES+teacher training,poisson_excitatory,10.0,900.0,256,1.305825717980042,0.0244140625,204.25749999999994,11.099785348739058,31,0.01513671875,0.87890625,False,False,False,,1406888422
RSA,teaching_weight_sweep,teacher_assisted_then_off,0,652427276,ES+teacher training,poisson_excitatory,10.0,1200.0,256,1.3093802861403674,0.0712890625,212.84437499999981,11.44070004795389,76,0.037109375,0.75,False,False,False,,1406888422
RSA,teaching_weight_sweep,teacher_assisted_then_off,1,1373900706,ES+teacher training,poisson_excitatory,10.0,0.0,256,1.310528454836458,0.05126953125,184.27750000000006,10.101745442385553,50,0.0244140625,0.8125,False,False,False,,1985018335
RSA,teaching_weight_sweep,teacher_assisted_then_off,1,1373900706,ES+teacher training,poisson_excitatory,10.0,300.0,256,1.3018441069871187,0.076171875,197.51249999999985,10.645999095193673,67,0.03271484375,0.765625,False,False,False,,1985018335
RSA,teaching_weight_sweep,teacher_assisted_then_off,1,1373900706,ES+teacher training,poisson_excitatory,10.0,600.0,256,1.3139714419376105,0.02685546875,199.81375000000008,10.827445787854508,22,0.0107421875,0.921875,False,False,False,,1985018335
RSA,teaching_weight_sweep,teacher_assisted_then_off,1,1373900706,ES+teacher training,poisson_excitatory,10.0,900.0,256,1.3190779788419604,0.01953125,203.9581250000001,11.086164315640978,23,0.01123046875,0.91015625,False,False,False,,1985018335
RSA,teaching_weight_sweep,teacher_assisted_then_off,1,1373900706,ES+teacher training,poisson_excitatory,10.0,1200.0,256,1.3061471621040255,0.064453125,211.66624999999996,11.394256193697966,64,0.03125,0.78515625,False,False,False,,1985018335
RSA,teaching_weight_sweep,teacher_assisted_then_off,2,1223515895,ES+teacher training,poisson_excitatory,10.0,0.0,256,1.3083653307985514,0.05712890625,185.4875,10.147850436487932,58,0.0283203125,0.79296875,False,False,False,,1136480272
RSA,teaching_weight_sweep,teacher_assisted_then_off,2,1223515895,ES+teacher training,poisson_excitatory,10.0,300.0,256,1.3117749721277505,0.07568359375,197.57249999999993,10.647606606525063,66,0.0322265625,0.76953125,False,False,False,,1136480272
RSA,teaching_weight_sweep,teacher_assisted_then_off,2,1223515895,ES+teacher training,poisson_excitatory,10.0,600.0,256,1.2992363669909537,0.0322265625,200.776875,10.85949241619269,29,0.01416015625,0.890625,False,False,False,,1136480272
RSA,teaching_weight_sweep,teacher_assisted_then_off,2,1223515895,ES+teacher training,poisson_excitatory,10.0,900.0,256,1.3075770849827677,0.0234375,204.77687500000008,11.119595046441791,37,0.01806640625,0.86328125,False,False,False,,1136480272
RSA,teaching_weight_sweep,teacher_assisted_then_off,2,1223515895,ES+teacher training,poisson_excitatory,10.0,1200.0,256,1.3105406938120723,0.06884765625,212.56124999999992,11.427451873659042,71,0.03466796875,0.76171875,False,False,False,,1136480272
RSA,teaching_weight_sweep,teacher_assisted_then_off,3,1072328325,ES+teacher training,poisson_excitatory,10.0,0.0,256,1.3065708300564438,0.0498046875,184.0849999999998,10.094552472446077,45,0.02197265625,0.83203125,False,False,False,,1714872339
RSA,teaching_weight_sweep,teacher_assisted_then_off,3,1072328325,ES+teacher training,poisson_excitatory,10.0,300.0,256,1.2901353971101344,0.07568359375,197.30625000000003,10.63789053948923,69,0.03369140625,0.76953125,False,False,False,,1714872339
RSA,teaching_weight_sweep,teacher_assisted_then_off,3,1072328325,ES+teacher training,poisson_excitatory,10.0,600.0,256,1.299602499930188,0.0244140625,199.5693750000001,10.813651162416924,21,0.01025390625,0.91796875,False,False,False,,1714872339
RSA,teaching_weight_sweep,teacher_assisted_then_off,3,1072328325,ES+teacher training,poisson_excitatory,10.0,900.0,256,1.3106530539225787,0.01953125,204.3412500000001,11.101539366497477,27,0.01318359375,0.89453125,False,False,False,,1714872339
RSA,teaching_weight_sweep,teacher_assisted_then_off,3,1072328325,ES+teacher training,poisson_excitatory,10.0,1200.0,256,1.3048137549776584,0.06640625,211.75812499999986,11.399204358320631,70,0.0341796875,0.76953125,False,False,False,,1714872339
RSA,teaching_weight_sweep,teacher_assisted_then_off,4,563018787,ES+teacher training,poisson_excitatory,10.0,0.0,256,1.3006518429610878,0.056640625,185.1381250000001,10.141216535313008,58,0.0283203125,0.80078125,False,False,False,,677782378
RSA,teaching_weight_sweep,teacher_assisted_then_off,4,563018787,ES+teacher training,poisson_excitatory,10.0,300.0,256,1.2975962958298624,0.07080078125,197.5756249999999,10.650629400526714,65,0.03173828125,0.77734375,False,False,False,,677782378
RSA,teaching_weight_sweep,teacher_assisted_then_off,4,563018787,ES+teacher training,poisson_excitatory,10.0,600.0,256,1.2899567130953074,0.02587890625,200.2375,10.849064454107898,27,0.01318359375,0.8984375,False,False,False,,677782378
RSA,teaching_weight_sweep,teacher_assisted_then_off,4,563018787,ES+teacher training,poisson_excitatory,10.0,900.0,256,1.3000070678535849,0.02490234375,204.181875,11.109005917099164,38,0.0185546875,0.859375,False,False,False,,677782378
RSA,teaching_weight_sweep,teacher_assisted_then_off,4,563018787,ES+teacher training,poisson_excitatory,10.0,1200.0,256,1.3008731838781387,0.07177734375,212.55312499999985,11.442146247282773,76,0.037109375,0.75,False,False,False,,677782378
RSA,teaching_weight_sweep,teacher_assisted_then_off,5,1451871129,ES+teacher training,poisson_excitatory,10.0,0.0,256,1.3031632921192795,0.05615234375,185.24312499999996,10.153780970989652,56,0.02734375,0.796875,False,False,False,,233681785
RSA,teaching_weight_sweep,teacher_assisted_then_off,5,1451871129,ES+teacher training,poisson_excitatory,10.0,300.0,256,1.3062237480189651,0.07568359375,197.90249999999995,10.661542068811457,72,0.03515625,0.75390625,False,False,False,,233681785
RSA,teaching_weight_sweep,teacher_assisted_then_off,5,1451871129,ES+teacher training,poisson_excitatory,10.0,600.0,256,1.298458430916071,0.0322265625,201.321875,10.88391754783876,30,0.0146484375,0.890625,False,False,False,,233681785
RSA,teaching_weight_sweep,teacher_assisted_then_off,5,1451871129,ES+teacher training,poisson_excitatory,10.0,900.0,256,1.3057352928444743,0.02978515625,205.11812500000002,11.148737958030548,34,0.0166015625,0.87109375,False,False,False,,233681785
RSA,teaching_weight_sweep,teacher_assisted_then_off,5,1451871129,ES+teacher training,poisson_excitatory,10.0,1200.0,256,1.312307331012562,0.07275390625,212.95312499999986,11.460255101819044,75,0.03662109375,0.75,False,False,False,,233681785
RSA,teaching_weight_sweep,teacher_assisted_then_off,6,1333828350,ES+teacher training,poisson_excitatory,10.0,0.0,256,1.3218106259591877,0.05517578125,185.14624999999987,10.146016692313758,49,0.02392578125,0.81640625,False,False,False,,939525448
RSA,teaching_weight_sweep,teacher_assisted_then_off,6,1333828350,ES+teacher training,poisson_excitatory,10.0,300.0,256,1.301171091152355,0.07275390625,197.37124999999992,10.644563864563905,64,0.03125,0.77734375,False,False,False,,939525448
RSA,teaching_weight_sweep,teacher_assisted_then_off,6,1333828350,ES+teacher training,poisson_excitatory,10.0,600.0,256,1.2979928308632225,0.029296875,200.70499999999993,10.860947346155928,23,0.01123046875,0.9140625,False,False,False,,939525448
RSA,teaching_weight_sweep,teacher_assisted_then_off,6,1333828350,ES+teacher training,poisson_excitatory,10.0,900.0,256,1.3094449799973518,0.02197265625,204.48312499999997,11.116169143536585,28,0.013671875,0.90234375,False,False,False,,939525448
RSA,teaching_weight_sweep,teacher_assisted_then_off,6,1333828350,ES+teacher training,poisson_excitatory,10.0,1200.0,256,1.3143891708459705,0.06640625,212.2093749999999,11.423937106445821,66,0.0322265625,0.78515625,False,False,False,,939525448
RSA,teaching_weight_sweep,teacher_assisted_then_off,7,948415084,ES+teacher training,poisson_excitatory,10.0,0.0,256,1.31023552804254,0.05615234375,185.55312500000002,10.154561320208982,56,0.02734375,0.796875,False,False,False,,495686973
RSA,teaching_weight_sweep,teacher_assisted_then_off,7,948415084,ES+teacher training,poisson_excitatory,10.0,300.0,256,1.3158115521073341,0.07470703125,197.99812499999985,10.670727244610125,70,0.0341796875,0.75390625,False,False,False,,495686973
RSA,teaching_weight_sweep,teacher_assisted_then_off,7,948415084,ES+teacher training,poisson_excitatory,10.0,600.0,256,1.2975191520527005,0.0302734375,200.650625,10.860460291521282,32,0.015625,0.875,False,False,False,,495686973
RSA,teaching_weight_sweep,teacher_assisted_then_off,7,948415084,ES+teacher training,poisson_excitatory,10.0,900.0,256,1.3141875020228326,0.02880859375,205.5737500000002,11.15886851225805,38,0.0185546875,0.85546875,False,False,False,,495686973
RSA,teaching_weight_sweep,teacher_assisted_then_off,7,948415084,ES+teacher training,poisson_excitatory,10.0,1200.0,256,1.2999305571429431,0.07177734375,212.79437499999977,11.448135963220977,78,0.0380859375,0.74609375,False,False,False,,495686973
RSA,teaching_weight_sweep,teacher_assisted_then_off,8,674805758,ES+teacher training,poisson_excitatory,10.0,0.0,256,1.2981255669146776,0.05322265625,184.67625000000004,10.125300162722564,54,0.0263671875,0.796875,False,False,False,,2144401975
RSA,teaching_weight_sweep,teacher_assisted_then_off,8,674805758,ES+teacher training,poisson_excitatory,10.0,300.0,256,1.307462606113404,0.07373046875,197.29499999999996,10.638766199248163,74,0.0361328125,0.73828125,False,False,False,,2144401975
RSA,teaching_weight_sweep,teacher_assisted_then_off,8,674805758,ES+teacher training,poisson_excitatory,10.0,600.0,256,1.2970449209678918,0.02978515625,200.39187500000003,10.838871830164807,30,0.0146484375,0.88671875,False,False,False,,2144401975
RSA,teaching_weight_sweep,teacher_assisted_then_off,8,674805758,ES+teacher training,poisson_excitatory,10.0,900.0,256,1.3142278920859098,0.017578125,203.67562499999997,11.075308105596015,28,0.013671875,0.890625,False,False,False,,2144401975
RSA,teaching_weight_sweep,teacher_assisted_then_off,8,674805758,ES+teacher training,poisson_excitatory,10.0,1200.0,256,1.3068368900567293,0.06640625,212.03375,11.410211548605192,69,0.03369140625,0.76953125,False,False,False,,2144401975
RSA,teaching_weight_sweep,teacher_assisted_then_off,9,1597998960,ES+teacher training,poisson_excitatory,10.0,0.0,256,1.3131845148745924,0.05810546875,185.29312499999986,10.148266658076391,59,0.02880859375,0.7890625,False,False,False,,1515940396
RSA,teaching_weight_sweep,teacher_assisted_then_off,9,1597998960,ES+teacher training,poisson_excitatory,10.0,300.0,256,1.3190204692073166,0.07421875,196.96937499999999,10.62905050569684,69,0.03369140625,0.74609375,False,False,False,,1515940396
RSA,teaching_weight_sweep,teacher_assisted_then_off,9,1597998960,ES+teacher training,poisson_excitatory,10.0,600.0,256,1.29630030808039,0.0283203125,200.25437499999995,10.842109689095619,24,0.01171875,0.90625,False,False,False,,1515940396
RSA,teaching_weight_sweep,teacher_assisted_then_off,9,1597998960,ES+teacher training,poisson_excitatory,10.0,900.0,256,1.3118860148824751,0.0234375,204.1149999999999,11.097008447828742,30,0.0146484375,0.890625,False,False,False,,1515940396
RSA,teaching_weight_sweep,teacher_assisted_then_off,9,1597998960,ES+teacher training,poisson_excitatory,10.0,1200.0,256,1.308282074984163,0.0693359375,212.53874999999994,11.429732556458266,71,0.03466796875,0.765625,False,False,False,,1515940396
ECIES,teaching_ablation,es_stdp_teacher_off,0,1150473056,ES+STDP no teacher,poisson_excitatory,10.0,1200.0,198,0.996211637975648,0.00946969696969697,137.07875,8.676634731313872,7,0.004419191919191919,0.9646464646464646,False,False,False,,1590000567
ECIES,teaching_ablation,es_static_teacher_off,0,1150473056,ES static,poisson_excitatory,10.0,1200.0,198,1.0360963270068169,0.008207070707070708,126.53875000000008,8.188053500883447,4,0.0025252525252525255,0.9797979797979798,False,False,False,,1590000567
ECIES,teaching_ablation,default_stdp_teacher_off,0,1150473056,default+STDP no teacher,poisson_excitatory,10.0,1200.0,198,1.0131022580899298,0.11237373737373738,148.99624999999995,9.444498999149246,94,0.059343434343434344,0.6363636363636364,False,False,False,,1590000567
ECIES,teaching_ablation,teacher_assisted_then_off,0,1150473056,ES+teacher training,poisson_excitatory,10.0,1200.0,198,1.0067618759348989,0.025252525252525252,156.70625000000013,9.640047926459856,19,0.011994949494949494,0.9090909090909091,False,False,False,,1590000567
ECIES,teaching_ablation,teacher_only,0,1150473056,Teaching-only shortcut,poisson_excitatory,10.0,1200.0,198,1.9494338380172849,0.0,99.4731250000001,7.742728655210841,0,0.0,1.0,True,True,True,1.0,1590000567
ECIES,teaching_ablation,full_network,0,1150473056,ES+teacher full network,poisson_excitatory,10.0,1200.0,198,1.9592156959697604,0.0,260.38749999999976,15.827981389443545,0,0.0,1.0,True,True,True,1.0,1590000567
ECIES,teaching_ablation,es_stdp_teacher_off,1,865461194,ES+STDP no teacher,poisson_excitatory,10.0,1200.0,198,1.013438656926155,0.011363636363636364,137.49312499999996,8.70036019474171,5,0.0031565656565656565,0.9747474747474747,False,False,False,,2068769708
ECIES,teaching_ablation,es_static_teacher_off,1,865461194,ES static,poisson_excitatory,10.0,1200.0,198,1.0139295279514045,0.010732323232323232,127.21875000000009,8.222865627015238,6,0.003787878787878788,0.9747474747474747,False,False,False,,2068769708
ECIES,teaching_ablation,default_stdp_teacher_off,1,865461194,default+STDP no teacher,poisson_excitatory,10.0,1200.0,198,1.0170403041411191,0.10921717171717171,149.01062500000006,9.444836677940472,89,0.05618686868686869,0.6616161616161615,False,False,False,,2068769708
ECIES,teaching_ablation,teacher_assisted_then_off,1,865461194,ES+teacher training,poisson_excitatory,10.0,1200.0,198,1.0178211899474263,0.028409090909090908,156.89624999999995,9.654381109802264,21,0.013257575757575758,0.898989898989899,False,False,False,,2068769708
ECIES,teaching_ablation,teacher_only,1,865461194,Teaching-only shortcut,poisson_excitatory,10.0,1200.0,198,1.9619321709033102,0.0,99.4731250000001,7.742728655210841,0,0.0,1.0,True,True,True,1.0,2068769708
ECIES,teaching_ablation,full_network,1,865461194,ES+teacher full network,poisson_excitatory,10.0,1200.0,198,1.952783501939848,0.0,261.04062499999975,15.855723821173424,0,0.0,1.0,True,True,True,1.0,2068769708
ECIES,teaching_ablation,es_stdp_teacher_off,2,714912325,ES+STDP no teacher,poisson_excitatory,10.0,1200.0,198,1.0047650639899075,0.005681818181818182,136.4725000000001,8.646074696250714,5,0.0031565656565656565,0.9747474747474747,False,False,False,,1319329275
ECIES,teaching_ablation,es_static_teacher_off,2,714912325,ES static,poisson_excitatory,10.0,1200.0,198,1.018226851010695,0.0025252525252525255,126.23687500000008,8.182331713125421,2,0.0012626262626262627,0.98989898989899,False,False,False,,1319329275
ECIES,teaching_ablation,default_stdp_teacher_off,2,714912325,default+STDP no teacher,poisson_excitatory,10.0,1200.0,198,1.0007428720127791,0.10984848484848485,148.965625,9.443271032974234,92,0.05808080808080808,0.6414141414141414,False,False,False,,1319329275
ECIES,teaching_ablation,teacher_assisted_then_off,2,714912325,ES+teacher training,poisson_excitatory,10.0,1200.0,198,1.0238837180659175,0.018308080808080808,155.75750000000005,9.590402103028776,14,0.008838383838383838,0.9292929292929293,False,False,False,,1319329275
ECIES,teaching_ablation,teacher_only,2,714912325,Teaching-only shortcut,poisson_excitatory,10.0,1200.0,198,1.9471640668343753,0.0,99.4731250000001,7.742728655210841,0,0.0,1.0,True,True,True,1.0,1319329275
ECIES,teaching_ablation,full_network,2,714912325,ES+teacher full network,poisson_excitatory,10.0,1200.0,198,1.9479446571785957,0.0,260.9931249999998,15.842236206681253,0,0.0,1.0,True,True,True,1.0,1319329275
ECIES,teaching_ablation,es_stdp_teacher_off,3,1570472631,ES+STDP no teacher,poisson_excitatory,10.0,1200.0,198,1.0019974908791482,0.006313131313131313,137.07625000000002,8.672241148296091,7,0.004419191919191919,0.9646464646464646,False,False,False,,1797836298
ECIES,teaching_ablation,es_static_teacher_off,3,1570472631,ES static,poisson_excitatory,10.0,1200.0,198,1.0192517100367695,0.001893939393939394,125.84375,8.160802413196024,3,0.001893939393939394,0.9848484848484849,False,False,False,,1797836298
ECIES,teaching_ablation,default_stdp_teacher_off,3,1570472631,default+STDP no teacher,poisson_excitatory,10.0,1200.0,198,1.0114117211196572,0.11363636363636363,148.92062499999992,9.4427196385936,94,0.059343434343434344,0.6414141414141414,False,False,False,,1797836298
ECIES,teaching_ablation,teacher_assisted_then_off,3,1570472631,ES+teacher training,poisson_excitatory,10.0,1200.0,198,1.0036290669813752,0.016414141414141416,155.45937500000002,9.587821871911089,14,0.008838383838383838,0.9292929292929293,False,False,False,,1797836298
ECIES,teaching_ablation,teacher_only,3,1570472631,Teaching-only shortcut,poisson_excitatory,10.0,1200.0,198,1.9408295170869678,0.0,99.4731250000001,7.742728655210841,0,0.0,1.0,True,True,True,1.0,1797836298
ECIES,teaching_ablation,full_network,3,1570472631,ES+teacher full network,poisson_excitatory,10.0,1200.0,198,1.9487678289879113,0.0,260.1762499999997,15.814359309306322,0,0.0,1.0,True,True,True,1.0,1797836298
ECIES,teaching_ablation,es_stdp_teacher_off,4,1140791129,ES+STDP no teacher,poisson_excitatory,10.0,1200.0,198,1.0038056960329413,0.008207070707070708,136.89312500000005,8.658708449471721,6,0.003787878787878788,0.9696969696969697,False,False,False,,628634017
ECIES,teaching_ablation,es_static_teacher_off,4,1140791129,ES static,poisson_excitatory,10.0,1200.0,198,1.019429933046922,0.003787878787878788,126.03687500000004,8.170442744202294,2,0.0012626262626262627,0.98989898989899,False,False,False,,628634017
ECIES,teaching_ablation,default_stdp_teacher_off,4,1140791129,default+STDP no teacher,poisson_excitatory,10.0,1200.0,198,1.0147850720677525,0.11237373737373738,148.96125000000006,9.445371527431893,94,0.059343434343434344,0.6414141414141414,False,False,False,,628634017
ECIES,teaching_ablation,teacher_assisted_then_off,4,1140791129,ES+teacher training,poisson_excitatory,10.0,1200.0,198,1.001785792177543,0.029671717171717172,156.56375000000008,9.621854943937326,29,0.018308080808080808,0.8535353535353536,False,False,False,,628634017
ECIES,teaching_ablation,teacher_only,4,1140791129,Teaching-only shortcut,poisson_excitatory,10.0,1200.0,198,1.960251651937142,0.0,99.4731250000001,7.742728655210841,0,0.0,1.0,True,True,True,1.0,628634017
ECIES,teaching_ablation,full_network,4,1140791129,ES+teacher full network,poisson_excitatory,10.0,1200.0,198,1.941288716159761,0.0,260.7218749999997,15.835657970516,0,0.0,1.0,True,True,True,1.0,628634017
ECIES,teaching_ablation,es_stdp_teacher_off,5,888678371,ES+STDP no teacher,poisson_excitatory,10.0,1200.0,198,1.0076205600053072,0.006944444444444444,136.64062500000009,8.652037081536788,9,0.005681818181818182,0.9545454545454546,False,False,False,,15966628
ECIES,teaching_ablation,es_static_teacher_off,5,888678371,ES static,poisson_excitatory,10.0,1200.0,198,1.0143909067846835,0.004419191919191919,126.3112500000002,8.17894014067429,2,0.0012626262626262627,0.98989898989899,False,False,False,,15966628
ECIES,teaching_ablation,default_stdp_teacher_off,5,888678371,default+STDP no teacher,poisson_excitatory,10.0,1200.0,198,1.0207066289149225,0.11363636363636363,148.91687499999995,9.44386128239218,93,0.058712121212121215,0.6414141414141414,False,False,False,,15966628
ECIES,teaching_ablation,teacher_assisted_then_off,5,888678371,ES+teacher training,poisson_excitatory,10.0,1200.0,198,1.018728415016085,0.025883838383838384,156.29437499999997,9.610110347330973,23,0.01452020202020202,0.8888888888888888,False,False,False,,15966628
ECIES,teaching_ablation,teacher_only,5,888678371,Teaching-only shortcut,poisson_excitatory,10.0,1200.0,198,1.947284865891561,0.0,99.4731250000001,7.742728655210841,0,0.0,1.0,True,True,True,1.0,15966628
ECIES,teaching_ablation,full_network,5,888678371,ES+teacher full network,poisson_excitatory,10.0,1200.0,198,1.9429123390000314,0.0,260.8043749999997,15.83267830817605,0,0.0,1.0,True,True,True,1.0,15966628
ECIES,teaching_ablation,es_stdp_teacher_off,6,770799150,ES+STDP no teacher,poisson_excitatory,10.0,1200.0,198,1.008267997065559,0.005681818181818182,136.41687500000006,8.640728956183498,4,0.0025252525252525255,0.9797979797979798,False,False,False,,891164501
ECIES,teaching_ablation,es_static_teacher_off,6,770799150,ES static,poisson_excitatory,10.0,1200.0,198,1.0205588119570166,0.003787878787878788,125.35937500000006,8.13823720970806,3,0.001893939393939394,0.9848484848484849,False,False,False,,891164501
ECIES,teaching_ablation,default_stdp_teacher_off,6,770799150,default+STDP no teacher,poisson_excitatory,10.0,1200.0,198,1.0173294767737389,0.11363636363636363,148.90625,9.443425637668362,99,0.0625,0.6161616161616161,False,False,False,,891164501
ECIES,teaching_ablation,teacher_assisted_then_off,6,770799150,ES+teacher training,poisson_excitatory,10.0,1200.0,198,1.0171305448748171,0.022727272727272728,156.03062499999993,9.60325183328072,26,0.016414141414141416,0.8787878787878788,False,False,False,,891164501
ECIES,teaching_ablation,teacher_only,6,770799150,Teaching-only shortcut,poisson_excitatory,10.0,1200.0,198,1.9176759929396212,0.0,99.4731250000001,7.742728655210841,0,0.0,1.0,True,True,True,1.0,891164501
ECIES,teaching_ablation,full_network,6,770799150,ES+teacher full network,poisson_excitatory,10.0,1200.0,198,1.942107581999153,0.0,260.4306249999997,15.820958296806802,0,0.0,1.0,True,True,True,1.0,891164501
ECIES,teaching_ablation,es_stdp_teacher_off,7,1526089408,ES+STDP no teacher,poisson_excitatory,10.0,1200.0,198,1.0063834970351309,0.010732323232323232,137.31687499999998,8.690016486961285,9,0.005681818181818182,0.9545454545454546,False,False,False,,278234958
ECIES,teaching_ablation,es_static_teacher_off,7,1526089408,ES static,poisson_excitatory,10.0,1200.0,198,1.0009197890758514,0.010101010101010102,126.90562500000001,8.216869702719192,7,0.004419191919191919,0.9646464646464646,False,False,False,,278234958
ECIES,teaching_ablation,default_stdp_teacher_off,7,1526089408,default+STDP no teacher,poisson_excitatory,10.0,1200.0,198,1.0091823530383408,0.1148989898989899,148.948125,9.444648056169338,95,0.05997474747474747,0.6363636363636364,False,False,False,,278234958
ECIES,teaching_ablation,teacher_assisted_then_off,7,1526089408,ES+teacher training,poisson_excitatory,10.0,1200.0,198,1.000749679049477,0.026515151515151516,156.61812499999996,9.63489822184559,21,0.013257575757575758,0.8939393939393939,False,False,False,,278234958
ECIES,teaching_ablation,teacher_only,7,1526089408,Teaching-only shortcut,poisson_excitatory,10.0,1200.0,198,1.942332515027374,0.0,99.4731250000001,7.742728655210841,0,0.0,1.0,True,True,True,1.0,278234958
ECIES,teaching_ablation,full_network,7,1526089408,ES+teacher full network,poisson_excitatory,10.0,1200.0,198,1.9331217859871686,0.0,260.8643749999999,15.841312141179852,0,0.0,1.0,True,True,True,1.0,278234958
ECIES,teaching_ablation,es_stdp_teacher_off,8,1246321454,ES+STDP no teacher,poisson_excitatory,10.0,1200.0,198,0.998917527962476,0.008838383838383838,136.685,8.651637476844538,11,0.006944444444444444,0.9494949494949495,False,False,False,,1926162534
ECIES,teaching_ablation,es_static_teacher_off,8,1246321454,ES static,poisson_excitatory,10.0,1200.0,198,1.0031474099960178,0.005050505050505051,126.06750000000011,8.16778924686674,8,0.005050505050505051,0.9595959595959596,False,False,False,,1926162534
ECIES,teaching_ablation,default_stdp_teacher_off,8,1246321454,default+STDP no teacher,poisson_excitatory,10.0,1200.0,198,1.014292649924755,0.11237373737373738,149.00000000000006,9.446270721420202,92,0.05808080808080808,0.6464646464646464,False,False,False,,1926162534
ECIES,teaching_ablation,teacher_assisted_then_off,8,1246321454,ES+teacher training,poisson_excitatory,10.0,1200.0,198,1.0103661080356687,0.01893939393939394,155.965625,9.601824089589464,19,0.011994949494949494,0.9090909090909091,False,False,False,,1926162534
ECIES,teaching_ablation,teacher_only,8,1246321454,Teaching-only shortcut,poisson_excitatory,10.0,1200.0,198,1.933957857079804,0.0,99.4731250000001,7.742728655210841,0,0.0,1.0,True,True,True,1.0,1926162534
ECIES,teaching_ablation,full_network,8,1246321454,ES+teacher full network,poisson_excitatory,10.0,1200.0,198,1.9385353799443692,0.0,260.30437499999977,15.823128586064975,0,0.0,1.0,True,True,True,1.0,1926162534
ECIES,teaching_ablation,es_stdp_teacher_off,9,1028549564,ES+STDP no teacher,poisson_excitatory,10.0,1200.0,198,0.9964844000060111,0.006944444444444444,137.20875000000007,8.67461934971612,7,0.004419191919191919,0.9646464646464646,False,False,False,,1464170591
ECIES,teaching_ablation,es_static_teacher_off,9,1028549564,ES static,poisson_excitatory,10.0,1200.0,198,1.0082071190699935,0.006313131313131313,126.91250000000005,8.205326188347406,3,0.001893939393939394,0.9848484848484849,False,False,False,,1464170591
ECIES,teaching_ablation,default_stdp_teacher_off,9,1028549564,default+STDP no teacher,poisson_excitatory,10.0,1200.0,198,1.0067463819868863,0.10984848484848485,149.05374999999998,9.44602423043061,94,0.059343434343434344,0.6515151515151515,False,False,False,,1464170591
ECIES,teaching_ablation,teacher_assisted_then_off,9,1028549564,ES+teacher training,poisson_excitatory,10.0,1200.0,198,1.004372949944809,0.023989898989898988,156.79375,9.647468896873098,20,0.012626262626262626,0.9090909090909091,False,False,False,,1464170591
ECIES,teaching_ablation,teacher_only,9,1028549564,Teaching-only shortcut,poisson_excitatory,10.0,1200.0,198,1.9256685788277537,0.0,99.4731250000001,7.742728655210841,0,0.0,1.0,True,True,True,1.0,1464170591
ECIES,teaching_ablation,full_network,9,1028549564,ES+teacher full network,poisson_excitatory,10.0,1200.0,198,1.941332550952211,0.0,261.32687499999963,15.868971940945503,0,0.0,1.0,True,True,True,1.0,1464170591
ECIES,teaching_weight_sweep,teacher_assisted_then_off,0,1139045564,ES+teacher training,poisson_excitatory,10.0,0.0,198,0.9972196780145168,0.00946969696969697,136.66000000000008,8.654473446101413,5,0.0031565656565656565,0.9747474747474747,False,False,False,,1474783719
ECIES,teaching_weight_sweep,teacher_assisted_then_off,0,1139045564,ES+teacher training,poisson_excitatory,10.0,300.0,198,1.0104835389647633,0.10164141414141414,150.0,9.221922724942825,92,0.05808080808080808,0.6363636363636364,False,False,False,,1474783719
ECIES,teaching_weight_sweep,teacher_assisted_then_off,0,1139045564,ES+teacher training,poisson_excitatory,10.0,600.0,198,1.0172816910780966,0.06060606060606061,153.24687499999987,9.396320839735335,41,0.025883838383838384,0.8131313131313131,False,False,False,,1474783719
ECIES,teaching_weight_sweep,teacher_assisted_then_off,0,1139045564,ES+teacher training,poisson_excitatory,10.0,900.0,198,1.004927742993459,0.025883838383838384,154.64874999999995,9.522580445390453,20,0.012626262626262626,0.9040404040404041,False,False,False,,1474783719
ECIES,teaching_weight_sweep,teacher_assisted_then_off,0,1139045564,ES+teacher training,poisson_excitatory,10.0,1200.0,198,1.0114066551905125,0.025252525252525252,156.55749999999998,9.631390557986581,24,0.015151515151515152,0.8787878787878788,False,False,False,,1474783719
ECIES,teaching_weight_sweep,teacher_assisted_then_off,1,887309358,ES+teacher training,poisson_excitatory,10.0,0.0,198,1.0205420348793268,0.008207070707070708,137.11000000000007,8.6782062115597,7,0.004419191919191919,0.9696969696969697,False,False,False,,1919744476
ECIES,teaching_weight_sweep,teacher_assisted_then_off,1,887309358,ES+teacher training,poisson_excitatory,10.0,300.0,198,1.0104445819742978,0.09532828282828283,149.4493750000001,9.192123522353512,92,0.05808080808080808,0.6363636363636364,False,False,False,,1919744476
ECIES,teaching_weight_sweep,teacher_assisted_then_off,1,887309358,ES+teacher training,poisson_excitatory,10.0,600.0,198,1.003437225939706,0.05555555555555555,153.15749999999997,9.388861079646649,43,0.027146464646464648,0.8131313131313131,False,False,False,,1919744476
ECIES,teaching_weight_sweep,teacher_assisted_then_off,1,887309358,ES+teacher training,poisson_excitatory,10.0,900.0,198,0.9981235659215599,0.021464646464646464,154.5299999999999,9.516027324132361,15,0.00946969696969697,0.9343434343434344,False,False,False,,1919744476
ECIES,teaching_weight_sweep,teacher_assisted_then_off,1,887309358,ES+teacher training,poisson_excitatory,10.0,1200.0,198,1.015192958060652,0.027777777777777776,156.71062499999996,9.644216085021895,22,0.013888888888888888,0.8888888888888888,False,False,False,,1919744476
ECIES,teaching_weight_sweep,teacher_assisted_then_off,2,770315753,ES+teacher training,poisson_excitatory,10.0,0.0,198,1.0076861081179231,0.006313131313131313,136.63062500000007,8.650117888566045,6,0.003787878787878788,0.9696969696969697,False,False,False,,1199656971
ECIES,teaching_weight_sweep,teacher_assisted_then_off,2,770315753,ES+teacher training,poisson_excitatory,10.0,300.0,198,1.0010232459753752,0.09659090909090909,149.49812500000002,9.19230813110201,86,0.054292929292929296,0.6565656565656566,False,False,False,,1199656971
ECIES,teaching_weight_sweep,teacher_assisted_then_off,2,770315753,ES+teacher training,poisson_excitatory,10.0,600.0,198,1.0076890881173313,0.05618686868686869,153.05812500000002,9.390442504766765,33,0.020833333333333332,0.8434343434343434,False,False,False,,1199656971
ECIES,teaching_weight_sweep,teacher_assisted_then_off,2,770315753,ES+teacher training,poisson_excitatory,10.0,900.0,198,0.9956647257786244,0.01893939393939394,154.27312499999994,9.500278096442356,13,0.008207070707070708,0.9393939393939394,False,False,False,,1199656971
ECIES,teaching_weight_sweep,teacher_assisted_then_off,2,770315753,ES+teacher training,poisson_excitatory,10.0,1200.0,198,1.0119435279630125,0.022095959595959596,156.15125,9.612171776880654,20,0.012626262626262626,0.9040404040404041,False,False,False,,1199656971
ECIES,teaching_weight_sweep,teacher_assisted_then_off,3,1525491027,ES+teacher training,poisson_excitatory,10.0,0.0,198,0.9990137179847807,0.004419191919191919,136.52937500000002,8.649429892413735,3,0.001893939393939394,0.9848484848484849,False,False,False,,1644879898
ECIES,teaching_weight_sweep,teacher_assisted_then_off,3,1525491027,ES+teacher training,poisson_excitatory,10.0,300.0,198,1.020433803088963,0.10101010101010101,150.03187500000007,9.219210533950413,92,0.05808080808080808,0.6363636363636364,False,False,False,,1644879898
ECIES,teaching_weight_sweep,teacher_assisted_then_off,3,1525491027,ES+teacher training,poisson_excitatory,10.0,600.0,198,1.0193741850089282,0.061237373737373736,153.0681249999999,9.389650404663001,43,0.027146464646464648,0.8080808080808081,False,False,False,,1644879898
ECIES,teaching_weight_sweep,teacher_assisted_then_off,3,1525491027,ES+teacher training,poisson_excitatory,10.0,900.0,198,1.0177197901066393,0.015151515151515152,153.78812500000004,9.477319836385748,13,0.008207070707070708,0.9343434343434344,False,False,False,,1644879898
ECIES,teaching_weight_sweep,teacher_assisted_then_off,3,1525491027,ES+teacher training,poisson_excitatory,10.0,1200.0,198,1.0143265100196004,0.020833333333333332,156.2706250000001,9.613569256407597,18,0.011363636363636364,0.9090909090909091,False,False,False,,1644879898
ECIES,teaching_weight_sweep,teacher_assisted_then_off,4,1149874357,ES+teacher training,poisson_excitatory,10.0,0.0,198,1.0097436010837555,0.007575757575757576,136.72500000000002,8.655693900338392,8,0.005050505050505051,0.9595959595959596,False,False,False,,744104817
ECIES,teaching_weight_sweep,teacher_assisted_then_off,4,1149874357,ES+teacher training,poisson_excitatory,10.0,300.0,198,0.9965618730057031,0.09532828282828283,149.433125,9.188351270487296,84,0.05303030303030303,0.6616161616161615,False,False,False,,744104817
ECIES,teaching_weight_sweep,teacher_assisted_then_off,4,1149874357,ES+teacher training,poisson_excitatory,10.0,600.0,198,1.0060170469805598,0.06439393939393939,153.0906249999999,9.385991533721134,47,0.029671717171717172,0.8080808080808081,False,False,False,,744104817
ECIES,teaching_weight_sweep,teacher_assisted_then_off,4,1149874357,ES+teacher training,poisson_excitatory,10.0,900.0,198,1.0089352640789002,0.017676767676767676,154.19312499999995,9.488498835249782,11,0.006944444444444444,0.9444444444444444,False,False,False,,744104817
ECIES,teaching_weight_sweep,teacher_assisted_then_off,4,1149874357,ES+teacher training,poisson_excitatory,10.0,1200.0,198,1.0108013530261815,0.020833333333333332,156.03812500000004,9.602421851916478,14,0.008838383838383838,0.9292929292929293,False,False,False,,744104817
ECIES,teaching_weight_sweep,teacher_assisted_then_off,5,864976967,ES+teacher training,poisson_excitatory,10.0,0.0,198,1.0177831021137536,0.005681818181818182,136.811875,8.6648112732361,4,0.0025252525252525255,0.9797979797979798,False,False,False,,164737908
ECIES,teaching_weight_sweep,teacher_assisted_then_off,5,864976967,ES+teacher training,poisson_excitatory,10.0,300.0,198,1.0033501330763102,0.10037878787878787,149.76375000000004,9.203161881026293,93,0.058712121212121215,0.6363636363636364,False,False,False,,164737908
ECIES,teaching_weight_sweep,teacher_assisted_then_off,5,864976967,ES+teacher training,poisson_excitatory,10.0,600.0,198,1.0051227409858257,0.05808080808080808,153.16312499999987,9.395809158628785,38,0.023989898989898988,0.8232323232323232,False,False,False,,164737908
ECIES,teaching_weight_sweep,teacher_assisted_then_off,5,864976967,ES+teacher training,poisson_excitatory,10.0,900.0,198,1.009987313998863,0.017676767676767676,154.20624999999995,9.488344228762937,10,0.006313131313131313,0.9545454545454546,False,False,False,,164737908
ECIES,teaching_weight_sweep,teacher_assisted_then_off,5,864976967,ES+teacher training,poisson_excitatory,10.0,1200.0,198,1.0149363479577005,0.020833333333333332,156.34687499999993,9.616938749434517,16,0.010101010101010102,0.9191919191919192,False,False,False,,164737908
ECIES,teaching_weight_sweep,teacher_assisted_then_off,6,713544146,ES+teacher training,poisson_excitatory,10.0,0.0,198,1.0090848160907626,0.008838383838383838,137.08562500000005,8.678711112489015,8,0.005050505050505051,0.9595959595959596,False,False,False,,1010566469
ECIES,teaching_weight_sweep,teacher_assisted_then_off,6,713544146,ES+teacher training,poisson_excitatory,10.0,300.0,198,1.01609848998487,0.09217171717171717,149.14437500000003,9.178999377862272,85,0.05366161616161616,0.6616161616161615,False,False,False,,1010566469
ECIES,teaching_weight_sweep,teacher_assisted_then_off,6,713544146,ES+teacher training,poisson_excitatory,10.0,600.0,198,1.0168861818965524,0.05997474747474747,153.4143749999998,9.409592793672186,39,0.02462121212121212,0.8232323232323232,False,False,False,,1010566469
ECIES,teaching_weight_sweep,teacher_assisted_then_off,6,713544146,ES+teacher training,poisson_excitatory,10.0,900.0,198,1.0093346028588712,0.022727272727272728,154.71374999999992,9.51957333102709,15,0.00946969696969697,0.9292929292929293,False,False,False,,1010566469
ECIES,teaching_weight_sweep,teacher_assisted_then_off,6,713544146,ES+teacher training,poisson_excitatory,10.0,1200.0,198,1.0038638939149678,0.027777777777777776,156.91249999999997,9.654149734820074,20,0.012626262626262626,0.898989898989899,False,False,False,,1010566469
ECIES,teaching_weight_sweep,teacher_assisted_then_off,7,1568727388,ES+teacher training,poisson_excitatory,10.0,0.0,198,1.01030384702608,0.004419191919191919,136.48000000000008,8.640514884159543,4,0.0025252525252525255,0.9797979797979798,False,False,False,,431461694
ECIES,teaching_weight_sweep,teacher_assisted_then_off,7,1568727388,ES+teacher training,poisson_excitatory,10.0,300.0,198,1.0106492252089083,0.10164141414141414,150.26124999999996,9.223128670681874,88,0.05555555555555555,0.6414141414141414,False,False,False,,431461694
ECIES,teaching_weight_sweep,teacher_assisted_then_off,7,1568727388,ES+teacher training,poisson_excitatory,10.0,600.0,198,1.0067790881730616,0.06060606060606061,153.16562499999995,9.388397194887832,41,0.025883838383838384,0.8131313131313131,False,False,False,,431461694
ECIES,teaching_weight_sweep,teacher_assisted_then_off,7,1568727388,ES+teacher training,poisson_excitatory,10.0,900.0,198,1.0092673969920725,0.025252525252525252,154.72999999999996,9.515482004331195,18,0.011363636363636364,0.9141414141414141,False,False,False,,431461694
ECIES,teaching_weight_sweep,teacher_assisted_then_off,7,1568727388,ES+teacher training,poisson_excitatory,10.0,1200.0,198,1.010052619036287,0.019570707070707072,156.25000000000006,9.618987518375256,18,0.011363636363636364,0.9141414141414141,False,False,False,,431461694
ECIES,teaching_weight_sweep,teacher_assisted_then_off,8,1296039114,ES+teacher training,poisson_excitatory,10.0,0.0,198,1.0013656460214406,0.008207070707070708,137.14875,8.668578108671603,6,0.003787878787878788,0.9696969696969697,False,False,False,,2079128118
ECIES,teaching_weight_sweep,teacher_assisted_then_off,8,1296039114,ES+teacher training,poisson_excitatory,10.0,300.0,198,1.003341066185385,0.0946969696969697,149.73312499999997,9.198624975352796,85,0.05366161616161616,0.6717171717171717,False,False,False,,2079128118
ECIES,teaching_weight_sweep,teacher_assisted_then_off,8,1296039114,ES+teacher training,poisson_excitatory,10.0,600.0,198,1.0026878949720412,0.056818181818181816,153.20687499999994,9.396210788211505,36,0.022727272727272728,0.8333333333333334,False,False,False,,2079128118
ECIES,teaching_weight_sweep,teacher_assisted_then_off,8,1296039114,ES+teacher training,poisson_excitatory,10.0,900.0,198,1.0197967390995473,0.01452020202020202,154.50749999999996,9.501906669673327,9,0.005681818181818182,0.9545454545454546,False,False,False,,2079128118
ECIES,teaching_weight_sweep,teacher_assisted_then_off,8,1296039114,ES+teacher training,poisson_excitatory,10.0,1200.0,198,1.009255891898647,0.022095959595959596,156.63249999999994,9.629469658241366,22,0.013888888888888888,0.8888888888888888,False,False,False,,2079128118
ECIES,teaching_weight_sweep,teacher_assisted_then_off,9,976800864,ES+teacher training,poisson_excitatory,10.0,0.0,198,1.0023087481968105,0.007575757575757576,137.24375000000012,8.675380295445724,5,0.0031565656565656565,0.9747474747474747,False,False,False,,1583835695
ECIES,teaching_weight_sweep,teacher_assisted_then_off,9,976800864,ES+teacher training,poisson_excitatory,10.0,300.0,198,1.0184689911548048,0.0946969696969697,149.81062499999996,9.209647804894239,81,0.05113636363636364,0.6818181818181819,False,False,False,,1583835695
ECIES,teaching_weight_sweep,teacher_assisted_then_off,9,976800864,ES+teacher training,poisson_excitatory,10.0,600.0,198,1.0045486520975828,0.06186868686868687,153.90999999999997,9.43006095369956,39,0.02462121212121212,0.8232323232323232,False,False,False,,1583835695
ECIES,teaching_weight_sweep,teacher_assisted_then_off,9,976800864,ES+teacher training,poisson_excitatory,10.0,900.0,198,1.0077917240560055,0.020202020202020204,154.78062499999987,9.52335615041134,12,0.007575757575757576,0.9393939393939394,False,False,False,,1583835695
ECIES,teaching_weight_sweep,teacher_assisted_then_off,9,976800864,ES+teacher training,poisson_excitatory,10.0,1200.0,198,1.01009675511159,0.023989898989898988,156.9875,9.65632220637917,19,0.011994949494949494,0.9090909090909091,False,False,False,,1583835695
